Year,ATS Total Power (kWh),CAV Total Power (kWh),ECAV Power (kWh),ICECAV Power (kWh),STI Power (kWh),ECAV Sensing Power (kWh),ECAV Computing Power (kWh),ECAV Communication Power (kWh),ICECAV Sensing Power (kWh),ICECAV Computing Power (kWh),ICECAV Communication Power (kWh),STI Sensing Power (kWh),STI Computing Power (kWh),STI Communication Power (kWh),Electricity Consumption (kWh),Gasoline Consumption (kWh),Clean Electricity (kWh),Fossil Electricity (kWh),ATS Emissions (kg CO2),CAV Emissions (kg CO2),ECAV Emissions (kg CO2),ICECAV Emissions (kg CO2),STI Emissions (kg CO2),ECAV Sensing Emissions (kg CO2),ECAV Computing Emissions (kg CO2),ECAV Communication Emissions (kg CO2),ICECAV Sensing Emissions (kg CO2),ICECAV Computing Emissions (kg CO2),ICECAV Communication Emissions (kg CO2),STI Sensing Emissions (kg CO2),STI Computing Emissions (kg CO2),STI Communication Emissions (kg CO2),Total Vehicles,Total EV,Total ICEV,Total CAV,Total ECAV,Total ICECAV,Total Infra,Total STI,Incremented Car Number,EV Fraction,Clean Energy Fraction,Cumulative New Cars,shock_active
2024,5538685.230402772,5538685.230402772,118976.05372358748,5419709.176679185,0.0,54604.0259216,44261.83238223748,20110.195419749998,2487373.98080512,2016256.6468708653,916078.5490031999,0.0,0.0,0.0,118976.05372358748,5419709.176679185,53717.68825619975,65258.36546738773,8976760.854902035,8976760.854902035,34240.71338137986,8942520.141520655,0.0,15714.765640106869,12738.334050446034,5787.61369082695,4104167.0683284476,3326823.4673369275,1511529.6058552798,0.0,0.0,0.0,23906850.0,801650.0,23105200.0,1002.0,34.0,968.0,275700,0.0,0.0,0.033532230302193725,0.4515,0.0,0
2025,124001967.70448913,115532538.7914483,2629234.354798126,112903304.43665019,8469428.913040843,629204.5855205717,1768299.1054618647,231730.66381568974,27018997.65698894,75933441.18400052,9950865.595660709,1542701.2705502117,6128212.085505925,798515.5569847059,11098663.267838968,112903304.43665019,5261598.788700759,5837064.479138209,189366832.52370292,187019235.98779893,728783.6673261299,186290452.3204728,2347596.5359039977,174405.91573637328,490145.5454726706,64232.206117086,44581346.13403175,125290177.95360085,16418928.23284017,427613.26600214274,1698646.9348679383,221336.33503391643,24002477.4,809832.0467155236,23192645.35328448,10912.670984121207,392.0,10520.670984121207,275700,162.17647058823528,2087787.4272693545,0.03587948642334729,0.474075,2087787.4272693545,0
2026,325138108.74650264,309225437.66270214,7530062.931102754,301695374.7315994,15912671.083800508,1889360.1606126768,4944867.593377594,695835.1771124834,75698068.77769612,198118355.08308554,27878950.870817743,3084495.069764806,11231614.61509981,1596561.3989358912,23442734.014903262,301695374.7315994,11669294.83452103,11773439.180382233,504034166.7423657,499800696.2754555,2003327.968316514,497797368.307139,4233470.466910233,502652.9109530369,1315552.2922017034,185122.7651617738,124901813.48319858,326895285.8870911,46000268.936849274,820611.3677843196,2988103.5382644306,424755.5608614827,24098487.3096,823269.9062750925,23275217.40332491,30650.148108794245,1177.0,29473.148108794245,275700,324.25754325259516,2088172.519984793,0.0383910504729816,0.49777875000000005,4175951.3368693534,0
2027,590151619.1676787,567646639.2925202,14803820.982355015,552842818.310165,22504979.875158597,3971468.47837132,9369694.653112099,1462657.8508715965,148312913.8774214,349907527.584013,54622376.84873072,4626288.335486735,15484084.574925214,2394606.9647466466,37308800.857513614,552842818.310165,19500104.66759466,17808696.189918954,921680001.4467596,915955945.6298144,3765295.4180421145,912190650.2117723,5724055.816945203,1010127.8637680035,2383146.107202138,372021.44707197294,244716307.8977453,577347420.5136214,90126921.80040568,1176678.7975153418,3938317.8688822333,609059.1505476271,24194881.2588384,842331.7025617822,23352549.55627662,60218.092476596845,2474.0,57744.092476596845,275700,486.33855983353885,2088560.2497881055,0.04107842400609032,0.5226676875,6264499.286107753,0
2028,905099902.4887168,876711666.2050061,24489662.206168856,852222003.9988375,28388236.283710822,7029535.130744743,14871209.448869511,2588917.6265546023,244622586.70086813,517507012.212263,90092405.0857063,6168080.533596437,19027503.772162333,3192651.9779520533,52877898.48987968,852222003.9988375,29019447.369743418,23858451.120136265,1418966115.5792422,1412094359.8529232,5928053.254841419,1406166306.5980818,6871755.726319016,1701593.8505406003,3599776.952194664,626682.4521061551,403627268.05643237,853886570.1502339,148652468.3914154,1493067.1389211665,4605864.087405068,772824.4999927816,24291660.783873755,867411.0399050972,23424249.743968662,99620.2114776654,4379.0,95241.2114776654,275700,648.4194641817473,2088951.097249221,0.04395391368651664,0.548801071875,8353432.81114311,0
2029,1259786888.4179664,1226106222.0043387,36687419.51972804,1189418802.4846106,33680666.41362761,11238353.332670704,21310076.837797575,4138989.3492597644,364351293.65411437,690880045.6690207,134187463.16147558,7709871.662212108,21980098.313837424,3990696.4375780746,70368085.93335566,1189418802.4846106,40548985.03531858,29819100.898037076,1978667044.0996854,1970948557.899613,8407533.80000565,1962541024.0996072,7718486.200072442,2575456.021103539,4883559.368304919,948518.4105971926,601179634.5292886,1139952075.353884,221409314.2164347,1766845.622895272,5037105.959487369,914534.6176898003,24388827.427009247,898928.6372514319,23489898.78975782,148860.2726267684,7001.0,141859.2726267684,275700,810.5002560993962,2089345.7462981567,0.047030687644572806,0.5762411254687501,10442753.454278603,0
2030,1646886324.9211538,1608405541.4029782,51559008.58765158,1556846532.8153267,38480783.51817556,16796667.819012363,28576271.76475381,6186069.0038854,507182639.33304334,862872868.1257191,186791025.35656437,9251661.719447521,24440381.45607965,4788740.342648383,90039792.10582714,1556846532.8153267,51884631.14003411,38155160.96579303,2589430898.562386,2580612385.504912,11815606.35962318,2568796779.145289,8818513.057474358,3849236.448474544,6548729.070768283,1417640.8403803518,836851354.8995215,1423740232.4074364,308205191.8383312,2120172.517738583,5600920.85698548,1097419.682750295,24486382.736717287,937334.0120040245,23549048.724713273,207942.12464824584,10464.0,197478.12464824584,275700,972.5809353881959,2089745.17136899,0.050322835779692904,0.5762411254687501,12532462.763986645,1
2031,2061254299.433444,2018383624.5414426,69324472.26531175,1949059152.276131,42870674.89200119,23928708.22704269,36583025.59149359,8812738.44677546,672756189.0925415,1028532616.5076413,247770346.67594814,10793450.703412024,26490440.496404808,5586783.692184361,112195147.15731294,1949059152.276131,64651457.870062046,47543689.2872509,3241658989.635343,3231834459.7855473,15886858.52993139,3215947601.2556157,9824529.849795919,5483662.406432068,8383610.190996449,2019585.932502871,1110047712.0026934,1697078817.2376082,408821072.0153144,2473499.166623972,6070726.062671111,1280304.620500836,24584328.267664157,983107.1898867714,23601221.077777397,276869.7295005337,14908.0,261961.72950053372,275700,1134.6615018493915,2090150.761891082,0.05384543428427141,0.5762411254687501,14622562.294933515,1
2032,2499388985.231822,2452470244.520063,90259324.90380812,2362210919.616255,46918740.71175922,32885684.297911048,45262124.530274026,12111516.075623034,860663678.0229318,1184572174.9458053,316975066.6475178,12335238.61221051,28198675.614343625,6384826.485205082,137178065.61556733,2362210919.616255,79047642.91994056,58130422.695626765,3929084658.002232,3918332446.3844132,20684429.017592672,3897648017.3668203,10752211.61781893,7536302.79508554,10372570.402334055,2775555.820173075,1420095068.7378373,1954544088.6605787,523008859.96840435,2826825.5691171447,6462196.617985155,1463189.4307166287,24682665.58073481,1036760.4043045592,23645905.176430266,355647.2108651939,20490.0,335157.2108651939,275700,1296.7419552837598,2090564.5001338162,0.05761461468417041,0.5762411254687501,16713053.60800417,1
2033,2958997109.4891505,2908315133.2827287,114709627.4392866,2793605505.843442,50681976.20642145,43953642.343411095,54568234.796933904,16187750.298941601,1070434452.5695227,1328939205.6787622,394231847.59515697,13877025.443943424,29622082.041750703,7182868.720727323,165391603.64570805,2793605505.843442,95305443.82788424,70086159.81782381,4647351327.865427,4635736708.096995,26287623.455317,4609449084.641679,11614619.768431433,10072709.895469032,12505220.712379696,3709692.8474682746,1766216846.7397125,2192749689.3699574,650482548.532009,3180151.7247827854,6788393.930476296,1646074.1131723505,24781396.24305775,1098839.730293334,23682556.51276443,444278.92735180026,27389.0,416889.92735180026,275700,1458.82229549161,2090989.2152703106,0.061647637712062345,0.5762411254687501,18803938.270327106,1
2034,3438674576.3034043,3384466703.0015926,143071170.99572033,3241395532.0058727,54207873.301811725,57448391.940507665,64465027.97413362,21157751.08107903,1301540762.271764,1460508446.1931243,479346323.540984,15418811.196706727,30808151.707339466,7980910.397765535,197279044.29753205,3241395532.0058727,113680298.51740927,83598745.78012279,5393512409.655273,5381089771.787098,32787143.9774084,5348302627.8096895,12422637.868175266,13165256.73701487,14773235.858667878,4848651.381725652,2147542257.7484107,2409838936.218655,790921433.8426235,3533477.633184552,7060201.567348568,1828958.6676421463,24880521.82802998,1169926.5720357324,23710595.255994264,542769.5827186357,35803.0,506966.5827186357,275700,1620.9025222727803,2091428.9463256188,0.0659629723519067,0.5762411254687501,20895217.855299335,1
2035,3937630933.50642,3880094928.3187385,175816562.5646511,3704278365.7540874,57536005.187681764,73727949.41063616,74935240.3848686,27153372.769146353,1553373834.4634283,1578810242.5684664,572094288.7221928,16960595.868591897,31796457.803758018,8778951.515331853,233352567.7523329,3704278365.7540874,134467346.27262706,98885221.47970584,6165535934.622275,6152350599.849068,40291296.354823865,6112059303.494244,13185334.773207858,16895988.728280697,17172659.581809733,6222648.044733436,2563066826.8646564,2605036900.2379694,943955576.391618,3886803.2938850755,7286688.385423153,2011843.093899631,24980043.9153421,1250638.885930811,23729405.02941131,651124.3914124309,45957.0,605167.3914124309,275700,1782.9826354266374,2091889.460674107,0.07058038041654018,0.5762411254687501,22986893.94261146,1
2036,4455493774.555626,4394794427.879263,213482845.9461034,4181311581.93316,60699346.67636328,93190327.00360686,85971319.07412566,34321199.8683709,1825241704.538144,1683848978.8985975,672220898.4964182,18502379.457685925,32619975.146241277,9576992.072436081,274182192.6224667,4181311581.93316,157995055.2602598,116187137.36220686,6961997530.528625,6948087263.317125,48923153.127412125,6899164110.1897135,13910267.211499097,21356117.011584572,19701760.99624845,7865275.119579107,3011648812.4879375,2778350815.182686,1109164482.51909,4240128.7064459575,7475411.113335256,2194727.391717884,25079964.09100347,1341631.9689803745,23738332.122023117,769349.3266201402,58102.0,711247.3266201402,275700,1945.0626347520756,2092378.9947499186,0.07552100704569799,0.5762411254687501,25078968.11827283,1
2037,4910634621.153497,4846909246.746771,252442515.5237626,4594466731.223008,63725374.40672568,115808988.45569165,93982067.76813942,42651459.29993156,2107729530.1558642,1710478454.0606325,776258747.0065113,20044161.962071277,33306180.37656871,10375032.068085695,316167889.9304883,4594466731.223008,182188940.73062447,133978949.19986382,7653325249.339814,7638721517.426905,57851410.908940874,7580870106.517963,14603731.912909769,26539560.35970636,21537557.606911,9774292.94232352,3477753724.757176,2822289449.200043,1280826932.5607436,4593453.870427763,7632666.481612553,2377611.5608694525,25180283.947367486,1443538.6585037287,23736745.288863778,903278.3400149561,72992.0,830286.3400149561,275700,2107.142520047515,2188107.28363337,0.08080747753889685,0.5762411254687501,27257164.730922077,1
2038,5304318562.155036,5237681578.553323,292530148.43458116,4945151430.118741,66636983.60171406,141208994.98037133,99315089.13655236,52006064.31765745,2387103918.0393233,1678897569.034064,879149943.0453541,21585943.3798259,33877968.72060233,11173071.50128582,359167132.0362952,4945151430.118741,206966872.39597788,152200259.6403173,8241808995.68796,8226538019.988495,67038160.2925733,8159499859.695922,15270975.699464684,32360395.299099542,22759708.36044038,11918056.633033372,3938721464.7648835,2770180988.9062057,1450597406.0248342,4946778.785390022,7763701.312948317,2560495.6011263435,25281005.083156954,1552632.0250613927,23728373.05809558,1047554.36259645,90576.0,956978.36259645,275700,2269.2222911108993,2188893.655774262,0.08646400096661963,0.5762411254687501,29426320.909571666,1
2039,5655779108.02656,5586325856.059502,334626633.05377364,5251699223.005728,69453251.96705773,169675314.660472,102461352.16574043,62489966.227561265,2662919296.1531487,1608049540.606843,980730386.2457359,23127723.7090232,34354417.8869953,11971110.371039232,404079885.02083135,5251699223.005728,232847447.72368696,171232437.29714438,8757905360.039732,8741988989.494255,76685271.53480609,8665303717.95945,15916370.545476714,38883927.016655095,23480726.985023193,14320617.533127813,4393816838.652695,2653281742.001291,1618205137.305464,5300103.450891223,7872887.582325463,2743379.5122600277,25382129.10348958,1669419.1448060237,23712709.958683576,1202185.093796988,111222.0,1090963.093796988,275700,2431.301947739695,2189684.2701207325,0.092516481034283,0.5762411254687501,31586437.235324595,1
2040,5979430132.98582,5907240056.76721,379575127.917047,5527664928.8501625,72190076.21860947,201519855.56684166,103837234.24752635,74218038.10267898,2934687117.6638894,1512157662.1961608,1080820148.9901123,24669502.947732028,34751424.594531074,12769148.676346356,451765204.1356565,5527664928.8501625,260325689.6787503,191439514.45690617,9224176660.521584,9207633101.073185,86985968.47041745,9120647132.602768,16543559.44839814,46181634.446636535,23796033.301435467,17008300.722345445,4842233744.145417,2495060142.6236653,1783353245.8336852,5653427.866488811,7963868.2878678925,2926263.2940414343,25483657.619903542,1794442.9168099721,23689214.70309359,1367178.3296099587,135341.0,1231837.3296099587,275700,2593.381489730891,2190479.6136631817,0.09899263470668282,0.5762411254687501,33737514.72998671,1
2041,6285927187.719552,6211066485.243519,428187965.1492808,5782878520.094238,74860702.47603284,237080137.13295054,103793242.55462404,87314585.46170622,3201878016.5602207,1401776233.226939,1179224270.3070788,26211281.094016686,35082234.9658109,13567186.416205253,503048667.6253136,5782878520.094238,289877330.39796585,213171337.2273477,9657031546.681107,9639875968.70373,98126410.5482365,9541749558.155493,17155577.977376327,54330865.79402007,23785951.871620085,20009592.882596362,5283098727.324364,2312930784.824449,1945720046.00668,6006752.031739188,8039678.999396186,3109146.9462409536,25585592.250383157,1928284.6107640709,23657307.639619105,1542541.9880315936,163389.0,1379152.9880315936,275700,2755.460916880996,2191280.376777772,0.10592211913615063,0.5762411254687501,35879555.045615375,1
2042,6582994734.49012,6505518566.270709,481276039.41614777,6024242526.854561,77476168.21941005,276730840.0278599,102627599.39992476,101917599.9883631,3463903370.320342,1284613190.9746532,1275725965.5595658,27753058.145936888,35357886.48386154,14365223.589611616,558752207.6355579,6024242526.854561,321976000.9860626,236776206.6494953,10068047552.664352,10050292597.109375,110292427.79935123,9940000169.310024,17754955.55497827,63417485.38043364,23518825.310249105,23356117.108668488,5715440561.028564,2119611765.1081777,2104947843.1732833,6360075.946197706,8102849.140152131,3292030.468628431,25687934.619384687,2071566.6043244204,23616368.015060283,1728284.1466714814,195878.0,1532406.1466714814,275700,2917.5402289860376,2192087.54037052,0.11333666747568118,0.5762411254687501,38012560.73396441,1
2043,6876099536.272042,6796053865.7174015,539640199.7455921,6256413665.971809,80045670.55464041,320875655.1504021,100588787.00947869,118175757.5857113,3720128402.048371,1166193812.073895,1370091451.8495433,29294834.101547744,35587576.257533915,15163260.195558755,619685870.3002325,6256413665.971809,357088483.3388879,262597386.96134466,10465093896.834326,10446750096.982979,123667548.12949294,10323082548.853485,18343799.85134602,73534005.70528765,23051597.461876504,27081944.962328795,6138211863.379811,1924219789.9219265,2260650895.5517464,6713399.609418661,8155486.380954191,3474913.8609731677,25790686.357862227,2224955.3286260236,23565731.02923622,1924413.0983321464,233374.0,1691039.0983321464,275700,3079.6194258415603,2192902.500368621,0.12127023419897887,0.5762411254687501,40136535.62948075,1
2044,7168961577.65092,7086384704.576124,604098062.3611641,6482286642.214958,82576873.07479595,369959071.92955214,97886230.52532136,136252759.90629065,3969853405.5244327,1050370203.325878,1462063033.3646483,30836608.95889976,35778967.8828586,15961296.233037593,686674935.43596,6482286642.214958,395690337.6267989,290984597.8091611,10853135968.688065,10834212101.581472,138439141.9267925,10695772959.65468,18923867.10659202,84782288.93132816,22432261.589132473,31224591.4063319,6550258119.115314,1733110835.4876986,2412404005.0516696,7066723.020955294,8199346.962592809,3657797.1230439157,25893849.103293676,2389164.444495476,23504684.658798218,2130937.4330949932,276509.0,1854428.4330949932,275700,3241.6985072426223,2193727.2455652654,0.1297591505929074,0.5762411254687501,42251485.393681355,1
2045,7463968787.351455,7378892625.7956,675483352.8550243,6703409272.940576,85076161.55585532,424463300.10669565,94693852.07745485,156326200.67087388,4212318793.5452576,939729518.7564923,1551360960.6388252,32378382.71603885,35938447.13877979,16759331.70103668,760559514.4108796,6703409272.940576,460178954.09859586,300380560.31228375,11224620949.131048,11206276401.405819,145651101.05386993,11060625300.35195,18344547.72522982,91524901.03004557,20418362.288010012,33707837.73581437,6950326009.349674,1550553705.9482121,2559745585.0540614,6981588.921476812,7749227.828939594,3613730.974813413,25997424.49970685,2564958.277621296,23432466.222085573,2347866.1594673526,325983.0,2021883.1594673526,275700,3403.777472983801,2194564.611683484,0.13884229113441093,0.6050531817421876,44357418.28887823,0
2046,7762489260.5198965,7674940403.501799,754666545.0043079,6920273858.497492,87548857.01809807,484918319.6127478,91156958.43936318,178591266.95219693,4446689193.971722,835907091.2630243,1637677573.2627454,33920155.371006265,36071335.04854965,17557366.59854215,842215402.0224059,6920273858.497492,535064364.1412289,307151037.88117695,11588079316.385687,11570446428.980755,151994562.45989385,11418451866.52086,17632887.40493149,97665582.64207384,18359581.599163964,35969398.218656056,7337037170.05334,1379246700.58399,2702167995.8835297,6831731.455855493,7264992.4981333865,3536163.450942609,26101414.19770568,2753155.549256455,23348258.648449242,2575208.883038282,382576.0,2192632.883038282,275700,3565.856322859183,2195418.644324448,0.14856125151381971,0.635305840829297,46454346.277835846,0
2047,8065123984.742081,7975124591.480133,842555878.7910018,7132568712.689132,89999393.26194774,551900492.2120407,87395158.72367539,203260227.85528582,4672055922.175559,739834580.0487993,1720678210.4647732,35461926.92183862,36182065.41557138,18355400.924537733,932555272.0529495,7132568712.689132,622080701.7929626,310474570.259987,11942638082.12085,11925855304.183712,157116928.246645,11768738375.937067,16782777.937137388,102916509.41726634,16297149.21934327,37903269.61003541,7708892271.589672,1220727057.0805187,2839119047.2668757,6612818.411119714,6747107.36559216,3422852.160425512,26205819.8544965,2954633.451271107,23251186.403225414,2812976.0697287736,447152.0,2365824.0697287736,275700,3727.935056662367,2196295.11746493,0.1589605391197871,0.6670711328707618,48542286.58660698,0
2048,8371896188.4335375,8279464723.631794,940109926.4996822,7339354797.1321125,92431464.80174297,626038585.6418418,83506687.70135692,230564653.15648347,4887427700.958126,651929302.8375167,1799997793.3364692,37003697.36656787,36274332.75717034,19153434.67800476,1032541391.3014251,7339354797.1321125,723217483.412964,309323907.8884612,12286293893.714603,12270506562.930235,160571147.66225103,12109935415.267984,15787330.784368487,106927638.29400639,14262975.32205091,39380534.046193704,8064255706.580908,1075683349.6819024,2969996359.005174,6320246.161020009,6195670.396958836,3271414.226389643,26310643.133914486,3170332.1325872666,23140311.00132724,3061179.433375681,520669.0,2540510.433375681,275700,3890.0136741864626,2197202.274167903,0.17008777685817222,0.7004246895142999,50621263.92556717,0
2049,8696310320.642815,8601462170.509573,1050046964.6070492,7551415205.902525,94848150.13324362,709590288.0555632,79120646.4711616,261336030.08032447,5103020218.899226,568996314.452235,1879398672.551063,38545466.703221306,36351215.57210017,19951467.85792213,1144895114.7402928,7551415205.902525,842008445.5318289,302886669.20846397,12636538677.709352,12621899774.78707,162064685.04790395,12459835089.739166,14638902.922282914,109518460.05270027,12211513.468765544,40334711.52643815,8419983361.1837225,938843918.8461877,3101007809.709254,5949123.355277487,5610461.723495874,3079317.843509551,26415885.706450146,3410892.4355077315,23004993.27094243,3331034.3013763735,606228.0,2724806.3013763735,275700,4052.0921752240874,2293349.85616903,0.1819939212382443,0.735445923990015,52780684.768341385,0
2050,9023958533.587162,8926706519.139473,1172044518.4452858,7754662000.694187,97252014.44768912,801956487.6814011,74734319.87514865,295353710.8887361,5306028400.254364,494468752.1360514,1954164848.3037722,40087234.929821506,36415279.05460128,20749500.463266324,1269296532.8929749,7754662000.694187,980173909.523336,289122623.36963874,12969158830.115929,12955829718.320204,160637417.17479548,12795192301.145409,13329111.795723965,109914100.39492014,10242894.301475542,40480422.47839982,8754946860.4197,815873441.0244848,3224371999.701224,5494253.656292651,4990984.797053727,2843873.342377587,26521549.249275945,3668459.076763211,22853090.17251275,3611827.265982949,703344.0,2908483.265982949,275700,4214.1705595673675,2294557.1986000612,0.1947334957249214,0.7722182201895157,54930965.94435995,0
2051,9353832165.686022,9254186970.46656,1307303279.0853102,7946883691.38125,99645195.21946207,903975821.1081892,70400899.71718413,332926558.25993675,5495121770.974197,427955602.0179986,2023806318.3890548,41629002.04438637,36468660.6820643,21547532.493011378,1406948474.3047724,7946883691.38125,1140794809.0622852,266153665.24248722,13279658767.672174,13267809926.78438,155451836.00531778,13112358090.779062,11848840.887794381,107492043.61669205,8371392.69253555,39588399.696090154,9066950922.107426,706126743.3296976,3339280425.3419404,4950117.468837691,4336499.686322513,2562223.7326341756,26627635.446273047,3944235.0405504825,22683400.40572258,3903570.441512353,813367.0,3090203.441512353,275700,4376.248827007932,2295770.467117835,0.20836484042566591,0.8108291311989915,57072105.68027724,0
2052,9684735488.580372,9582706015.057384,1457116990.8364022,8125589024.220983,102029473.52298674,1016563189.2296743,66162279.24379185,374391522.3629361,5668847968.130742,368952866.119697,2087788189.9705439,43170768.04492907,36513141.531928755,22345563.9461289,1559146464.3593888,8125589024.220983,1327411441.7639277,231735022.59546116,13562911744.515268,13552723507.389515,145501617.4248953,13407221889.96462,10188237.12575312,101509754.65780859,6606688.895284547,37385173.871802166,9353599147.415724,608772229.0975,3444850513.4513974,4310852.605188934,3646049.8254914926,2231334.6950726914,26734145.988058142,4239508.518625945,22494637.469432212,4206276.090994302,937791.0,3268485.090994302,275700,4538.3269773369175,2296990.1554482765,0.22295037925546254,0.851370587758941,59204102.599912554,0
2053,10015332663.663816,9910926330.205465,1622881205.6666822,8288045124.538784,104406333.45835012,1140714901.2858305,62050769.01692229,420115535.3639296,5825624539.293943,316892925.88320917,2145527659.361631,44712532.92945803,36550205.70730406,23143594.821588032,1727287539.1250324,8288045124.538784,1544089897.7842524,183197641.34077996,13813195973.09291,13804859271.975197,129584816.48620401,13675274455.488993,8336701.117713537,91084504.91019042,4954667.962022839,33545643.613990765,9612280489.835007,522873327.7072951,3540120637.946691,3570233.824919404,2918483.301535495,1847983.9912586384,26841082.572010376,4555658.984512698,22285423.587497693,4519956.66322686,1078267.0,3441689.6632268596,275700,4700.405010344959,2298216.960730005,0.23855690580334493,0.8939391171468881,61326955.90222092,0
2054,10344179019.246208,10237402007.57783,1806105318.7088795,8431296688.86895,106777011.66837963,1277516274.8422208,58090733.4330072,470498310.4336515,5963726825.052097,271180314.5554153,2196389549.261438,46254296.695976995,36581089.85404716,23941625.11835549,1912882330.377259,8431296688.86895,1795500358.7044954,117381971.67276359,14024195533.231283,14017912662.209274,106273125.57550828,13911639536.633766,6282871.022008376,75170393.49516833,3418119.4999816264,27684612.580358323,9840149261.33596,447447519.01643515,3624042756.2813725,2721651.185154784,2152469.579419213,1408750.2574343795,26948446.902298417,4894163.719811721,22054283.18248671,4844624.846921564,1236619.0,3608005.846921564,275700,4862.482925822198,2299451.8706585616,0.2552558892095791,0.9386360730042326,63440665.614239596,0
2055,10669741880.15536,10560599341.556046,2008424385.640195,8552174955.915852,109142538.5993137,1428149287.1697457,54299938.78539776,525975159.68505156,6081275777.354681,231217356.20642662,2239681822.3547435,47796059.34248485,36606824.42143337,24739654.83539549,2117566924.2395089,8552174955.915852,2087005937.1964152,30560987.04309374,14188979348.898594,14184964748.208338,73876070.94718307,14111088677.261154,4014600.6902562277,52531755.14919399,1997319.968239217,19346995.829749882,10034105032.635223,381508637.7406039,3695475006.8853264,1758087.1334898002,1346512.4091524389,910001.147613989,27056240.68990761,5256604.836180674,21799635.85372695,5180293.649847146,1414861.0,3765432.649847146,275700,5024.560723558272,2300696.2879778147,0.27312380145424964,0.9855678766544442,65545232.95055675,0
2056,10990411723.713886,10878907950.832159,2231613557.7612944,8647294393.070866,111503772.8817274,1593902252.0530887,50690747.649178326,587020558.0590276,6176222562.972974,196421919.19959503,2274649910.898297,49337820.86697579,36628268.04308181,25537683.9716698,2343117330.6430216,8647294393.070866,2343117330.6430216,0.0,14338329268.486217,14334984155.299767,66948406.73283883,14268035748.566927,3345113.1864518216,47817067.56159266,1520722.4294753498,17610616.741770826,10190767228.905407,324096166.6793318,3753172352.9821897,1480134.6260092738,1098848.0412924543,766130.519150094,27164465.65266724,5644676.845720566,21519788.806946687,5526976.514521521,1615217.0,3911759.5145215206,275700,5186.638403342317,2301952.2083248943,0.2922424675560471,1.0,67640660.8241188,0
2057,11304510730.498112,11190649300.51928,2477596609.2597833,8713052691.259497,113861429.97883111,1776175428.1237364,47270972.310569376,654150208.8254777,6246339713.383023,166239520.57801414,2300473457.298459,50879581.26743921,36646136.18525419,26335712.526137717,2591458039.2386146,8713052691.259497,2591458039.2386146,0.0,14454280681.755327,14450864838.855963,74327898.2777935,14376536940.578169,3415842.8993649334,53285262.84371209,1418129.169317081,19624506.26476433,10306460527.081987,274295208.9537233,3795781204.542457,1526387.4380231763,1099384.0855576256,790071.3757841315,27273123.51527791,6060194.84555548,21212928.669722445,5884687.487310158,1840138.0,4044549.487310158,275700,5348.715964962969,2303222.474294156,0.31269944028497043,1.0,69726954.57204059,0
2058,11610289396.245321,11494073290.187326,2748466679.076167,8745606611.111158,116216106.05799282,1976495453.513817,44044865.8195775,727926359.7427727,6289198205.194089,140150532.88791424,2316257873.0291553,52421340.541859664,36661025.018377125,27133740.497756034,2864682785.13416,8745606611.111158,2864682785.13416,0.0,14516191391.887436,14512704908.705696,82454000.37228501,14430250908.33341,3486483.1817397843,59294863.60541451,1321345.974587325,21837790.79228318,10377177038.570246,231248379.2650585,3821825490.498106,1572640.2162557899,1099830.7505513136,814012.214932681,27382216.009339023,6505103.401278767,20877112.60806027,6253441.465526204,2092329.0,4161112.4655262036,275700,5510.793408208356,2304511.1383855604,0.3345884011049184,1.0,71804122.98685522,0
2059,11905926724.21738,11787358426.335424,3046495387.4595814,8740863038.875843,118568297.88195673,2196521593.436236,41013690.03530157,808960103.9880438,6302157715.121174,117674574.13300754,2321030749.621662,53963098.68821694,36673431.30826072,27931767.885479067,3165063685.3415384,8740863038.875843,3165063685.3415384,0.0,14517375924.705385,14513818875.768927,91394861.62378743,14422424014.14514,3557048.9364587017,65895647.80308708,1230410.7010590471,24268803.11964131,10398560229.949936,194163047.31946242,3829700736.8757424,1618892.960646508,1100202.9392478215,837953.036564372,27491744.87337638,6981486.241684628,20510258.631691765,6633254.55840041,2374769.0,4258485.55840041,275700,5672.870732866101,2305823.981502287,0.3580095891822627,1.0,73872179.78166702,0
2060,12189521036.066214,12068602616.682783,3374153536.9706097,8694449079.712172,120918419.38342826,2438060372.824546,38176394.912842385,897916769.2332214,6282343566.327085,98372145.18539627,2313733368.1996913,55504855.704485945,36683768.9906837,28729794.688258614,3495071956.354038,8694449079.712172,3495071956.354038,0.0,14450693140.215702,14447065587.6342,101224606.10911828,14345840981.525082,3627552.581502848,73141811.18473637,1145291.8473852715,26937503.076996643,10365866884.43969,162314039.55590382,3817660057.5294905,1665145.6711345783,1100513.0697205109,861893.8406477585,27601711.85286988,7491576.918408364,20110134.934461527,7024144.614206514,2690741.0,4333403.614206514,275700,5834.947938723319,2307169.2536614016,0.3830702604250211,1.0,75931145.67168152,0
2061,12474305768.129555,12351038952.653519,3738737251.9026976,8612301700.75082,123266815.47603646,2706616226.5025897,35297433.685746804,996823591.7143613,6234777669.633007,81308775.57902484,2296215255.538787,57046611.58863679,36692382.982355684,29527820.905043982,3862004067.378734,8612301700.75082,3862004067.378734,0.0,14326157928.260214,14322459923.795933,112162117.55708092,14210297806.238852,3698004.464281094,81198486.79507768,1058923.0105724041,29904707.75143084,10287383154.89446,134159479.70539097,3788755171.638998,1711398.3476591038,1100771.4894706705,885834.6271513194,27712118.700281363,8059465.431202705,19652653.269078672,7442708.731813879,3050656.0,4392052.731813879,275700,5997.025025566614,2403756.7035805136,0.40988517865477264,1.0,78065047.50726135,0
2062,12742709138.629372,12617095365.066895,4139248217.2960415,8477847147.770855,125613773.56247598,3001292915.5849533,32604807.390684936,1105350494.3204029,6147131374.6529455,66779897.901678964,2263935875.2162304,58588366.33863474,36699560.68905929,30325846.534781966,4264861990.8585176,8477847147.770855,4264861990.8585176,0.0,14116393653.547667,14112625240.340792,124177446.51888125,13988447793.82191,3768413.2068742793,90038787.4675486,978144.221720548,33160514.829612084,10142766768.177359,110186831.53777029,3735494194.10678,1757650.990159042,1100986.8206717786,909775.396043459,27822967.175082486,8667594.230350327,19155372.944732174,7872877.562445152,3452864.0,4420013.562445152,275700,6159.101993182086,2405405.6734011844,0.43857714116060675,1.0,80189660.21605596,0
2063,12992456964.38398,12864497431.260183,4578933932.036958,8285563499.223225,127959533.12379777,3324468229.0526977,30092506.601436596,1224373196.3828235,6015612590.573623,54452276.009599455,2215498632.6400027,60130119.95244009,36705541.594940856,31123871.576416817,4706893465.160756,8285563499.223225,4706893465.160756,0.0,13812386577.673143,13808547791.67943,137368017.9611087,13671179773.71832,3838785.993713933,99734046.87158093,902775.1980430979,36731195.8914847,9925760774.446476,89846255.41583909,3655572743.856004,1803903.5985732027,1101166.2478482258,933716.1472925044,27934259.04378282,9318816.677402563,18615442.36638027,8314668.034999528,3901887.0,4412781.034999528,275700,6321.178841355311,2407062.335818168,0.46927754104184927,1.0,82304979.37634473,0
2064,13221141548.796814,13090837255.087017,5061324149.856894,8029513105.2301235,130304293.70979515,3678726849.4947596,27753685.983945712,1354843614.3781886,5836098335.929596,44029700.27770985,2149385069.0228176,61671872.42800838,36710525.252896495,31921896.028890286,5191628443.566689,8029513105.2301235,5191628443.566689,0.0,13404445476.936705,13400536348.12541,151839724.4957068,13248696623.629704,3909128.8112938544,110361805.48484278,832610.5795183714,40645308.43134566,9629562254.283833,72649005.45822124,3546485363.887649,1850156.1728402514,1101315.7575868948,957656.8808667086,28045996.07995795,10016188.734771777,18029807.345186193,8768097.281229842,4402698.0,4365399.281229842,275700,6483.255569871366,2408727.1916234083,0.5021269689147787,1.0,84411000.91848618,0
2065,13426203287.970612,13293555066.373528,5590257635.124105,7703297431.249422,132648221.59708415,4066879711.1077332,25580932.702578098,1497796991.3137946,5604103795.670786,35250170.213731036,2063943465.364905,63213623.76329012,36714677.94265247,32719919.89114155,5722905856.72119,7703297431.249422,5722905856.72119,0.0,12882127937.263182,12878148490.615269,167707729.05372316,12710440761.561546,3979446.647912524,122006391.33323199,767427.9810773429,44933909.739413835,9246771262.856796,58162780.85265621,3405506717.852093,1896408.7128987035,1101440.3382795742,981597.5967342465,28158180.064277783,10762983.440590957,17395196.623686846,9233182.684421413,4960766.0,4272416.684421413,275700,6645.332178514798,2410400.945049837,0.5372758567388133,1.0,86507721.29130346,0
2066,13604913041.496386,13469921586.15936,6169907349.301268,7300014236.858095,134991455.33702493,4491982263.077245,23566463.24930075,1654358622.9747224,5314753142.264205,27882998.47837608,1957378096.1155133,64755373.956231005,36718138.21868663,33517943.162107274,6304898804.638293,7300014236.858095,6304898804.638293,0.0,12234170454.955006,12230120711.294895,185097220.47903803,12045023490.815857,4049743.6601107474,134759467.89231732,706993.8974790225,49630758.68924167,8769342684.735937,46006947.48932053,3229673858.5905967,1942661.2186869301,1101544.1465605989,1005538.2948632182,28270812.784534894,11562706.460819835,16708106.32371508,9709941.950081347,5582102.0,4127839.9500813466,275700,6807.408667069647,2412084.5909156725,0.5748851667105302,1.0,88595137.69852442,0
2067,13754353951.264032,13617019840.88544,6804806492.322216,6812213348.563224,137334110.3785906,4957353383.22345,21702285.441161357,1825750823.657605,4962749334.436294,21725907.818747744,1827738106.3081827,66297123.004771724,36721021.53309734,34315965.840721555,6942140602.700807,6812213348.563224,6942140602.700807,0.0,11448416243.210342,11444296219.898985,204144194.76966646,11240152025.129318,4120023.3113577184,148720601.49670348,651068.5632348406,54772524.709728144,8188536401.819884,35847747.90093377,3015767875.408501,1988913.6901431517,1101630.6459929203,1029478.9752216466,28383896.03567303,12419112.821095092,15964783.214577958,10198393.208656006,6273308.0,3925085.2086560056,275700,6969.48503531943,2413779.5391159505,0.6151271283802674,1.0,90673248.43471478,0
2068,13871395827.018255,13731719544.097828,7499887039.403563,6231832504.694265,139676282.92042577,5466603421.941212,19980362.94857495,2013303254.5137756,4542329333.24758,16602153.42235614,1672901018.0243297,67838870.90684809,36723424.08766172,35113987.92591594,7639563322.323988,6231832504.694265,7639563322.323988,0.0,10511710532.415257,10507520243.927643,224996611.18210688,10282523632.745537,4190288.487612773,163998102.65823635,599410.8884572485,60399097.63541327,7494843399.858506,27393553.14688763,2760286679.740144,2035166.1272054426,1101702.7226298517,1053419.6377774782,28497431.619815726,13336224.941815587,15161206.67800016,10698555.164838696,7041640.0,3656915.164838696,275700,7131.561283047147,2415487.7924675904,0.6581860273668861,1.0,92742053.362508,0
2069,13952679409.687267,13810661356.566648,8260502052.536409,5550159304.030239,142018053.12061742,6023650455.715086,18392687.241584938,2218458909.579739,4047238219.709372,12357886.187880823,1490563198.1329856,69380617.66039088,36725426.043607146,35912009.41661939,8402520105.657026,5550159304.030239,8402520105.657026,0.0,9409838454.819605,9405577913.225986,247815061.57609227,9157762851.649895,4260541.593618522,180709513.67145258,551780.6172475481,66553767.28739217,6677943062.520464,20390512.210003357,2459429276.919426,2081418.5298117264,1101762.7813082144,1077360.2824985816,28611421.346294984,14318352.129682949,14293069.216612056,11210447.314629056,7895059.0,3315388.3146290556,275700,7293.637410035274,2417212.200773414,0.7042590492825682,1.0,94801554.59049278,0
2070,13994585928.838678,13850226441.067404,9092472844.651323,4757753596.416082,144359487.77127427,6632754668.346639,16931398.21574847,2442786778.088936,3470674360.7197347,8859572.322035264,1278219663.374312,70922363.26332596,36727094.19619001,36710030.3117583,9236832332.422598,4757753596.416082,9236832332.422598,0.0,8127398404.059214,8123067619.426075,272774185.3395397,7850293434.086535,4330784.633138228,198982640.05039915,507941.9464724541,73283603.34266807,5726612695.187562,14618294.331358185,2109062444.5676146,2127670.8978997786,1101812.8258857,1101300.9093527491,28725867.031680167,15370111.72183392,13355755.309846267,11734090.260887245,8842308.0,2891782.2608872447,275700,7455.713416065763,2418956.823770743,0.7535571827323481,1.0,96851757.43604748,0
2071,13993215611.09406,13846514968.566912,10002121661.798794,3844393306.768118,146700642.5271496,7298542201.47457,15588831.91003972,2687990628.414184,2805251499.3571286,5991688.871790041,1033150118.5391992,72464107.71357416,36728484.203318946,37508050.610256486,10148822304.325943,3844393306.768118,10148822304.325943,0.0,6647713625.297173,6643312606.0213585,300063649.8539638,6343248956.167395,4401019.275814488,218956266.0442371,467664.9573011916,80639718.85242552,4628664973.939262,9886286.638453567,1704697695.5896785,2173923.2314072247,1101854.5260995682,1125241.5183076945,28840770.499806892,16496452.141592348,12344318.358214565,12269506.172033377,9892979.0,2376527.172033377,275700,7617.789300920045,2420727.4496290125,0.8063061855236124,1.0,98892671.79280227,0
2072,13944359866.017267,13795318302.2546,10996315434.472754,2799002867.781847,149041563.7626671,8026037088.873737,14357576.402318094,2955920769.1966977,2042948018.59312,3654578.4598450074,752400270.7288817,74005851.00905131,36729642.44258059,38306070.31103518,11145356998.23542,2799002867.781847,11145356998.23542,0.0,4952715441.787109,4948244194.874229,329889463.0341826,4618354731.840047,4471246.912880013,240781112.6662121,430727.2920695428,88677623.07590093,3370864230.678648,6030054.458744262,1241460446.7026548,2220175.530271539,1101889.2732774175,1149182.1093310553,28956133.581806116,17702678.218102988,11253455.363703148,12816719.448724188,11057594.0,1759125.448724188,275700,7779.865064379023,2422532.3356606252,0.8627476185102654,1.0,100924314.0726568,0
2073,13855725539.473715,13704343249.354404,12093330702.847511,1611012546.5068946,151382290.11930865,8828666553.424429,13141817.716344614,3251522331.706737,1176110447.64893,1750686.700393686,433151412.15757084,75547593.14766824,36730607.55862744,39104089.41301298,12244712992.966822,1611012546.5068946,12244712992.966822,0.0,3025512091.5253806,3020970622.821801,362799921.0854253,2658170701.736376,4541468.703579259,264859996.60273287,394254.5314903384,97545669.95120211,1940582238.6207345,2888633.055649582,714699830.0599918,2266427.7944300473,1101918.2267588233,1173122.6823903895,29071958.116133343,19043340.074746694,10028618.04138667,13397709.381323539,12367961.0,1029748.3813235387,275700,7941.940706223071,2519581.237907741,0.923139951805984,1.0,103025331.19295716,0
2074,13709270801.090857,13555547947.295864,13292005952.29689,263541994.99897337,153722853.7949932,9705521128.893045,12024456.089731844,3574460367.3141146,192432384.54698142,238410.1510365246,70871200.30095543,77089334.12733075,36731411.75255653,39902107.91510592,13445728806.091883,263541994.99897337,13445728806.091883,0.0,838216155.9310625,833604470.3172127,398760178.56890666,434844291.74830604,4611685.613849795,291165633.86679137,360733.6826919553,107233811.01942344,317513434.5025193,393376.7492102656,116937480.49657646,2312680.0238199225,1101942.3525766958,1197063.2374531773,29188245.94859787,20479211.47415244,8709034.474445453,13991051.102133445,13819797.0,171254.10213344544,275700,8104.016226232034,2521693.5058657117,0.9877597484324029,1.0,105116855.8681916,0
2075,13971237864.065113,13815174582.446648,13815174582.446648,0.0,156063281.61846572,10089055372.080624,10406463.75404734,3715712746.6119757,0.0,0.0,0.0,78631073.94593956,36732081.856298774,40700125.816227384,13971237864.065113,0.0,13971237864.065113,0.0,419137135.9219534,414455237.4733994,414455237.4733994,0.0,4681898.448553971,302671661.1624187,312193.91262142017,111471382.39835927,0.0,0.0,0.0,2358932.2183781867,1101962.4556889632,1221003.7744868214,29304998.93239227,21873446.499677803,7431552.432714485,14596766.778840462,14596766.778840462,0.0,275700,8266.091624185226,2523815.3196125664,1.0,1.0,107198880.71524979,0
2076,14305558974.932024,14149426942.960163,14149426788.381796,154.5783652499605,156132031.97186035,10334449132.45829,8888487.560726965,3806089168.362779,112.90084584670103,0.09710413695415268,41.58041526630533,78676364.90374948,36732098.25932727,40723568.80878359,14305558820.353657,154.5783652499605,14305558820.353657,0.0,429167019.6649123,424483058.7057565,424482803.65145385,255.05430266243482,4683960.95915581,310033473.9737487,266654.6268218089,114182675.05088337,186.28639564705668,0.16022182597435192,68.6076851894038,2360290.9471124844,1101962.947779818,1221707.0642635077,29422218.928121835,23189906.80335831,6232312.124763546,15202994.103805175,15202994.0,0.1038051750510931,275700,8270.852836110951,2525947.187352974,1.0,1.0,109271398.65637244,0
2077,14615544204.52568,14459410111.3859,14459410111.3859,0.0,156134093.1397797,10561949094.008942,7585560.227744164,3889875457.1492133,0.0,0.0,0.0,78677722.80197875,36732098.66911725,40724271.66868366,14615544204.52568,0.0,14615544204.52568,0.0,438466326.1357704,433782303.341577,433782303.341577,0.0,4684022.794193391,316858472.8202682,227566.80683232492,116696263.71447639,0.0,0.0,0.0,2360331.6840593624,1101962.9600735174,1221728.1500605098,29539907.803834323,24422946.39128494,5116961.412549404,15809735.660788134,15809735.660788134,0.0,275700,8270.995585161882,2528089.820762325,1.0,1.0,111334403.0739432,0
2078,14901196304.188028,14745062149.216393,14745061755.320635,393.8957561391527,156134154.97163427,10771530965.987537,6468122.435320755,3967062666.897778,287.74788502279125,0.17278774546616898,105.97508337089529,78677763.53817907,36732098.67936094,40724292.75409424,14901195910.29227,393.8957561391527,14901195910.29227,0.0,447036527.2367657,442352502.5876167,442351852.65961903,649.9279976296019,4684024.649149028,323145928.9796261,194043.67305962264,119011880.00693333,474.78401028760555,0.2850997800191788,174.8588875619772,2360332.906145372,1101962.9603808282,1221728.7826228272,29658067.43504966,25566518.961247493,4091548.4738021893,16416994.274099575,16416994.0,0.274099575355649,275700,8270.999867554927,2530244.22213101,1.0,1.0,113387888.03041428,0
2079,15162458208.61133,15006324051.784792,15006323899.154488,152.6303039943101,156134156.8265376,10963171253.447962,5510501.085625749,4037642144.6208987,111.50713341924634,0.056047667737427885,41.067122907326336,78677764.76026441,36732098.67961701,40724293.38665621,15162458055.981026,152.6303039943101,15162458055.981026,0.0,454873993.5194323,450189968.8146362,450189716.9746346,251.84000159061168,4684024.704796128,328895137.60343885,165315.03256877247,121129264.33862695,183.98677014175647,0.092478651766756,67.76075279708846,2360332.9428079324,1101962.9603885103,1221728.8015996863,29776699.70478986,26614149.4936642,3162550.211125679,17024773.10822505,17024773.0,0.10822505131363869,275700,8270.999996026649,2532411.8088561483,1.0,1.0,115431848.58069576,0
2080,15399274895.285763,15243140738.40358,15243140738.40358,0.0,156134156.88218343,11136845443.222595,4690432.852253353,4101604862.3287315,0.0,0.0,0.0,78677764.79692696,36732098.67962341,40724293.40563306,15399274895.285763,0.0,15399274895.285763,0.0,461978246.85857284,457294222.15210736,457294222.15210736,0.0,4684024.706465503,334105363.2966778,140712.98556760058,123048145.86986195,0.0,0.0,0.0,2360332.9439078085,1101962.9603887023,1221728.8021689919,29895806.50360902,27558903.770673502,2336902.7329355413,17633075.81013387,17633075.81013387,0.0,275700,8270.9999998808,2534594.5912867524,1.0,1.0,117466281.21579982,0
2081,15611593791.65617,15455459634.772318,15455459634.772318,0.0,156134156.88385275,11292529153.866491,3988640.362049627,4158941840.543777,0.0,0.0,0.0,78677764.79802682,36732098.679623574,40724293.40620236,15611593791.65617,0.0,15611593791.65617,0.0,468347813.7496851,463663789.0431695,463663789.0431695,0.0,4684024.706515582,338775874.61599475,119659.21086148881,124768255.2163133,0.0,0.0,0.0,2360332.9439408043,1101962.9603887072,1221728.8021860707,30015389.72962345,28393355.63103044,1622034.0985930362,18241906.712562952,18241906.712562952,0.0,275700,8270.999999996424,2536795.426787846,1.0,1.0,119491184.49279732,0
2082,15799364625.017931,15643230468.13403,15643230302.954823,165.1792074982038,156134156.88390282,11430197817.520395,3388454.3006950365,4209644031.1337323,120.69316761826938,0.03577919554933391,44.45026068438508,78677764.7980598,36732098.679623574,40724293.40621944,15799364459.838724,165.1792074982038,15799364459.838724,0.0,473981206.34085417,469297181.63433707,469296909.0886447,272.5456923720362,4684024.7065170845,342905934.5256118,101653.62902085109,126289320.93401197,199.14372657014448,0.05903567265640095,73.34293012923537,2360332.943941794,1101962.9603887072,1221728.8021865832,30135451.288541947,29109551.72444781,1025899.5640941632,18851271.124408368,18851271.0,0.12440836802124977,275700,8270.999999999893,2539018.3826892376,1.0,1.0,121506559.92922837,0
2083,15962538821.888165,15806404665.004261,15806404665.004261,0.0,156134156.8839043,11549826818.006756,2875478.8264212087,4253702368.171084,0.0,0.0,0.0,78677764.79806079,36732098.679623574,40724293.406219944,15962538821.888165,0.0,15962538821.888165,0.0,478876164.65664494,474192139.95012784,474192139.95012784,0.0,4684024.706517129,346494804.5402027,86264.36479263626,127611071.04513252,0.0,0.0,0.0,2360332.9439418237,1101962.9603887072,1221728.8021865983,30255993.093696114,29698973.463128317,557019.6305678225,19461175.745556332,19461175.745556332,0.0,275700,8270.999999999996,2541269.2547831796,1.0,1.0,123512413.27286541,0
2084,16101069735.680288,15944935578.796385,15944935248.980099,329.8162860442808,156134156.88390437,11651390536.596355,2437295.8866265644,4291107416.497115,241.0055791400904,0.05041474705076609,88.76029215713965,78677764.79806082,36732098.679623574,40724293.40621997,16101069405.864002,329.8162860442808,16101069405.864002,0.0,483032626.3727921,478348601.66627496,478348057.46940297,544.1968719730633,4684024.706517131,349541716.0978907,73118.87659879692,128733222.49491344,397.65920558114914,0.08318433263376404,146.4544820592804,2360332.9439418246,1101962.9603887072,1221728.802186599,30377017.066070903,30152495.767808415,224521.2982625125,20071629.25948483,20071629.0,0.25948483124375343,275700,8271.0,2543556.3080354147,1.0,1.0,125508756.30421002,0
2085,16216864646.74356,16060730489.859657,16060730489.859657,0.0,156134156.88390437,11736302357.95046,2048418.323039684,4322379713.586156,0.0,0.0,0.0,78677764.79806082,36732098.679623574,40724293.40621997,16216864646.74356,0.0,16216864646.74356,0.0,486505939.40230685,481821914.6957897,481821914.6957897,0.0,4684024.706517131,352089070.7385138,61452.549691190514,129671391.40758467,0.0,0.0,0.0,2360332.9439418246,1101962.9603887072,1221728.802186599,30498525.134335183,30467658.97144702,30866.162888184917,20705490.692966115,20705490.692966115,0.0,275700,8271.0,2641089.3061720207,1.0,1.0,127568855.67778268,0
2086,16306944275.740574,16150810118.85667,16150810118.85667,0.0,156134156.88390437,11802378536.709398,1716577.435505037,4346715004.711768,0.0,0.0,0.0,78677764.79806082,36732098.679623574,40724293.40621997,16306944275.740574,0.0,16306944275.740574,0.0,489208328.2722173,484524303.5657001,484524303.5657001,0.0,4684024.706517131,354071356.10128194,51497.323065151104,130401450.14135304,0.0,0.0,0.0,2360332.9439418246,1101962.9603887072,1221728.802186599,30620519.234872527,30620519.23487254,1.2674718163907528e-08,21339975.71850285,21339975.71850285,0.0,275700,8271.0,2643687.6064030565,1.0,1.0,129619201.56337583,0
2087,16371257666.656952,16215123509.773048,16215123399.178194,110.59485470523907,156134156.88390437,11849588000.343838,1433552.7070250907,4364101846.127331,80.81982671074766,0.009777511366566424,29.76525048312484,78677764.79806082,36732098.679623574,40724293.40621997,16371257556.062098,110.59485470523907,16371257556.062098,0.0,491137909.16337323,486453884.4568561,486453701.9753458,182.48151026364445,4684024.706517131,355487640.0103151,43006.581210752716,130923055.38381992,133.35271407273365,0.0161328937548346,49.11266329715598,2360332.9439418246,1101962.9603887072,1221728.802186599,30743001.311812013,30743001.311812025,1.2674718163907528e-08,21975087.09367534,21975087.0,0.09367534145712852,275700,8271.0,2646297.3965520523,1.0,1.0,131659783.28322087,0
2088,16435876356.474108,16279742199.590204,16279742199.590204,0.0,156134156.88390437,11896986403.05966,1197524.3410070862,4381558272.189537,0.0,0.0,0.0,78677764.79806082,36732098.679623574,40724293.40621997,16435876356.474108,0.0,16435876356.474108,0.0,493076290.6942233,488392265.9877061,488392265.9877061,0.0,4684024.706517131,356909592.0917898,35925.73023021258,131446748.1656861,0.0,0.0,0.0,2360332.9439418246,1101962.9603887072,1221728.802186599,30865973.317059264,30865973.317059275,1.2674718163907528e-08,22610827.699899394,22610827.699899394,0.0,275700,8271.0,2648919.192600224,1.0,1.0,133702475.15085638,0
2089,16500793698.703262,16344659541.819359,16344659541.819359,0.0,156134156.88390437,11944574348.671896,1000687.8691681704,4399084505.278295,0.0,0.0,0.0,78677764.79806082,36732098.679623574,40724293.40621997,16500793698.703262,0.0,16500793698.703262,0.0,495023810.9610979,490339786.25458074,490339786.25458074,0.0,4684024.706517131,358337230.46015686,30020.63607504511,131972535.15834883,0.0,0.0,0.0,2360332.9439418246,1101962.9603887072,1221728.802186599,30989437.2103275,30989437.21032751,1.2674718163907528e-08,23247200.59126673,23247200.59126673,0.0,275700,8271.0,2651553.71403056,1.0,1.0,135747287.30790398,0
2090,16566004207.70126,16409870050.817356,16409869980.132591,70.6847645958866,156134156.88390437,11992352613.781267,836534.9423214484,4416680831.409001,51.65651053191009,0.0036033360133757375,19.024650727963138,78677764.79806082,36732098.679623574,40724293.40621997,16566004137.016495,70.6847645958866,16566004137.016495,0.0,496980240.74035645,492296216.0338393,492296099.4039777,116.62986158321289,4684024.706517131,359770578.413438,25096.04826964345,132500424.94227004,85.23324237765164,0.0059455044220699665,31.390673701139175,2360332.9439418246,1101962.9603887072,1221728.802186599,31113394.959168814,31113394.959168825,1.2674718163907528e-08,23884209.064300086,23884209.0,0.06430008634924889,275700,8271.0,2654201.9709723257,1.0,1.0,137794230.66556486,0
2091,16631503418.253426,16475369261.369522,16475369261.369522,0.0,156134156.88390437,12040322056.650848,699638.0460674119,4434347566.672605,0.0,0.0,0.0,78677764.79806082,36732098.679623574,40724293.40621997,16631503418.253426,0.0,16631503418.253426,0.0,498945102.54760283,494261077.8410857,494261077.8410857,0.0,4684024.706517131,361209661.6995254,20989.141382022357,133030427.00017813,0.0,0.0,0.0,2360332.9439418246,1101962.9603887072,1221728.802186599,31237848.539005484,31237848.539005496,1.2674718163907528e-08,24521856.757586364,24521856.757586364,0.0,275700,8271.0,2656865.3886928186,1.0,1.0,139843317.2201322,0
2092,16697287929.673824,16541153772.78992,16541153772.78992,0.0,156134156.88390437,12088483344.877455,585470.9731708567,4452084956.939295,0.0,0.0,0.0,78677764.79806082,36732098.679623574,40724293.40621997,16697287929.673824,0.0,16697287929.673824,0.0,500918637.89021474,496234613.1836976,496234613.1836976,0.0,4684024.706517131,362654500.3463236,17564.1291951257,133562548.70817883,0.0,0.0,0.0,2360332.9439418246,1101962.9603887072,1221728.802186599,31362799.93316151,31362799.93316152,1.2674718163907528e-08,25160147.79409263,25160147.79409263,0.0,275700,8271.0,2659545.9854427762,1.0,1.0,141894560.50366616,0
