deployment_scale_basis,quantity,unit,value,ci95_lo,ci95_hi,threshold,threshold_rule,verdict,note
"the national delivered bundle, real capacity","National direct CO2 2050 (ruling-D6 asymptotic continuation on both axes over the ruling-D5 statutory-targets-honoured floors, the delivered v3.3 central)",kg,1972226476.4302285,,,,,QUOTE_EXACT,summed over the 51 delivered entries of expert_central_v33_annual.csv in this run
"the national delivered bundle, real capacity","National direct CO2 2075 (ruling-D6 asymptotic continuation on both axes over the ruling-D5 statutory-targets-honoured floors, the delivered v3.3 central)",kg,4547815870.400438,,,,,QUOTE_EXACT,summed over the 51 delivered entries of expert_central_v33_annual.csv in this run
"the national delivered bundle, real capacity","National cumulative direct CO2 2025-2075 (ruling-D6 asymptotic continuation on both axes over the ruling-D5 statutory-targets-honoured floors, the delivered v3.3 central)",kg,109312994827.1168,,,,,QUOTE_EXACT,"summed over 51 entries x 51 years of expert_central_v33_annual.csv in this run.  The scenario-family path through the annual national series gives 109312994827.11678, which is the same quantity reached by a different order of summation and differs in the last place only; both are registered and neither is a correction of the other"
the registered statute and vehicle-rule layer,"Summation conventions in play, and they differ in the last place",conventions,2.0,,,,,EXACT_COUNT,the delivered row-order sum 109312994827.1168 and the scenario-family sum 109312994827.11678; worst relative deviation 3.3306690738754696e-16
the registered statute and vehicle-rule layer,Delivered entries,entries,51.0,,,,,EXACT_COUNT,50 states and the District of Columbia
the registered statute and vehicle-rule layer,Delivered entry-years,entry-years,2601.0,,,,,EXACT_COUNT,51 entries x 51 years
"the national delivered bundle, real capacity","Gasoline share of cumulative direct CO2 (ruling-D6 asymptotic continuation on both axes over the ruling-D5 statutory-targets-honoured floors, the delivered v3.3 central)",share,0.9503479064191938,,,,,QUOTE_EXACT,"gasoline tailpipe over the delivered bundle total, cumulative 2025-2075"
"the national delivered bundle, real capacity","Electricity share of cumulative direct CO2 (ruling-D6 asymptotic continuation on both axes over the ruling-D5 statutory-targets-honoured floors, the delivered v3.3 central)",share,0.04965209358080628,,,,,QUOTE_EXACT,the two shares are measured separately and sum to one by construction
"the national delivered bundle, real capacity","National direct CO2 2050, ASYMPTOTIC continuation, electricity axis only",kg,1972226476.4302278,,,,,QUOTE_EXACT,the delivered central; 0.0 per cent against the delivered asymptotic central
"the national delivered bundle, real capacity","National direct CO2 2075, ASYMPTOTIC continuation, electricity axis only",kg,4547815870.400437,,,,,QUOTE_EXACT,the delivered central; 0.0 per cent against the delivered asymptotic central
"the national delivered bundle, real capacity","National cumulative direct CO2 2025-2075, ASYMPTOTIC continuation, electricity axis only",kg,109312994827.11678,,,,,QUOTE_EXACT,the delivered central; 0.0 per cent against the delivered asymptotic central
"the national delivered bundle, real capacity","National direct CO2 2050, TREND continuation, electricity axis only",kg,1972226476.4302278,,,,,QUOTE_EXACT,a named bound; 0.0 per cent against the delivered asymptotic central
"the national delivered bundle, real capacity","National direct CO2 2075, TREND continuation, electricity axis only",kg,4549616109.606667,,,,,QUOTE_EXACT,a named bound; 0.039584698623040815 per cent against the delivered asymptotic central
"the national delivered bundle, real capacity","National cumulative direct CO2 2025-2075, TREND continuation, electricity axis only",kg,109379841095.13187,,,,,QUOTE_EXACT,a named bound; 0.06115125481724881 per cent against the delivered asymptotic central
"the national delivered bundle, real capacity","National direct CO2 2050, FROZEN continuation, electricity axis only",kg,1972226476.4302278,,,,,QUOTE_EXACT,a named bound; 0.0 per cent against the delivered asymptotic central
"the national delivered bundle, real capacity","National direct CO2 2075, FROZEN continuation, electricity axis only",kg,4584812844.919732,,,,,QUOTE_EXACT,a named bound; 0.8135108274741398 per cent against the delivered asymptotic central
"the national delivered bundle, real capacity","National cumulative direct CO2 2025-2075, FROZEN continuation, electricity axis only",kg,109685162309.71599,,,,,QUOTE_EXACT,a named bound; 0.34046042118580644 per cent against the delivered asymptotic central
"the national delivered bundle, real capacity","National direct CO2 2050, ASYMPTOTIC continuation, both axes",kg,1972226476.4302282,,,,,QUOTE_EXACT,the delivered central; 0.0 per cent against the delivered asymptotic central
"the national delivered bundle, real capacity","National direct CO2 2075, ASYMPTOTIC continuation, both axes",kg,4547815870.400437,,,,,QUOTE_EXACT,the delivered central; 0.0 per cent against the delivered asymptotic central
"the national delivered bundle, real capacity","National cumulative direct CO2 2025-2075, ASYMPTOTIC continuation, both axes",kg,109312994827.11678,,,,,QUOTE_EXACT,the delivered central; 0.0 per cent against the delivered asymptotic central; entries with a turning point by 2075 under this rule 9
"the national delivered bundle, real capacity","National direct CO2 2050, TREND continuation, both axes",kg,1972226476.4302282,,,,,QUOTE_EXACT,a named bound; 0.0 per cent against the delivered asymptotic central
"the national delivered bundle, real capacity","National direct CO2 2075, TREND continuation, both axes",kg,4489465498.250201,,,,,QUOTE_EXACT,a named bound; -1.283041658084949 per cent against the delivered asymptotic central
"the national delivered bundle, real capacity","National cumulative direct CO2 2025-2075, TREND continuation, both axes",kg,108920109215.64423,,,,,QUOTE_EXACT,a named bound; -0.35941345500040134 per cent against the delivered asymptotic central; entries with a turning point by 2075 under this rule 9
"the national delivered bundle, real capacity","National direct CO2 2050, FROZEN continuation, both axes",kg,1972226476.4302282,,,,,QUOTE_EXACT,a named bound; 0.0 per cent against the delivered asymptotic central
"the national delivered bundle, real capacity","National direct CO2 2075, FROZEN continuation, both axes",kg,5242196801.221212,,,,,QUOTE_EXACT,a named bound; 15.268448648947498 per cent against the delivered asymptotic central
"the national delivered bundle, real capacity","National cumulative direct CO2 2025-2075, FROZEN continuation, both axes",kg,116653583730.78363,,,,,QUOTE_EXACT,a named bound; 6.7152024471347715 per cent against the delivered asymptotic central; entries with a turning point by 2075 under this rule 9
"the national delivered bundle, real capacity","National cumulative direct CO2 2025-2075, TREND continuation, vehicle axis only",kg,108853903587.582,,,,,QUOTE_EXACT,a named bound; the electricity axis held at the delivered asymptotic rule; 2075 4487795357.5322695 kg
"the national delivered bundle, real capacity","National cumulative direct CO2 2025-2075, FROZEN continuation, vehicle axis only",kg,116394875649.58467,,,,,QUOTE_EXACT,a named bound; the electricity axis held at the delivered asymptotic rule; 2075 5219267165.091344 kg
"the national delivered bundle, real capacity","National direct CO2 2050 (the enforceable-standard reading, a registered bound)",kg,2016530319.5260427,,,,,QUOTE_EXACT,"measured in this run from expert_central_v32_final/expert_central_v32_annual.csv, read-only.  That product is on the FROZEN continuation and not on the asymptotic one; a bound is quoted whole or not at all"
"the national delivered bundle, real capacity","National direct CO2 2075 (the enforceable-standard reading, a registered bound)",kg,4653723113.229595,,,,,QUOTE_EXACT,measured in this run from the read-only v3.2 root FROZEN product
"the national delivered bundle, real capacity","National cumulative direct CO2 2025-2075 (the enforceable-standard reading, a registered bound)",kg,111772894550.79356,,,,,QUOTE_EXACT,measured in this run from the read-only v3.2 root FROZEN product
"the national delivered bundle, real capacity","National cumulative direct CO2 2025-2075, grid TREND (the enforceable-standard reading, a registered bound)",kg,111252128643.32004,,,,,QUOTE_EXACT,"measured in this run from expert_central_v32_final/tails/expert_central_v32_annual_grid_tail_TREND.csv, read-only"
"the national delivered bundle, real capacity","The delivered central against the enforceable-standard reading, cumulative",%,-2.2008016644490604,,,,,QUOTE_EXACT,"the delivered v3.3 central against the read-only v3.2 root bound; the two differ in the floor reading AND in the continuation rule, so this figure is not a single-cause attribution"
"the national delivered bundle, real capacity","The delivered central against the enforceable-standard reading, at 2050",%,-2.19703332336839,,,,,QUOTE_EXACT,"at 2050 no continuation rule applies, so this figure is the floor reading alone"
"the national delivered bundle, real capacity","The delivered central against the enforceable-standard reading, at 2075",%,-2.275752988571322,,,,,QUOTE_EXACT,both causes are inside this figure
the turning census,"Entries with a turning point by 2075 (the enforceable-standard reading, a registered bound)",entries,7.0,,,,,EXACT_COUNT,"6 states and the District of Columbia: DC 2035; NM 2060; NY 2036; OR 2039; RI 2035; VT 2034; WA 2041.  On the FROZEN continuation, which is that product's own central"
the turning census,Entries that turn on the delivered central and do not turn under the enforceable-standard reading,entries,2.0,,,,,EXACT_COUNT,"2 states and no District of Columbia entry: CA, CO"
the turning census,Entries that turn under the enforceable-standard reading and do not turn on the delivered central,entries,0.0,,,,,EXACT_COUNT,no state and no District of Columbia entry
"the national delivered bundle, real capacity","Entry-years of exactly zero total direct CO2 (the enforceable-standard reading, a registered bound)",entry-years,0.0,,,0,the age-specific survival convention of ruling D2 forbids it,EXACT_COUNT,measured on the read-only v3.2 root product
each entry's real deployment scale,"National direct CO2 2050 (policy-vintage bound, the published Counterfactual Baseline case)",kg,1496447218.383705,,,,,INHERITED_NOT_RE_MEASURED,"NOT re-measured on the v3.3 products.  expert_central_v33_final/bounds/ is empty: the candidate build did not build the policy-vintage Counterfactual Baseline case on the asymptotic continuation, so there is nothing on disk to measure.  The value quoted is the one the v3.2 layer delivers for that bound, and it is on the FROZEN continuation of the enforceable-standard reading.  It may not be quoted as a number on this central."
each entry's real deployment scale,"National direct CO2 2075 (policy-vintage bound, the published Counterfactual Baseline case)",kg,2186908623.474777,,,,,INHERITED_NOT_RE_MEASURED,"NOT re-measured on the v3.3 products.  expert_central_v33_final/bounds/ is empty: the candidate build did not build the policy-vintage Counterfactual Baseline case on the asymptotic continuation, so there is nothing on disk to measure.  The value quoted is the one the v3.2 layer delivers for that bound, and it is on the FROZEN continuation of the enforceable-standard reading.  It may not be quoted as a number on this central."
each entry's real deployment scale,"National cumulative direct CO2 2025-2075 (policy-vintage bound, the published Counterfactual Baseline case)",kg,71416734182.68776,,,,,INHERITED_NOT_RE_MEASURED,"NOT re-measured on the v3.3 products.  expert_central_v33_final/bounds/ is empty: the candidate build did not build the policy-vintage Counterfactual Baseline case on the asymptotic continuation, so there is nothing on disk to measure.  The value quoted is the one the v3.2 layer delivers for that bound, and it is on the FROZEN continuation of the enforceable-standard reading.  It may not be quoted as a number on this central."
each entry's real deployment scale,"Entries with a turning point by 2075 (policy-vintage bound, the published Counterfactual Baseline case)",entries,39.0,,,,,INHERITED_NOT_RE_MEASURED,"38 states and the District of Columbia.  NOT re-measured on the v3.3 products.  expert_central_v33_final/bounds/ is empty: the candidate build did not build the policy-vintage Counterfactual Baseline case on the asymptotic continuation, so there is nothing on disk to measure.  The value quoted is the one the v3.2 layer delivers for that bound, and it is on the FROZEN continuation of the enforceable-standard reading.  It may not be quoted as a number on this central."
the gates and the parity certificate,The gasoline term is exactly linear in the reciprocal of the conversion coefficient: worst deviation of the measured branch ratio from 0.21 over the branch coefficient,ratio,4.440892098500626e-16,,,1e-14,float round-off only,PASS,"PROVED on the products, not assumed: expert_central_v32_final/branches/fuel_to_dc_0p17 and fuel_to_dc_0p2744 against expert_central_v32_final/expert_central_v32_annual.csv, all 2,601 delivered rows of each, read-only.  Worst at 0.17 4.440892098500626e-16, worst at 0.2744 3.3306690738754696e-16"
the gates and the parity certificate,The two electricity terms do not move with the conversion coefficient: worst absolute deviation over both branches,kg,0.0,,,0,bitwise identity,PASS,measured on the same two branch products; this is what makes the scaling of the v3.3 central exact rather than approximate
"the national delivered bundle, real capacity","National cumulative direct CO2 2025-2075, conversion coefficient branch 0.2744, the registered HIGH branch (ruling-D6 asymptotic continuation on both axes over the ruling-D5 statutory-targets-honoured floors, the delivered v3.3 central)",kg,84931733164.84804,,,,,QUOTE_EXACT,SCALED EXACTLY from the delivered central by the identity proved two rows above: the electricity terms are held bitwise and the gasoline term is multiplied by 0.21 over 0.2744.  -22.30408351800148 per cent against the delivered central.  The branch is not built as a product on this central; the scaling is exact and is not a sensitivity estimate
"the national delivered bundle, real capacity","National direct CO2 2050, conversion coefficient branch 0.2744, the registered HIGH branch (ruling-D6 asymptotic continuation on both axes over the ruling-D5 statutory-targets-honoured floors, the delivered v3.3 central)",kg,1527659553.9992378,,,,,QUOTE_EXACT,"scaled exactly by the same identity, on that year's own delivered gasoline and electricity split"
"the national delivered bundle, real capacity","National direct CO2 2075, conversion coefficient branch 0.2744, the registered HIGH branch (ruling-D6 asymptotic continuation on both axes over the ruling-D5 statutory-targets-honoured floors, the delivered v3.3 central)",kg,3544061263.118148,,,,,QUOTE_EXACT,"scaled exactly by the same identity, on that year's own delivered gasoline and electricity split"
"the national delivered bundle, real capacity","National cumulative direct CO2 2025-2075, conversion coefficient branch 0.17, the registered LOW branch (ruling-D6 asymptotic continuation on both axes over the ruling-D5 statutory-targets-honoured floors, the delivered v3.3 central)",kg,133756612657.31975,,,,,QUOTE_EXACT,SCALED EXACTLY from the delivered central by the identity proved two rows above: the electricity terms are held bitwise and the gasoline term is multiplied by 0.21 over 0.17.  22.361127209863355 per cent against the delivered central.  The branch is not built as a product on this central; the scaling is exact and is not a sensitivity estimate
"the national delivered bundle, real capacity","National direct CO2 2050, conversion coefficient branch 0.17, the registered LOW branch (ruling-D6 asymptotic continuation on both axes over the ruling-D5 statutory-targets-honoured floors, the delivered v3.3 central)",kg,2417930398.6628327,,,,,QUOTE_EXACT,"scaled exactly by the same identity, on that year's own delivered gasoline and electricity split"
"the national delivered bundle, real capacity","National direct CO2 2075, conversion coefficient branch 0.17, the registered LOW branch (ruling-D6 asymptotic continuation on both axes over the ruling-D5 statutory-targets-honoured floors, the delivered v3.3 central)",kg,5554137625.015931,,,,,QUOTE_EXACT,"scaled exactly by the same identity, on that year's own delivered gasoline and electricity split"
"the national delivered bundle, real capacity","The two registered coefficient branches, span on the national cumulative total (ruling-D6 asymptotic continuation on both axes over the ruling-D5 statutory-targets-honoured floors, the delivered v3.3 central)",x,1.5748720492693253,,,,,QUOTE_EXACT,the LOW branch over the HIGH branch; the deployment scale spans a declared factor of 3.0 and is not sampled at all.  Each is reported with its own factor and neither is ranked above the other
the turning census,"Entries with a turning point by 2075 (ruling-D6 asymptotic continuation on both axes over the ruling-D5 statutory-targets-honoured floors, the delivered v3.3 central)",entries,9.0,,,,,EXACT_COUNT,"8 states and the District of Columbia: CA 2038; CO 2060; DC 2035; NM 2060; NY 2036; OR 2039; RI 2035; VT 2034; WA 2041.  The census is unchanged from the ruling-D5 statutory-targets-honoured product and is the same 9 entries under every continuation rule on both axes.  It travels with the four-row R3 table below and with the R4 qualifier, and it names its floor reading and its continuation rule"
the turning census,"Turning year, Vermont (ruling-D6 asymptotic continuation on both axes over the ruling-D5 statutory-targets-honoured floors, the delivered v3.3 central)",year,2034.0,,,,,QUOTE_EXACT,vehicle group FULL_SCHEDULE_10; delivered clean electricity share at 2075 1.0
the turning census,"Turning year, District of Columbia (ruling-D6 asymptotic continuation on both axes over the ruling-D5 statutory-targets-honoured floors, the delivered v3.3 central)",year,2035.0,,,,,QUOTE_EXACT,vehicle group FULL_SCHEDULE_10; delivered clean electricity share at 2075 1.0
the turning census,"Turning year, Rhode Island (ruling-D6 asymptotic continuation on both axes over the ruling-D5 statutory-targets-honoured floors, the delivered v3.3 central)",year,2035.0,,,,,QUOTE_EXACT,vehicle group FULL_SCHEDULE_10; delivered clean electricity share at 2075 1.0
the turning census,"Turning year, New York (ruling-D6 asymptotic continuation on both axes over the ruling-D5 statutory-targets-honoured floors, the delivered v3.3 central)",year,2036.0,,,,,QUOTE_EXACT,vehicle group FULL_SCHEDULE_10; delivered clean electricity share at 2075 1.0
the turning census,"Turning year, California (ruling-D6 asymptotic continuation on both axes over the ruling-D5 statutory-targets-honoured floors, the delivered v3.3 central)",year,2038.0,,,,,QUOTE_EXACT,vehicle group FULL_SCHEDULE_10; delivered clean electricity share at 2075 1.0
the turning census,"Turning year, Oregon (ruling-D6 asymptotic continuation on both axes over the ruling-D5 statutory-targets-honoured floors, the delivered v3.3 central)",year,2039.0,,,,,QUOTE_EXACT,vehicle group FULL_SCHEDULE_10; delivered clean electricity share at 2075 1.0
the turning census,"Turning year, Washington (ruling-D6 asymptotic continuation on both axes over the ruling-D5 statutory-targets-honoured floors, the delivered v3.3 central)",year,2041.0,,,,,QUOTE_EXACT,vehicle group FULL_SCHEDULE_10; delivered clean electricity share at 2075 1.0
the turning census,"Turning year, Colorado (ruling-D6 asymptotic continuation on both axes over the ruling-D5 statutory-targets-honoured floors, the delivered v3.3 central)",year,2060.0,,,,,QUOTE_EXACT,vehicle group CAPPED_82_MY2032_3; delivered clean electricity share at 2075 1.0
the turning census,"Turning year, New Mexico (ruling-D6 asymptotic continuation on both axes over the ruling-D5 statutory-targets-honoured floors, the delivered v3.3 central)",year,2060.0,,,,,QUOTE_EXACT,vehicle group CAPPED_82_MY2032_3; delivered clean electricity share at 2075 1.0
the turning census,"Entries with a turning point by 2075, continuation rule grid_ASYMPTOTIC (ruling-D6 asymptotic continuation on both axes over the ruling-D5 statutory-targets-honoured floors, the delivered v3.3 central)",entries,9.0,,,,,EXACT_COUNT,"8 states and the District of Columbia: CA, CO, DC, NM, NY, OR, RI, VT, WA.  A count of turning entries is NOT conditional on the continuation rule on this product; it remains conditional on the reading of the vehicle rule, which the R3 rows carry"
the turning census,"Entries with a turning point by 2075, continuation rule grid_TREND (ruling-D6 asymptotic continuation on both axes over the ruling-D5 statutory-targets-honoured floors, the delivered v3.3 central)",entries,9.0,,,,,EXACT_COUNT,"8 states and the District of Columbia: CA, CO, DC, NM, NY, OR, RI, VT, WA.  A count of turning entries is NOT conditional on the continuation rule on this product; it remains conditional on the reading of the vehicle rule, which the R3 rows carry"
the turning census,"Entries with a turning point by 2075, continuation rule grid_FROZEN (ruling-D6 asymptotic continuation on both axes over the ruling-D5 statutory-targets-honoured floors, the delivered v3.3 central)",entries,9.0,,,,,EXACT_COUNT,"8 states and the District of Columbia: CA, CO, DC, NM, NY, OR, RI, VT, WA.  A count of turning entries is NOT conditional on the continuation rule on this product; it remains conditional on the reading of the vehicle rule, which the R3 rows carry"
the turning census,"Entries with a turning point by 2075, continuation rule grid_STATUTE (ruling-D6 asymptotic continuation on both axes over the ruling-D5 statutory-targets-honoured floors, the delivered v3.3 central)",entries,9.0,,,,,EXACT_COUNT,"8 states and the District of Columbia: CA, CO, DC, NM, NY, OR, RI, VT, WA.  A count of turning entries is NOT conditional on the continuation rule on this product; it remains conditional on the reading of the vehicle rule, which the R3 rows carry"
the turning census,"Entries with a turning point by 2075, continuation rule vehicle_TREND (ruling-D6 asymptotic continuation on both axes over the ruling-D5 statutory-targets-honoured floors, the delivered v3.3 central)",entries,9.0,,,,,EXACT_COUNT,"8 states and the District of Columbia: CA, CO, DC, NM, NY, OR, RI, VT, WA.  A count of turning entries is NOT conditional on the continuation rule on this product; it remains conditional on the reading of the vehicle rule, which the R3 rows carry"
the turning census,"Entries with a turning point by 2075, continuation rule vehicle_FROZEN (ruling-D6 asymptotic continuation on both axes over the ruling-D5 statutory-targets-honoured floors, the delivered v3.3 central)",entries,9.0,,,,,EXACT_COUNT,"8 states and the District of Columbia: CA, CO, DC, NM, NY, OR, RI, VT, WA.  A count of turning entries is NOT conditional on the continuation rule on this product; it remains conditional on the reading of the vehicle rule, which the R3 rows carry"
the turning census,"Entries with a turning point by 2075, equal-size companion (ruling-D6 asymptotic continuation on both axes over the ruling-D5 statutory-targets-honoured floors, the delivered v3.3 central)",entries,9.0,,,,,EXACT_COUNT,"the equal-size comparison companion, same delivered continuation rule"
each entry's real deployment scale,"Cross-tabulation, with a vehicle rule and reaches a clean-electricity share of one (ruling-D6 asymptotic continuation on both axes over the ruling-D5 statutory-targets-honoured floors, the delivered v3.3 central)",entries,9.0,,,,,EXACT_COUNT,"8 states and the District of Columbia: CA, CO, DC, NM, NY, OR, RI, VT, WA.  Of them, 9 turn by 2075"
each entry's real deployment scale,"Cross-tabulation, with a vehicle rule and does not reach one (ruling-D6 asymptotic continuation on both axes over the ruling-D5 statutory-targets-honoured floors, the delivered v3.3 central)",entries,4.0,,,,,EXACT_COUNT,"4 states and no District of Columbia entry: DE, MA, MD, NJ.  Of them, 0 turn by 2075"
each entry's real deployment scale,"Cross-tabulation, with no vehicle rule and reaches a clean-electricity share of one (ruling-D6 asymptotic continuation on both axes over the ruling-D5 statutory-targets-honoured floors, the delivered v3.3 central)",entries,8.0,,,,,EXACT_COUNT,"8 states and no District of Columbia entry: CT, IL, ME, MI, MN, NC, NV, VA.  Of them, 0 turn by 2075"
each entry's real deployment scale,"Cross-tabulation, with no vehicle rule and does not reach one (ruling-D6 asymptotic continuation on both axes over the ruling-D5 statutory-targets-honoured floors, the delivered v3.3 central)",entries,30.0,,,,,EXACT_COUNT,"30 states and no District of Columbia entry: AK, AL, AR, AZ, FL, GA, HI, IA, ID, IN, KS, KY, LA, MO, MS, MT, ND, NE, NH, OH, OK, PA, SC, SD, TN, TX, UT, WI, WV, WY.  Of them, 0 turn by 2075"
each entry's real deployment scale,"The split is exact: every entry that both carries a vehicle rule and reaches a clean-electricity share of one turns, and no other entry turns (ruling-D6 asymptotic continuation on both axes over the ruling-D5 statutory-targets-honoured floors, the delivered v3.3 central)",entries,9.0,,,9,set identity,PASS,measured cell by cell in this run; it takes BOTH axes and neither alone
each entry's real deployment scale,"Entries reaching a clean-electricity share of one (ruling-D6 asymptotic continuation on both axes over the ruling-D5 statutory-targets-honoured floors, the delivered v3.3 central)",entries,17.0,,,,,EXACT_COUNT,"16 states and the District of Columbia: CA, CO, CT, DC, IL, ME, MI, MN, NC, NM, NV, NY, OR, RI, VA, VT, WA"
each entry's real deployment scale,"Entries with no vehicle rule that reach a clean-electricity share of one and do not turn (ruling-D6 asymptotic continuation on both axes over the ruling-D5 statutory-targets-honoured floors, the delivered v3.3 central)",entries,8.0,,,,,EXACT_COUNT,"8 states and no District of Columbia entry: CT, IL, ME, MI, MN, NC, NV, VA.  A clean supply of electricity on its own does not reverse the burden"
the registered statute and vehicle-rule layer,Entries in vehicle group NO_VEHICLE_RULE_38,entries,38.0,,,,,EXACT_COUNT,38 states and no District of Columbia entry
the registered statute and vehicle-rule layer,Entries in vehicle group FULL_SCHEDULE_10,entries,10.0,,,,,EXACT_COUNT,9 states and the District of Columbia
the registered statute and vehicle-rule layer,Entries in vehicle group CAPPED_82_MY2032_3,entries,3.0,,,,,EXACT_COUNT,3 states and no District of Columbia entry
the registered statute and vehicle-rule layer,Entries whose own vehicle regulation binds above the published market projection in at least one year (`vehicle_schedule_binds`),entries,13.0,,,,,EXACT_COUNT,"12 states and the District of Columbia: CA, CO, DC, DE, MA, MD, NJ, NM, NY, OR, RI, VT, WA.  This is the column the root products used to publish under the name `statutory_floor_binds`, which named the wrong axis"
the registered statute and vehicle-rule layer,Entry-years in which the vehicle regulation binds (`vehicle_schedule_binds`),entry-years,643.0,,,,,EXACT_COUNT,of 2601 delivered entry-years
the registered statute and vehicle-rule layer,Entries whose honoured statutory clean-electricity floor binds above the no-floor projection in at least one year (`electricity_floor_binds`),entries,21.0,,,,,EXACT_COUNT,"20 states and the District of Columbia: CA, CO, CT, DC, DE, IL, MA, ME, MI, MN, NC, NJ, NM, NV, NY, OR, RI, UT, VA, VT, WA.  The floor binds where the delivered clean share EQUALS the statutory level and that level lies above the projection; this census was not published on the root products before 2026-09-06"
the registered statute and vehicle-rule layer,Entry-years in which the clean-electricity floor binds (`electricity_floor_binds`),entry-years,743.0,,,,,EXACT_COUNT,of 2601 delivered entry-years
the registered statute and vehicle-rule layer,Mean lift of the binding clean-electricity floor over the no-floor projection,clean share,0.22612399658328014,,,,,QUOTE_EXACT,averaged over the binding entry-years only; the no-floor projection is the `bound_NO_STATUTORY_FLOOR__ASYMPTOTIC` series of the delivered electricity axis
the registered statute and vehicle-rule layer,Entries on which the two binding columns are both TRUE somewhere,entries,12.0,,,,,EXACT_COUNT,11 states and the District of Columbia.  The two columns are different objects and neither is a proxy for the other
each entry's real deployment scale,"California cumulative direct CO2 2025-2075 (ruling-D6 asymptotic continuation on both axes over the ruling-D5 statutory-targets-honoured floors, the delivered v3.3 central)",kg,604689220.7020154,,,,,QUOTE_EXACT,"on the statutory-targets-honoured reading, under which California enters on 0.90 in 2035, 0.95 in 2040 and 1.00 in 2045.  Under the enforceable-standard reading the same state reads 2637198287.330861 kg.  Neither is quotable without naming its reading"
each entry's real deployment scale,"California cumulative direct CO2 2025-2075 (the enforceable-standard reading, a registered bound)",kg,2637198287.330861,,,,,QUOTE_EXACT,measured on the read-only v3.2 root product; California enters on 0.60 from 2030 under this reading and has no turning point by 2075
each entry's real deployment scale,"Ohio cumulative direct CO2 2025-2075 (ruling-D6 asymptotic continuation on both axes over the ruling-D5 statutory-targets-honoured floors, the delivered v3.3 central)",kg,6642544356.348706,,,,,QUOTE_EXACT,"Ohio has no enacted clean-electricity statute of any kind, so no reading of the floor moves it; what moves it against v3.2 is ruling D6 alone.  The enforceable-standard reading gives 6648997684.390621 kg"
each entry's real deployment scale,"California direct CO2 at 2050 (ruling-D6 asymptotic continuation on both axes over the ruling-D5 statutory-targets-honoured floors, the delivered v3.3 central)",kg,5487404.836521728,,,,,QUOTE_EXACT,delivered central
each entry's real deployment scale,"Ohio direct CO2 at 2050 (ruling-D6 asymptotic continuation on both axes over the ruling-D5 statutory-targets-honoured floors, the delivered v3.3 central)",kg,118722208.88754345,,,,,QUOTE_EXACT,delivered central
each entry's real deployment scale,"California direct CO2 at 2075 (ruling-D6 asymptotic continuation on both axes over the ruling-D5 statutory-targets-honoured floors, the delivered v3.3 central)",kg,6359.489408267075,,,,,QUOTE_EXACT,delivered central
each entry's real deployment scale,"Ohio direct CO2 at 2075 (ruling-D6 asymptotic continuation on both axes over the ruling-D5 statutory-targets-honoured floors, the delivered v3.3 central)",kg,287309330.1942488,,,,,QUOTE_EXACT,delivered central
each entry's real deployment scale,"Ohio over California, cumulative direct CO2, AT REAL SCALE (ruling-D6 asymptotic continuation on both axes over the ruling-D5 statutory-targets-honoured floors, the delivered v3.3 central)",x,10.985055014933172,,,,,QUOTE_EXACT,"REAL SCALE: each entry at its own registered-automobile capacity, so the ratio carries the size of the two states as well as their laws.  It is NOT the per-vehicle figure and the two must never be quoted as one.  The enforceable-standard reading gives 2.5212354021055234"
each entry's real deployment scale,"Ohio over California, direct CO2 at 2050, at real scale (ruling-D6 asymptotic continuation on both axes over the ruling-D5 statutory-targets-honoured floors, the delivered v3.3 central)",x,21.635401874740715,,,,,QUOTE_EXACT,at real scale
each entry's real deployment scale,"Ohio over California, direct CO2 at 2075, at real scale (ruling-D6 asymptotic continuation on both axes over the ruling-D5 statutory-targets-honoured floors, the delivered v3.3 central)",x,45178.049958029405,,,,,QUOTE_EXACT,at real scale
each entry's real deployment scale,"Ohio over California, cumulative direct CO2, at real scale (the enforceable-standard reading, a registered bound)",x,2.5212354021055234,,,,,QUOTE_EXACT,"measured in this run from the read-only v3.2 root FROZEN product; at real scale, and it is not the per-automobile figure"
each entry's real deployment scale,"Ohio over California, cumulative direct CO2 per registered automobile (the enforceable-standard reading, a registered bound)",x,8.598988328508224,,,,,QUOTE_EXACT,"measured in this run from expert_central_v32_final/impact/per_vehicle_burden_v31.csv, read-only.  Ohio 1747.155041050044 kg against California 203.18146441223806 kg"
each entry's real deployment scale,"Ohio over California, cumulative direct CO2 PER REGISTERED AUTOMOBILE (ruling-D6 asymptotic continuation on both axes over the ruling-D5 statutory-targets-honoured floors, the delivered v3.3 central)",x,37.46590254227974,,,,,QUOTE_EXACT,"PER REGISTERED AUTOMOBILE: Ohio 1745.4593020597217 kg against California 46.587942198643034 kg, measure cumulative_co2_per_registered_automobile_kg_v31.  Dividing out the capacity leaves the two laws and nothing else, which is why this figure is the larger of the two.  The ruling-D5 statutory-targets-honoured product reads 37.502301209194286"
each entry's real deployment scale,"Cumulative direct CO2 a registered automobile, smallest (ruling-D6 asymptotic continuation on both axes over the ruling-D5 statutory-targets-honoured floors, the delivered v3.3 central)",kg,42.17548672486105,,,,,QUOTE_EXACT,at VT
each entry's real deployment scale,"Cumulative direct CO2 a registered automobile, largest (ruling-D6 asymptotic continuation on both axes over the ruling-D5 statutory-targets-honoured floors, the delivered v3.3 central)",kg,1762.8140791211267,,,,,QUOTE_EXACT,at WY
each entry's real deployment scale,"Cumulative direct CO2 a registered automobile, largest over smallest (ruling-D6 asymptotic continuation on both axes over the ruling-D5 statutory-targets-honoured floors, the delivered v3.3 central)",x,41.797124728426816,,,,,QUOTE_EXACT,WY over VT; the ruling-D5 product reads 41.68639173877236
each entry's real deployment scale,"Cumulative direct CO2 a registered automobile, median of all the entries (ruling-D6 asymptotic continuation on both axes over the ruling-D5 statutory-targets-honoured floors, the delivered v3.3 central)",kg,1581.6103544888554,1564.57414853053,1607.8694392291802,,,QUOTE_WITH_CI,"51 = 50 states and the District of Columbia.  Percentile bootstrap over entries, 10000 resamples, numpy.random.default_rng seed 20260906, entries resampled with replacement within the group, the interval the 2.5th and 97.5th percentiles of the resampled medians"
each entry's real deployment scale,"Cumulative direct CO2 a registered automobile, median of the entries with no vehicle rule (ruling-D6 asymptotic continuation on both axes over the ruling-D5 statutory-targets-honoured floors, the delivered v3.3 central)",kg,1606.6519665365572,1585.1164154123262,1628.3125665235445,,,QUOTE_WITH_CI,"38 = 38 states and no District of Columbia entry.  Percentile bootstrap over entries, 10000 resamples, numpy.random.default_rng seed 20260906, entries resampled with replacement within the group, the interval the 2.5th and 97.5th percentiles of the resampled medians"
each entry's real deployment scale,"Cumulative direct CO2 a registered automobile, median of the entries on the full schedule (ruling-D6 asymptotic continuation on both axes over the ruling-D5 statutory-targets-honoured floors, the delivered v3.3 central)",kg,48.86727587633692,45.40654533555714,225.75586588535649,,,QUOTE_WITH_CI,"10 = 9 states and the District of Columbia.  Percentile bootstrap over entries, 10000 resamples, numpy.random.default_rng seed 20260906, entries resampled with replacement within the group, the interval the 2.5th and 97.5th percentiles of the resampled medians"
each entry's real deployment scale,"Cumulative direct CO2 a registered automobile, median of the entries capped at 82 per cent (ruling-D6 asymptotic continuation on both axes over the ruling-D5 statutory-targets-honoured floors, the delivered v3.3 central)",kg,241.86841146097035,213.3969075170977,545.1088466578516,,,QUOTE_WITH_CI,"3 = 3 states and no District of Columbia entry.  Percentile bootstrap over entries, 10000 resamples, numpy.random.default_rng seed 20260906, entries resampled with replacement within the group, the interval the 2.5th and 97.5th percentiles of the resampled medians"
each entry's real deployment scale,"Cumulative direct CO2 a registered automobile, median of the entries that carry a vehicle rule (ruling-D6 asymptotic continuation on both axes over the ruling-D5 statutory-targets-honoured floors, the delivered v3.3 central)",kg,55.289725891765926,46.587942198643034,241.86841146097035,,,QUOTE_WITH_CI,"13 = 12 states and the District of Columbia.  Percentile bootstrap over entries, 10000 resamples, numpy.random.default_rng seed 20260906, entries resampled with replacement within the group, the interval the 2.5th and 97.5th percentiles of the resampled medians"
each entry's real deployment scale,"Ratio of the no-rule median to the full-schedule median (ruling-D6 asymptotic continuation on both axes over the ruling-D5 statutory-targets-honoured floors, the delivered v3.3 central)",x,32.87787047107631,,,,,QUOTE_EXACT,"the ratio of two medians, each of which carries its own interval; the ratio's own interval is not the ratio of the two intervals and is not quoted here"
each entry's real deployment scale,"Entry-years of exactly zero total direct CO2 (ruling-D6 asymptotic continuation on both axes over the ruling-D5 statutory-targets-honoured floors, the delivered v3.3 central)",entry-years,0.0,,,0,"hard gate, asserted in this script",PASS,"the age-specific survival convention of ruling D2 leaves a surviving remnant of gasoline cohorts in every entry-year, so the total cannot reach exactly zero however clean the electricity is.  This is a DELETED invariant of v3.1c, not a finding: do not write the sentence"
each entry's real deployment scale,"Entry-years of exactly zero grid carbon intensity (ruling-D6 asymptotic continuation on both axes over the ruling-D5 statutory-targets-honoured floors, the delivered v3.3 central)",entry-years,572.0,,,,,EXACT_COUNT,16 states and the District of Columbia carry at least one.  An exact zero of grid carbon intensity is a property of the accounting convention -- a certificate-satisfiable retail obligation applied to a generation-side share -- and not a grid with no combustion on it
each entry's real deployment scale,"Entry-years of exactly zero gasoline direct CO2 (ruling-D6 asymptotic continuation on both axes over the ruling-D5 statutory-targets-honoured floors, the delivered v3.3 central)",entry-years,0.0,,,,,EXACT_COUNT,measured for the same reason as the total: so that a reader who looks for a zero on either term finds the count rather than an absence
the electricity axis under the asymptotic continuation,"Entries whose grid intensity is exactly zero at 2075, ASYMPTOTIC",entries,17.0,,,,,EXACT_COUNT,16 states and the District of Columbia.  every one of them carries a registered statutory floor of exactly 1.0 at 2075; none is an artefact of the continuation
the electricity axis under the asymptotic continuation,"Entries whose grid intensity is exactly zero at 2075, TREND",entries,21.0,,,,,EXACT_COUNT,"20 states and the District of Columbia.  4 of them carry no statutory floor of 1.0: AR, MS, SC, TN"
the electricity axis under the asymptotic continuation,"Entries whose grid intensity is exactly zero at 2075, FROZEN",entries,17.0,,,,,EXACT_COUNT,16 states and the District of Columbia.  every one of them carries a registered statutory floor of exactly 1.0 at 2075; none is an artefact of the continuation
the electricity axis under the asymptotic continuation,"AR delivered clean electricity share 2050, asymptotic",share,0.9224126854181142,,,,,QUOTE_EXACT,linear TREND 0.9224126854181142; FROZEN 0.9224126854181142; registered statutory floor at 2075 0.0
the electricity axis under the asymptotic continuation,"AR delivered clean electricity share 2060, asymptotic",share,0.949360543006246,,,,,QUOTE_EXACT,linear TREND 0.9555170889282153; FROZEN 0.9224126854181142; registered statutory floor at 2075 0.0
the electricity axis under the asymptotic continuation,"AR delivered clean electricity share 2075, asymptotic",share,0.9732984471110232,,,,,QUOTE_EXACT,linear TREND 1.0; FROZEN 0.9224126854181142; registered statutory floor at 2075 0.0
the electricity axis under the asymptotic continuation,"MS delivered clean electricity share 2050, asymptotic",share,0.8131429501955201,,,,,QUOTE_EXACT,linear TREND 0.8131429501955201; FROZEN 0.8131429501955201; registered statutory floor at 2075 0.0
the electricity axis under the asymptotic continuation,"MS delivered clean electricity share 2060, asymptotic",share,0.8833950032740489,,,,,QUOTE_EXACT,linear TREND 0.9012557206017373; FROZEN 0.8131429501955201; registered statutory floor at 2075 0.0
the electricity axis under the asymptotic continuation,"MS delivered clean electricity share 2075, asymptotic",share,0.9425184234317204,,,,,QUOTE_EXACT,linear TREND 1.0; FROZEN 0.8131429501955201; registered statutory floor at 2075 0.0
the electricity axis under the asymptotic continuation,"SC delivered clean electricity share 2050, asymptotic",share,0.9645750460229559,,,,,QUOTE_EXACT,linear TREND 0.9645750460229559; FROZEN 0.9645750460229559; registered statutory floor at 2075 0.0
the electricity axis under the asymptotic continuation,"SC delivered clean electricity share 2060, asymptotic",share,0.9865260457670385,,,,,QUOTE_EXACT,linear TREND 0.9988188604961894; FROZEN 0.9645750460229559; registered statutory floor at 2075 0.0
the electricity axis under the asymptotic continuation,"SC delivered clean electricity share 2075, asymptotic",share,0.9968393694937665,,,,,QUOTE_EXACT,linear TREND 1.0; FROZEN 0.9645750460229559; registered statutory floor at 2075 0.0
the electricity axis under the asymptotic continuation,"TN delivered clean electricity share 2050, asymptotic",share,0.9922224914180225,,,,,QUOTE_EXACT,linear TREND 0.9922224914180225; FROZEN 0.9922224914180225; registered statutory floor at 2075 0.0
the electricity axis under the asymptotic continuation,"TN delivered clean electricity share 2060, asymptotic",share,0.999797027739715,,,,,QUOTE_EXACT,linear TREND 1.0; FROZEN 0.9922224914180225; registered statutory floor at 2075 0.0
the electricity axis under the asymptotic continuation,"TN delivered clean electricity share 2075, asymptotic",share,0.9999991442814008,,,,,QUOTE_EXACT,linear TREND 1.0; FROZEN 0.9922224914180225; registered statutory floor at 2075 0.0
the electricity axis under the asymptotic continuation,"OH delivered clean electricity share 2050, asymptotic",share,0.34775962125119475,,,,,QUOTE_EXACT,linear TREND 0.34775962125119475; FROZEN 0.34775962125119475; registered statutory floor at 2075 0.085
the electricity axis under the asymptotic continuation,"OH delivered clean electricity share 2060, asymptotic",share,0.3670710791158377,,,,,QUOTE_EXACT,linear TREND 0.3673627361552362; FROZEN 0.34775962125119475; registered statutory floor at 2075 0.085
the electricity axis under the asymptotic continuation,"OH delivered clean electricity share 2075, asymptotic",share,0.3949715045578057,,,,,QUOTE_EXACT,linear TREND 0.3967674085112983; FROZEN 0.34775962125119475; registered statutory floor at 2075 0.085
the electricity axis under the asymptotic continuation,"TX delivered clean electricity share 2050, asymptotic",share,0.6654167675132132,,,,,QUOTE_EXACT,linear TREND 0.6654167675132132; FROZEN 0.6654167675132132; registered statutory floor at 2075 0.0
the electricity axis under the asymptotic continuation,"TX delivered clean electricity share 2060, asymptotic",share,0.7067180923812474,,,,,QUOTE_EXACT,linear TREND 0.7094985723548468; FROZEN 0.6654167675132132; registered statutory floor at 2075 0.0
the electricity axis under the asymptotic continuation,"TX delivered clean electricity share 2075, asymptotic",share,0.7593106233772275,,,,,QUOTE_EXACT,linear TREND 0.7756212796172972; FROZEN 0.6654167675132132; registered statutory floor at 2075 0.0
the electricity axis under the asymptotic continuation,"CA delivered clean electricity share 2050, asymptotic",share,1.0,,,,,QUOTE_EXACT,linear TREND 1.0; FROZEN 1.0; registered statutory floor at 2075 1.0
the electricity axis under the asymptotic continuation,"CA delivered clean electricity share 2060, asymptotic",share,1.0,,,,,QUOTE_EXACT,linear TREND 1.0; FROZEN 1.0; registered statutory floor at 2075 1.0
the electricity axis under the asymptotic continuation,"CA delivered clean electricity share 2075, asymptotic",share,1.0,,,,,QUOTE_EXACT,linear TREND 1.0; FROZEN 1.0; registered statutory floor at 2075 1.0
"the four-row R3 disclosure, recomputed on this central","Entries with a turning point by 2075, central",entries,9.0,,,,,EXACT_COUNT,"9 of 51, 8 states and the District of Columbia: CA 2038; CO 2060; DC 2035; NM 2060; NY 2036; OR 2039; RI 2035; VT 2034; WA 2041.  Cumulative CO2 0.0 per cent against the central; 2050 0.0 per cent; 2075 0.0 per cent.  RE-MEASURED on this central: the robustness family was rebuilt on the targets-honoured electricity axis, which closes registered open item O1 of the v3.2.2 registry"
"the four-row R3 disclosure, recomputed on this central","Entries with a turning point by 2075, compliance_level_PHEV_20PCT_CAP",entries,0.0,,,,,EXACT_COUNT,"0 of 51, no state and no District of Columbia entry: none.  Cumulative CO2 11.149481934420514 per cent against the central; 2050 10.603571680826018 per cent; 2075 12.734365977786055 per cent.  RE-MEASURED on this central: the robustness family was rebuilt on the targets-honoured electricity axis, which closes registered open item O1 of the v3.2.2 registry"
"the four-row R3 disclosure, recomputed on this central","Entries with a turning point by 2075, regulation_not_enforced",entries,0.0,,,,,EXACT_COUNT,"0 of 51, no state and no District of Columbia entry: none.  Cumulative CO2 41.66267643538244 per cent against the central; 2050 42.94212224652023 per cent; 2075 43.24018345001779 per cent.  RE-MEASURED on this central: the robustness family was rebuilt on the targets-honoured electricity axis, which closes registered open item O1 of the v3.2.2 registry"
"the four-row R3 disclosure, recomputed on this central","Entries with a turning point by 2075, post_regulatory_FROZEN_82",entries,7.0,,,,,EXACT_COUNT,"7 of 51, 6 states and the District of Columbia: CA 2038; DC 2035; NY 2036; OR 2039; RI 2035; VT 2034; WA 2041.  Cumulative CO2 0.3489042887016902 per cent against the central; 2050 0.17340711800497566 per cent; 2075 0.6146177781372053 per cent.  RE-MEASURED on this central: the robustness family was rebuilt on the targets-honoured electricity axis, which closes registered open item O1 of the v3.2.2 registry"
"the four-row R3 disclosure, recomputed on this central",R3 rows re-measured on this central,rows,4.0,,,4,every row measured on the delivered central,PASS,"all four, against one at v3.2.2.  Registered open item O1 of the v3.2.2 registry is closed by this build"
"the four-row R3 disclosure, recomputed on this central","R4: entries whose turning point rests on the authored extension of the 82 per cent schedule past model year 2032 (ruling-D6 asymptotic continuation on both axes over the ruling-D5 statutory-targets-honoured floors, the delivered v3.3 central)",entries,2.0,,,,,EXACT_COUNT,"2 states and no District of Columbia entry: CO, NM.  Both are in vehicle group CAPPED_82_MY2032_3 and both turn in 2060; the FROZEN_82 row of the R3 table above shows the census falling to 7 when the three capped entries are held at 82 per cent instead of carrying the authored extension.  A qualifier that names only New Mexico is incomplete"
"the four-row R3 disclosure, recomputed on this central",R4: Colorado's turning year on the delivered central,year,2060.0,,,,,QUOTE_EXACT,rests on the authored extension past model year 2032
"the four-row R3 disclosure, recomputed on this central",R4: New Mexico's turning year on the delivered central,year,2060.0,,,,,QUOTE_EXACT,rests on the authored extension past model year 2032
the continuation rule past 2050 (ruling D6),Decreasing steps in the delivered new-vehicle share,entry-years,38.0,,,38,registered at its measured value,DISCLOSED,"year [2074], one step in each of the 38 entries with no vehicle regulation, magnitude 3.269261e-05.  The asymptotic source decelerates and the cohort inversion asks for a slightly lower new-vehicle share in 2074 than in 2073.  No entry that carries a regulation ever decreases.  Under the linear TREND tail this count was 0.  RE-REGISTERED at its measured value"
the continuation rule past 2050 (ruling D6),"Median 2075 new-vehicle electric share, the 38 entries with no vehicle rule, ASYMPTOTIC",share,0.3364118577521203,,,,,QUOTE_EXACT,38 states and no District of Columbia entry; the vehicle post-2050 family delivers three distinct levels
the continuation rule past 2050 (ruling D6),"Median 2075 new-vehicle electric share, the 38 entries with no vehicle rule, TREND",share,0.3554135660334615,,,,,QUOTE_EXACT,38 states and no District of Columbia entry; the vehicle post-2050 family delivers three distinct levels
the continuation rule past 2050 (ruling D6),"Median 2075 new-vehicle electric share, the 38 entries with no vehicle rule, FROZEN",share,0.1563751543148613,,,,,QUOTE_EXACT,38 states and no District of Columbia entry; the vehicle post-2050 family delivers three distinct levels
the continuation rule past 2050 (ruling D6),"Entries whose published 2045-2050 electricity slope is not positive, so the asymptotic rule holds their 2050 value",entries,29.0,,,,,EXACT_COUNT,"28 states and the District of Columbia: AK, CA, CO, CT, DC, DE, HI, IL, KS, LA, MA, MD, ME, MI, MN, MT, NC, ND, NJ, NM, NV, NY, OR, RI, SD, VA, VT, WA, WI"
the gates and the parity certificate,Maximum absolute deviation from the ruling-D5 product through 2050,any delivered numeric column,0.0,,,0,bitwise identity,PASS,42 numeric columns x 51 entries x 26 years compared; everything through 2050 is bitwise identical and only 2051-2075 moves
the gates and the parity certificate,"Maximum absolute deviation on the untouched channels, all years","capacity, weather, activity and fossil-factor columns",0.0,,,0,bitwise identity,PASS,the channels ruling D6 does not touch may not move in any year
the gates and the parity certificate,Statutory-level gate violations,count,0.0,,,0,hard gate,PASS,read back off the delivered product
the gates and the parity certificate,No-standard gate violations,count,0.0,,,0,hard gate,PASS,read back off the delivered product
the gates and the parity certificate,Entries with no registered floor that receive one,count,0.0,,,0,hard gate,PASS,read back off the delivered product
the gates and the parity certificate,Projections before any floor that reach a clean share of one after 2050,count,0.0,,,0,hard gate,PASS,read back off the delivered product
the gates and the parity certificate,Entries with no clean-electricity statute delivered a fully clean grid at 2075,count,0.0,,,0,hard gate,PASS,read back off the delivered product
the gates and the parity certificate,Mandate-above-market gate rows,rows,51.0,,,,,PASS,one row per projected year; the builder's own G_V1a and G_V1b assertions carry the pass
the gates and the parity certificate,The vehicle asymptotic path is continuous at 2050 and sits between its two bounds,violations,0.0,,,0,hard gate,PASS,"{'before_2051_deviation': 0.0, 'below_frozen_violations': 0, 'above_trend_violations': 0, 'source_reaches_one_violations': 0}"
the gates and the parity certificate,"Direct CO2 conservation, worst absolute residual",kg,5.960464477539063e-08,,,,,QUOTE_EXACT,"the delivered total against the sum of its three terms, worst over all 2,601 rows"
the gates and the parity certificate,Files digested for the fixpoint of the candidate chain,files,60.0,,,0,two runs bitwise,PASS,"0 changed on a second run of the whole chain; the candidate chain is a fixpoint.  FIXPOINT_V33_FINAL.json digests this directory, which is a larger set"
the gates and the parity certificate,"Inherited residual: the file count the candidate's own impact document and number table carry for the fixpoint, against the count the fixpoint certificate in the same tree carries",files,4.0,,,0,the two should agree and do not,DISCLOSED,"the inherited table and IMPACT_ASYMPTOTIC_CONTINUATION.md both read 56.0; FIXPOINT_V33.json in the same tree reads 60.0.  The certificate is the later of the two and it is the authority; the two documents were written before the last pass of the chain and were not rewritten.  Neither number is a measurement of THIS directory, which FIXPOINT_V33_FINAL.json digests.  Registered here rather than left for a reader to find"
the gates and the parity certificate,Asserted textual substitutions the three builders are derived by,substitutions,59.0,,,,,QUOTE_EXACT,build_grid_paths_v33.py 16; build_expert_central_v33.py 27; build_robustness_v33.py 16.  Each substitution is asserted to match exactly the declared number of times; no builder is a rewrite
