state,state_name,sti_sites_v2_central,sti_sites_v2_low,sti_sites_v2_high,capacity_basis,source_class,ownership_scope,uncertainty_class,citation,vintage,access_date,trust_flag_rurality,equal_size_comparison_value,ratio_real_over_equal_size
AK,Alaska,487.0,366.0,649.0,REAL_DATA_ADOPTED_CALIBRATED_MEASUREMENT,OSM_CLUSTER_50M_CALIBRATED,ALL_OWNER by construction (OpenStreetMap is a volunteer survey with no owner filter); residual error is under-mapping of sparse rural signals,CALIBRATED_ESTIMATE_95PCT_PREDICTION_INTERVAL,"OpenStreetMap contributors (ODbL). Nodes highway=traffic_signals inside area[""ISO3166-2""=""US-AK""][admin_level=4], Overpass API https://overpass-api.de/api/interpreter; clustered DBSCAN(eps=50 m, min_samples=1); k = 1.00 (geometric mean of the nine Tier-1 all-owner anchor ratios = 1.0002).",OSM live snapshot 2026-09-03,2026-09-03,WITHIN_ANCHOR_RURALITY_SPAN,1000.0,0.487
AL,Alabama,3873.0,2907.0,5160.0,REAL_DATA_ADOPTED_CALIBRATED_MEASUREMENT,OSM_CLUSTER_50M_CALIBRATED,ALL_OWNER by construction (OpenStreetMap is a volunteer survey with no owner filter); residual error is under-mapping of sparse rural signals,CALIBRATED_ESTIMATE_95PCT_PREDICTION_INTERVAL,"OpenStreetMap contributors (ODbL). Nodes highway=traffic_signals inside area[""ISO3166-2""=""US-AL""][admin_level=4], Overpass API https://overpass-api.de/api/interpreter; clustered DBSCAN(eps=50 m, min_samples=1); k = 1.00 (geometric mean of the nine Tier-1 all-owner anchor ratios = 1.0002).",OSM live snapshot 2026-09-03,2026-09-03,WITHIN_ANCHOR_RURALITY_SPAN,1000.0,3.873
AR,Arkansas,1612.0,1210.0,2147.0,REAL_DATA_ADOPTED_CALIBRATED_MEASUREMENT,OSM_CLUSTER_50M_CALIBRATED,ALL_OWNER by construction (OpenStreetMap is a volunteer survey with no owner filter); residual error is under-mapping of sparse rural signals,CALIBRATED_ESTIMATE_95PCT_PREDICTION_INTERVAL,"OpenStreetMap contributors (ODbL). Nodes highway=traffic_signals inside area[""ISO3166-2""=""US-AR""][admin_level=4], Overpass API https://overpass-api.de/api/interpreter; clustered DBSCAN(eps=50 m, min_samples=1); k = 1.00 (geometric mean of the nine Tier-1 all-owner anchor ratios = 1.0002).",OSM live snapshot 2026-09-03,2026-09-03,RURAL_HIGH_RECALL_RISK_TREAT_AS_LOWER_BOUND,1000.0,1.612
AZ,Arizona,5014.0,5014.0,5014.0,REAL_DATA_ADOPTED_PUBLISHED_COUNT,AGENCY_ALL_OWNER_CENSUS,ALL_OWNER (agency inventory; owner/maintainer field proves the extent),AGENCY_COUNT_NO_SAMPLING_ERROR,"ADOT HPMS 2024 Junction_2024, signalized, DISTINCT MasterJunctionID (10,372 route-level records collapse to 5,014 physical junctions). Extent = all paved public roads -> ALL OWNER, 2026-09-03","agency register, see citation",2026-09-03,WITHIN_ANCHOR_RURALITY_SPAN,1000.0,5.014
CA,California,40180.0,30161.0,53527.0,REAL_DATA_ADOPTED_CALIBRATED_MEASUREMENT,OSM_CLUSTER_50M_CALIBRATED,ALL_OWNER by construction (OpenStreetMap is a volunteer survey with no owner filter); residual error is under-mapping of sparse rural signals,CALIBRATED_ESTIMATE_95PCT_PREDICTION_INTERVAL,"OpenStreetMap contributors (ODbL). Nodes highway=traffic_signals inside area[""ISO3166-2""=""US-CA""][admin_level=4], Overpass API https://overpass-api.de/api/interpreter; clustered DBSCAN(eps=50 m, min_samples=1); k = 1.00 (geometric mean of the nine Tier-1 all-owner anchor ratios = 1.0002).",OSM live snapshot 2026-09-03,2026-09-03,WITHIN_ANCHOR_RURALITY_SPAN,1000.0,40.18
CO,Colorado,6072.0,4558.0,8089.0,REAL_DATA_ADOPTED_CALIBRATED_MEASUREMENT,OSM_CLUSTER_50M_CALIBRATED,ALL_OWNER by construction (OpenStreetMap is a volunteer survey with no owner filter); residual error is under-mapping of sparse rural signals,CALIBRATED_ESTIMATE_95PCT_PREDICTION_INTERVAL,"OpenStreetMap contributors (ODbL). Nodes highway=traffic_signals inside area[""ISO3166-2""=""US-CO""][admin_level=4], Overpass API https://overpass-api.de/api/interpreter; clustered DBSCAN(eps=50 m, min_samples=1); k = 1.00 (geometric mean of the nine Tier-1 all-owner anchor ratios = 1.0002).",OSM live snapshot 2026-09-03,2026-09-03,WITHIN_ANCHOR_RURALITY_SPAN,1000.0,6.072
CT,Connecticut,4956.0,3720.0,6602.0,REAL_DATA_ADOPTED_CALIBRATED_MEASUREMENT,OSM_CLUSTER_50M_CALIBRATED,ALL_OWNER by construction (OpenStreetMap is a volunteer survey with no owner filter); residual error is under-mapping of sparse rural signals,CALIBRATED_ESTIMATE_95PCT_PREDICTION_INTERVAL,"OpenStreetMap contributors (ODbL). Nodes highway=traffic_signals inside area[""ISO3166-2""=""US-CT""][admin_level=4], Overpass API https://overpass-api.de/api/interpreter; clustered DBSCAN(eps=50 m, min_samples=1); k = 1.00 (geometric mean of the nine Tier-1 all-owner anchor ratios = 1.0002).",OSM live snapshot 2026-09-03,2026-09-03,WITHIN_ANCHOR_RURALITY_SPAN,1000.0,4.956
DC,District of Columbia,1596.0,1596.0,1596.0,REAL_DATA_ADOPTED_PUBLISHED_COUNT,AGENCY_ALL_OWNER_CENSUS,ALL_OWNER (agency inventory; owner/maintainer field proves the extent),AGENCY_COUNT_NO_SAMPLING_ERROR,"DDOT traffic signal controllers, all District signals (2026-09-03); corroborated by DDOT press release 2026-06-15 'more than 1,600 traffic signals'","agency register, see citation",2026-09-03,WITHIN_ANCHOR_RURALITY_SPAN,1000.0,1.596
DE,Delaware,1053.0,790.0,1403.0,REAL_DATA_ADOPTED_CALIBRATED_MEASUREMENT,OSM_CLUSTER_50M_CALIBRATED,ALL_OWNER by construction (OpenStreetMap is a volunteer survey with no owner filter); residual error is under-mapping of sparse rural signals,CALIBRATED_ESTIMATE_95PCT_PREDICTION_INTERVAL,"OpenStreetMap contributors (ODbL). Nodes highway=traffic_signals inside area[""ISO3166-2""=""US-DE""][admin_level=4], Overpass API https://overpass-api.de/api/interpreter; clustered DBSCAN(eps=50 m, min_samples=1); k = 1.00 (geometric mean of the nine Tier-1 all-owner anchor ratios = 1.0002).",OSM live snapshot 2026-09-03,2026-09-03,WITHIN_ANCHOR_RURALITY_SPAN,1000.0,1.053
FL,Florida,17312.0,12995.0,23063.0,REAL_DATA_ADOPTED_CALIBRATED_MEASUREMENT,OSM_CLUSTER_50M_CALIBRATED,ALL_OWNER by construction (OpenStreetMap is a volunteer survey with no owner filter); residual error is under-mapping of sparse rural signals,CALIBRATED_ESTIMATE_95PCT_PREDICTION_INTERVAL,"OpenStreetMap contributors (ODbL). Nodes highway=traffic_signals inside area[""ISO3166-2""=""US-FL""][admin_level=4], Overpass API https://overpass-api.de/api/interpreter; clustered DBSCAN(eps=50 m, min_samples=1); k = 1.00 (geometric mean of the nine Tier-1 all-owner anchor ratios = 1.0002).",OSM live snapshot 2026-09-03,2026-09-03,WITHIN_ANCHOR_RURALITY_SPAN,1000.0,17.312
GA,Georgia,7310.0,5487.0,9738.0,REAL_DATA_ADOPTED_CALIBRATED_MEASUREMENT,OSM_CLUSTER_50M_CALIBRATED,ALL_OWNER by construction (OpenStreetMap is a volunteer survey with no owner filter); residual error is under-mapping of sparse rural signals,CALIBRATED_ESTIMATE_95PCT_PREDICTION_INTERVAL,"OpenStreetMap contributors (ODbL). Nodes highway=traffic_signals inside area[""ISO3166-2""=""US-GA""][admin_level=4], Overpass API https://overpass-api.de/api/interpreter; clustered DBSCAN(eps=50 m, min_samples=1); k = 1.00 (geometric mean of the nine Tier-1 all-owner anchor ratios = 1.0002).",OSM live snapshot 2026-09-03,2026-09-03,WITHIN_ANCHOR_RURALITY_SPAN,1000.0,7.31
HI,Hawaii,939.0,705.0,1251.0,REAL_DATA_ADOPTED_CALIBRATED_MEASUREMENT,OSM_CLUSTER_50M_CALIBRATED,ALL_OWNER by construction (OpenStreetMap is a volunteer survey with no owner filter); residual error is under-mapping of sparse rural signals,CALIBRATED_ESTIMATE_95PCT_PREDICTION_INTERVAL,"OpenStreetMap contributors (ODbL). Nodes highway=traffic_signals inside area[""ISO3166-2""=""US-HI""][admin_level=4], Overpass API https://overpass-api.de/api/interpreter; clustered DBSCAN(eps=50 m, min_samples=1); k = 1.00 (geometric mean of the nine Tier-1 all-owner anchor ratios = 1.0002).",OSM live snapshot 2026-09-03,2026-09-03,WITHIN_ANCHOR_RURALITY_SPAN,1000.0,0.939
IA,Iowa,2532.0,1901.0,3373.0,REAL_DATA_ADOPTED_CALIBRATED_MEASUREMENT,OSM_CLUSTER_50M_CALIBRATED,ALL_OWNER by construction (OpenStreetMap is a volunteer survey with no owner filter); residual error is under-mapping of sparse rural signals,CALIBRATED_ESTIMATE_95PCT_PREDICTION_INTERVAL,"OpenStreetMap contributors (ODbL). Nodes highway=traffic_signals inside area[""ISO3166-2""=""US-IA""][admin_level=4], Overpass API https://overpass-api.de/api/interpreter; clustered DBSCAN(eps=50 m, min_samples=1); k = 1.00 (geometric mean of the nine Tier-1 all-owner anchor ratios = 1.0002).",OSM live snapshot 2026-09-03,2026-09-03,WITHIN_ANCHOR_RURALITY_SPAN,1000.0,2.532
ID,Idaho,1084.0,814.0,1444.0,REAL_DATA_ADOPTED_CALIBRATED_MEASUREMENT,OSM_CLUSTER_50M_CALIBRATED,ALL_OWNER by construction (OpenStreetMap is a volunteer survey with no owner filter); residual error is under-mapping of sparse rural signals,CALIBRATED_ESTIMATE_95PCT_PREDICTION_INTERVAL,"OpenStreetMap contributors (ODbL). Nodes highway=traffic_signals inside area[""ISO3166-2""=""US-ID""][admin_level=4], Overpass API https://overpass-api.de/api/interpreter; clustered DBSCAN(eps=50 m, min_samples=1); k = 1.00 (geometric mean of the nine Tier-1 all-owner anchor ratios = 1.0002).",OSM live snapshot 2026-09-03,2026-09-03,WITHIN_ANCHOR_RURALITY_SPAN,1000.0,1.084
IL,Illinois,11218.0,8421.0,14944.0,REAL_DATA_ADOPTED_CALIBRATED_MEASUREMENT,OSM_CLUSTER_50M_CALIBRATED,ALL_OWNER by construction (OpenStreetMap is a volunteer survey with no owner filter); residual error is under-mapping of sparse rural signals,CALIBRATED_ESTIMATE_95PCT_PREDICTION_INTERVAL,"OpenStreetMap contributors (ODbL). Nodes highway=traffic_signals inside area[""ISO3166-2""=""US-IL""][admin_level=4], Overpass API https://overpass-api.de/api/interpreter; clustered DBSCAN(eps=50 m, min_samples=1); k = 1.00 (geometric mean of the nine Tier-1 all-owner anchor ratios = 1.0002).",OSM live snapshot 2026-09-03,2026-09-03,WITHIN_ANCHOR_RURALITY_SPAN,1000.0,11.218
IN,Indiana,5432.0,4078.0,7236.0,REAL_DATA_ADOPTED_CALIBRATED_MEASUREMENT,OSM_CLUSTER_50M_CALIBRATED,ALL_OWNER by construction (OpenStreetMap is a volunteer survey with no owner filter); residual error is under-mapping of sparse rural signals,CALIBRATED_ESTIMATE_95PCT_PREDICTION_INTERVAL,"OpenStreetMap contributors (ODbL). Nodes highway=traffic_signals inside area[""ISO3166-2""=""US-IN""][admin_level=4], Overpass API https://overpass-api.de/api/interpreter; clustered DBSCAN(eps=50 m, min_samples=1); k = 1.00 (geometric mean of the nine Tier-1 all-owner anchor ratios = 1.0002).",OSM live snapshot 2026-09-03,2026-09-03,WITHIN_ANCHOR_RURALITY_SPAN,1000.0,5.432
KS,Kansas,2318.0,1740.0,3088.0,REAL_DATA_ADOPTED_CALIBRATED_MEASUREMENT,OSM_CLUSTER_50M_CALIBRATED,ALL_OWNER by construction (OpenStreetMap is a volunteer survey with no owner filter); residual error is under-mapping of sparse rural signals,CALIBRATED_ESTIMATE_95PCT_PREDICTION_INTERVAL,"OpenStreetMap contributors (ODbL). Nodes highway=traffic_signals inside area[""ISO3166-2""=""US-KS""][admin_level=4], Overpass API https://overpass-api.de/api/interpreter; clustered DBSCAN(eps=50 m, min_samples=1); k = 1.00 (geometric mean of the nine Tier-1 all-owner anchor ratios = 1.0002).",OSM live snapshot 2026-09-03,2026-09-03,WITHIN_ANCHOR_RURALITY_SPAN,1000.0,2.318
KY,Kentucky,3363.0,2524.0,4480.0,REAL_DATA_ADOPTED_CALIBRATED_MEASUREMENT,OSM_CLUSTER_50M_CALIBRATED,ALL_OWNER by construction (OpenStreetMap is a volunteer survey with no owner filter); residual error is under-mapping of sparse rural signals,CALIBRATED_ESTIMATE_95PCT_PREDICTION_INTERVAL,"OpenStreetMap contributors (ODbL). Nodes highway=traffic_signals inside area[""ISO3166-2""=""US-KY""][admin_level=4], Overpass API https://overpass-api.de/api/interpreter; clustered DBSCAN(eps=50 m, min_samples=1); k = 1.00 (geometric mean of the nine Tier-1 all-owner anchor ratios = 1.0002).",OSM live snapshot 2026-09-03,2026-09-03,WITHIN_ANCHOR_RURALITY_SPAN,1000.0,3.363
LA,Louisiana,2693.0,2022.0,3588.0,REAL_DATA_ADOPTED_CALIBRATED_MEASUREMENT,OSM_CLUSTER_50M_CALIBRATED,ALL_OWNER by construction (OpenStreetMap is a volunteer survey with no owner filter); residual error is under-mapping of sparse rural signals,CALIBRATED_ESTIMATE_95PCT_PREDICTION_INTERVAL,"OpenStreetMap contributors (ODbL). Nodes highway=traffic_signals inside area[""ISO3166-2""=""US-LA""][admin_level=4], Overpass API https://overpass-api.de/api/interpreter; clustered DBSCAN(eps=50 m, min_samples=1); k = 1.00 (geometric mean of the nine Tier-1 all-owner anchor ratios = 1.0002).",OSM live snapshot 2026-09-03,2026-09-03,WITHIN_ANCHOR_RURALITY_SPAN,1000.0,2.693
MA,Massachusetts,5439.0,4083.0,7246.0,REAL_DATA_ADOPTED_CALIBRATED_MEASUREMENT,OSM_CLUSTER_50M_CALIBRATED,ALL_OWNER by construction (OpenStreetMap is a volunteer survey with no owner filter); residual error is under-mapping of sparse rural signals,CALIBRATED_ESTIMATE_95PCT_PREDICTION_INTERVAL,"OpenStreetMap contributors (ODbL). Nodes highway=traffic_signals inside area[""ISO3166-2""=""US-MA""][admin_level=4], Overpass API https://overpass-api.de/api/interpreter; clustered DBSCAN(eps=50 m, min_samples=1); k = 1.00 (geometric mean of the nine Tier-1 all-owner anchor ratios = 1.0002).",OSM live snapshot 2026-09-03,2026-09-03,WITHIN_ANCHOR_RURALITY_SPAN,1000.0,5.439
MD,Maryland,5878.0,4412.0,7831.0,REAL_DATA_ADOPTED_CALIBRATED_MEASUREMENT,OSM_CLUSTER_50M_CALIBRATED,ALL_OWNER by construction (OpenStreetMap is a volunteer survey with no owner filter); residual error is under-mapping of sparse rural signals,CALIBRATED_ESTIMATE_95PCT_PREDICTION_INTERVAL,"OpenStreetMap contributors (ODbL). Nodes highway=traffic_signals inside area[""ISO3166-2""=""US-MD""][admin_level=4], Overpass API https://overpass-api.de/api/interpreter; clustered DBSCAN(eps=50 m, min_samples=1); k = 1.00 (geometric mean of the nine Tier-1 all-owner anchor ratios = 1.0002).",OSM live snapshot 2026-09-03,2026-09-03,WITHIN_ANCHOR_RURALITY_SPAN,1000.0,5.878
ME,Maine,839.0,839.0,839.0,REAL_DATA_ADOPTED_PUBLISHED_COUNT,AGENCY_ALL_OWNER_CENSUS,ALL_OWNER (agency inventory; owner/maintainer field proves the extent),AGENCY_COUNT_NO_SAMPLING_ERROR,"MaineDOT Traffic Signals, signal_beacon=Signal, ALL owners (Signal subset: 691 Town / 69 State / 65 hybrid / 8 Turnpike / 6 null), 2026-09-03","agency register, see citation",2026-09-03,RURAL_HIGH_RECALL_RISK_TREAT_AS_LOWER_BOUND,1000.0,0.839
MI,Michigan,8422.0,6322.0,11220.0,REAL_DATA_ADOPTED_CALIBRATED_MEASUREMENT,OSM_CLUSTER_50M_CALIBRATED,ALL_OWNER by construction (OpenStreetMap is a volunteer survey with no owner filter); residual error is under-mapping of sparse rural signals,CALIBRATED_ESTIMATE_95PCT_PREDICTION_INTERVAL,"OpenStreetMap contributors (ODbL). Nodes highway=traffic_signals inside area[""ISO3166-2""=""US-MI""][admin_level=4], Overpass API https://overpass-api.de/api/interpreter; clustered DBSCAN(eps=50 m, min_samples=1); k = 1.00 (geometric mean of the nine Tier-1 all-owner anchor ratios = 1.0002).",OSM live snapshot 2026-09-03,2026-09-03,WITHIN_ANCHOR_RURALITY_SPAN,1000.0,8.422
MN,Minnesota,4163.0,3125.0,5546.0,REAL_DATA_ADOPTED_CALIBRATED_MEASUREMENT,OSM_CLUSTER_50M_CALIBRATED,ALL_OWNER by construction (OpenStreetMap is a volunteer survey with no owner filter); residual error is under-mapping of sparse rural signals,CALIBRATED_ESTIMATE_95PCT_PREDICTION_INTERVAL,"OpenStreetMap contributors (ODbL). Nodes highway=traffic_signals inside area[""ISO3166-2""=""US-MN""][admin_level=4], Overpass API https://overpass-api.de/api/interpreter; clustered DBSCAN(eps=50 m, min_samples=1); k = 1.00 (geometric mean of the nine Tier-1 all-owner anchor ratios = 1.0002).",OSM live snapshot 2026-09-03,2026-09-03,WITHIN_ANCHOR_RURALITY_SPAN,1000.0,4.163
MO,Missouri,4949.0,3715.0,6593.0,REAL_DATA_ADOPTED_CALIBRATED_MEASUREMENT,OSM_CLUSTER_50M_CALIBRATED,ALL_OWNER by construction (OpenStreetMap is a volunteer survey with no owner filter); residual error is under-mapping of sparse rural signals,CALIBRATED_ESTIMATE_95PCT_PREDICTION_INTERVAL,"OpenStreetMap contributors (ODbL). Nodes highway=traffic_signals inside area[""ISO3166-2""=""US-MO""][admin_level=4], Overpass API https://overpass-api.de/api/interpreter; clustered DBSCAN(eps=50 m, min_samples=1); k = 1.00 (geometric mean of the nine Tier-1 all-owner anchor ratios = 1.0002).",OSM live snapshot 2026-09-03,2026-09-03,WITHIN_ANCHOR_RURALITY_SPAN,1000.0,4.949
MS,Mississippi,1661.0,1247.0,2213.0,REAL_DATA_ADOPTED_CALIBRATED_MEASUREMENT,OSM_CLUSTER_50M_CALIBRATED,ALL_OWNER by construction (OpenStreetMap is a volunteer survey with no owner filter); residual error is under-mapping of sparse rural signals,CALIBRATED_ESTIMATE_95PCT_PREDICTION_INTERVAL,"OpenStreetMap contributors (ODbL). Nodes highway=traffic_signals inside area[""ISO3166-2""=""US-MS""][admin_level=4], Overpass API https://overpass-api.de/api/interpreter; clustered DBSCAN(eps=50 m, min_samples=1); k = 1.00 (geometric mean of the nine Tier-1 all-owner anchor ratios = 1.0002).",OSM live snapshot 2026-09-03,2026-09-03,RURAL_HIGH_RECALL_RISK_TREAT_AS_LOWER_BOUND,1000.0,1.661
MT,Montana,634.0,476.0,845.0,REAL_DATA_ADOPTED_CALIBRATED_MEASUREMENT,OSM_CLUSTER_50M_CALIBRATED,ALL_OWNER by construction (OpenStreetMap is a volunteer survey with no owner filter); residual error is under-mapping of sparse rural signals,CALIBRATED_ESTIMATE_95PCT_PREDICTION_INTERVAL,"OpenStreetMap contributors (ODbL). Nodes highway=traffic_signals inside area[""ISO3166-2""=""US-MT""][admin_level=4], Overpass API https://overpass-api.de/api/interpreter; clustered DBSCAN(eps=50 m, min_samples=1); k = 1.00 (geometric mean of the nine Tier-1 all-owner anchor ratios = 1.0002).",OSM live snapshot 2026-09-03,2026-09-03,RURAL_HIGH_RECALL_RISK_TREAT_AS_LOWER_BOUND,1000.0,0.634
NC,North Carolina,9648.0,7242.0,12853.0,REAL_DATA_ADOPTED_CALIBRATED_MEASUREMENT,OSM_CLUSTER_50M_CALIBRATED,ALL_OWNER by construction (OpenStreetMap is a volunteer survey with no owner filter); residual error is under-mapping of sparse rural signals,CALIBRATED_ESTIMATE_95PCT_PREDICTION_INTERVAL,"OpenStreetMap contributors (ODbL). Nodes highway=traffic_signals inside area[""ISO3166-2""=""US-NC""][admin_level=4], Overpass API https://overpass-api.de/api/interpreter; clustered DBSCAN(eps=50 m, min_samples=1); k = 1.00 (geometric mean of the nine Tier-1 all-owner anchor ratios = 1.0002).",OSM live snapshot 2026-09-03,2026-09-03,WITHIN_ANCHOR_RURALITY_SPAN,1000.0,9.648
ND,North Dakota,470.0,353.0,626.0,REAL_DATA_ADOPTED_CALIBRATED_MEASUREMENT,OSM_CLUSTER_50M_CALIBRATED,ALL_OWNER by construction (OpenStreetMap is a volunteer survey with no owner filter); residual error is under-mapping of sparse rural signals,CALIBRATED_ESTIMATE_95PCT_PREDICTION_INTERVAL,"OpenStreetMap contributors (ODbL). Nodes highway=traffic_signals inside area[""ISO3166-2""=""US-ND""][admin_level=4], Overpass API https://overpass-api.de/api/interpreter; clustered DBSCAN(eps=50 m, min_samples=1); k = 1.00 (geometric mean of the nine Tier-1 all-owner anchor ratios = 1.0002).",OSM live snapshot 2026-09-03,2026-09-03,WITHIN_ANCHOR_RURALITY_SPAN,1000.0,0.47
NE,Nebraska,1995.0,1498.0,2658.0,REAL_DATA_ADOPTED_CALIBRATED_MEASUREMENT,OSM_CLUSTER_50M_CALIBRATED,ALL_OWNER by construction (OpenStreetMap is a volunteer survey with no owner filter); residual error is under-mapping of sparse rural signals,CALIBRATED_ESTIMATE_95PCT_PREDICTION_INTERVAL,"OpenStreetMap contributors (ODbL). Nodes highway=traffic_signals inside area[""ISO3166-2""=""US-NE""][admin_level=4], Overpass API https://overpass-api.de/api/interpreter; clustered DBSCAN(eps=50 m, min_samples=1); k = 1.00 (geometric mean of the nine Tier-1 all-owner anchor ratios = 1.0002).",OSM live snapshot 2026-09-03,2026-09-03,WITHIN_ANCHOR_RURALITY_SPAN,1000.0,1.995
NH,New Hampshire,991.0,744.0,1320.0,REAL_DATA_ADOPTED_CALIBRATED_MEASUREMENT,OSM_CLUSTER_50M_CALIBRATED,ALL_OWNER by construction (OpenStreetMap is a volunteer survey with no owner filter); residual error is under-mapping of sparse rural signals,CALIBRATED_ESTIMATE_95PCT_PREDICTION_INTERVAL,"OpenStreetMap contributors (ODbL). Nodes highway=traffic_signals inside area[""ISO3166-2""=""US-NH""][admin_level=4], Overpass API https://overpass-api.de/api/interpreter; clustered DBSCAN(eps=50 m, min_samples=1); k = 1.00 (geometric mean of the nine Tier-1 all-owner anchor ratios = 1.0002).",OSM live snapshot 2026-09-03,2026-09-03,RURAL_HIGH_RECALL_RISK_TREAT_AS_LOWER_BOUND,1000.0,0.991
NJ,New Jersey,8896.0,6678.0,11851.0,REAL_DATA_ADOPTED_CALIBRATED_MEASUREMENT,OSM_CLUSTER_50M_CALIBRATED,ALL_OWNER by construction (OpenStreetMap is a volunteer survey with no owner filter); residual error is under-mapping of sparse rural signals,CALIBRATED_ESTIMATE_95PCT_PREDICTION_INTERVAL,"OpenStreetMap contributors (ODbL). Nodes highway=traffic_signals inside area[""ISO3166-2""=""US-NJ""][admin_level=4], Overpass API https://overpass-api.de/api/interpreter; clustered DBSCAN(eps=50 m, min_samples=1); k = 1.00 (geometric mean of the nine Tier-1 all-owner anchor ratios = 1.0002).",OSM live snapshot 2026-09-03,2026-09-03,WITHIN_ANCHOR_RURALITY_SPAN,1000.0,8.896
NM,New Mexico,1534.0,1152.0,2044.0,REAL_DATA_ADOPTED_CALIBRATED_MEASUREMENT,OSM_CLUSTER_50M_CALIBRATED,ALL_OWNER by construction (OpenStreetMap is a volunteer survey with no owner filter); residual error is under-mapping of sparse rural signals,CALIBRATED_ESTIMATE_95PCT_PREDICTION_INTERVAL,"OpenStreetMap contributors (ODbL). Nodes highway=traffic_signals inside area[""ISO3166-2""=""US-NM""][admin_level=4], Overpass API https://overpass-api.de/api/interpreter; clustered DBSCAN(eps=50 m, min_samples=1); k = 1.00 (geometric mean of the nine Tier-1 all-owner anchor ratios = 1.0002).",OSM live snapshot 2026-09-03,2026-09-03,WITHIN_ANCHOR_RURALITY_SPAN,1000.0,1.534
NV,Nevada,2385.0,1790.0,3177.0,REAL_DATA_ADOPTED_CALIBRATED_MEASUREMENT,OSM_CLUSTER_50M_CALIBRATED,ALL_OWNER by construction (OpenStreetMap is a volunteer survey with no owner filter); residual error is under-mapping of sparse rural signals,CALIBRATED_ESTIMATE_95PCT_PREDICTION_INTERVAL,"OpenStreetMap contributors (ODbL). Nodes highway=traffic_signals inside area[""ISO3166-2""=""US-NV""][admin_level=4], Overpass API https://overpass-api.de/api/interpreter; clustered DBSCAN(eps=50 m, min_samples=1); k = 1.00 (geometric mean of the nine Tier-1 all-owner anchor ratios = 1.0002).",OSM live snapshot 2026-09-03,2026-09-03,WITHIN_ANCHOR_RURALITY_SPAN,1000.0,2.385
NY,New York,23645.0,17749.0,31499.0,REAL_DATA_ADOPTED_CALIBRATED_MEASUREMENT,OSM_CLUSTER_50M_CALIBRATED,ALL_OWNER by construction (OpenStreetMap is a volunteer survey with no owner filter); residual error is under-mapping of sparse rural signals,CALIBRATED_ESTIMATE_95PCT_PREDICTION_INTERVAL,"OpenStreetMap contributors (ODbL). Nodes highway=traffic_signals inside area[""ISO3166-2""=""US-NY""][admin_level=4], Overpass API https://overpass-api.de/api/interpreter; clustered DBSCAN(eps=50 m, min_samples=1); k = 1.00 (geometric mean of the nine Tier-1 all-owner anchor ratios = 1.0002).",OSM live snapshot 2026-09-03,2026-09-03,WITHIN_ANCHOR_RURALITY_SPAN,1000.0,23.645
OH,Ohio,12767.0,9584.0,17008.0,REAL_DATA_ADOPTED_CALIBRATED_MEASUREMENT,OSM_CLUSTER_50M_CALIBRATED,ALL_OWNER by construction (OpenStreetMap is a volunteer survey with no owner filter); residual error is under-mapping of sparse rural signals,CALIBRATED_ESTIMATE_95PCT_PREDICTION_INTERVAL,"OpenStreetMap contributors (ODbL). Nodes highway=traffic_signals inside area[""ISO3166-2""=""US-OH""][admin_level=4], Overpass API https://overpass-api.de/api/interpreter; clustered DBSCAN(eps=50 m, min_samples=1); k = 1.00 (geometric mean of the nine Tier-1 all-owner anchor ratios = 1.0002).",OSM live snapshot 2026-09-03,2026-09-03,WITHIN_ANCHOR_RURALITY_SPAN,1000.0,12.767
OK,Oklahoma,3045.0,2286.0,4056.0,REAL_DATA_ADOPTED_CALIBRATED_MEASUREMENT,OSM_CLUSTER_50M_CALIBRATED,ALL_OWNER by construction (OpenStreetMap is a volunteer survey with no owner filter); residual error is under-mapping of sparse rural signals,CALIBRATED_ESTIMATE_95PCT_PREDICTION_INTERVAL,"OpenStreetMap contributors (ODbL). Nodes highway=traffic_signals inside area[""ISO3166-2""=""US-OK""][admin_level=4], Overpass API https://overpass-api.de/api/interpreter; clustered DBSCAN(eps=50 m, min_samples=1); k = 1.00 (geometric mean of the nine Tier-1 all-owner anchor ratios = 1.0002).",OSM live snapshot 2026-09-03,2026-09-03,WITHIN_ANCHOR_RURALITY_SPAN,1000.0,3.045
OR,Oregon,3734.0,2803.0,4974.0,REAL_DATA_ADOPTED_CALIBRATED_MEASUREMENT,OSM_CLUSTER_50M_CALIBRATED,ALL_OWNER by construction (OpenStreetMap is a volunteer survey with no owner filter); residual error is under-mapping of sparse rural signals,CALIBRATED_ESTIMATE_95PCT_PREDICTION_INTERVAL,"OpenStreetMap contributors (ODbL). Nodes highway=traffic_signals inside area[""ISO3166-2""=""US-OR""][admin_level=4], Overpass API https://overpass-api.de/api/interpreter; clustered DBSCAN(eps=50 m, min_samples=1); k = 1.00 (geometric mean of the nine Tier-1 all-owner anchor ratios = 1.0002).",OSM live snapshot 2026-09-03,2026-09-03,WITHIN_ANCHOR_RURALITY_SPAN,1000.0,3.734
PA,Pennsylvania,13579.0,13579.0,13579.0,REAL_DATA_ADOPTED_PUBLISHED_COUNT,AGENCY_ALL_OWNER_CENSUS,ALL_OWNER (agency inventory; owner/maintainer field proves the extent),AGENCY_COUNT_NO_SAMPLING_ERROR,"Count 13,579 from a third-party (NEPA Alliance) ArcGIS mirror of the PennDOT Traffic Signal Asset Management System permit register; 13,579 distinct TSAMS_ID, all STATUS_COD='6', 7,563 non-isolated + 6,016 isolated, COUNTY groups to exactly 67. PennDOT permits every signal in PA -> ALL OWNER. NOT the official PennDOT service: the official service gis.penndot.gov/arcgis/rest/services/tsams/tsams/MapServer layers 3+4 (8,155 + 6,682, disjoint on TSAMS_ID, 14,837 distinct non-removed) returns 13,831 with STATUS='Operational'. OWNER DECISION OPEN between the two vintages; the registered table is used here and 292,300 is carried as the audit alternate.","third-party mirror snapshot, ArcGIS dataLastEditDate 2021-09-14","2026-09-03 (mirror re-retrieved and reproduced exactly; official PennDOT service also retrieved live the same day, returning 13,831)",WITHIN_ANCHOR_RURALITY_SPAN,1000.0,13.579
RI,Rhode Island,1023.0,768.0,1363.0,REAL_DATA_ADOPTED_CALIBRATED_MEASUREMENT,OSM_CLUSTER_50M_CALIBRATED,ALL_OWNER by construction (OpenStreetMap is a volunteer survey with no owner filter); residual error is under-mapping of sparse rural signals,CALIBRATED_ESTIMATE_95PCT_PREDICTION_INTERVAL,"OpenStreetMap contributors (ODbL). Nodes highway=traffic_signals inside area[""ISO3166-2""=""US-RI""][admin_level=4], Overpass API https://overpass-api.de/api/interpreter; clustered DBSCAN(eps=50 m, min_samples=1); k = 1.00 (geometric mean of the nine Tier-1 all-owner anchor ratios = 1.0002).",OSM live snapshot 2026-09-03,2026-09-03,WITHIN_ANCHOR_RURALITY_SPAN,1000.0,1.023
SC,South Carolina,4163.0,4163.0,4163.0,REAL_DATA_ADOPTED_PUBLISHED_COUNT,AGENCY_ALL_OWNER_CENSUS,ALL_OWNER (agency inventory; owner/maintainer field proves the extent),AGENCY_COUNT_NO_SAMPLING_ERROR,"SCDOT Signal_Locations_2019; Maintained = SCDOT Districts 1-7 (2,846) PLUS municipal maintainers -> ALL OWNER. CAVEAT: 2019 vintage, so the true 2026 count is higher. The audit alternate uses SCDOT Traffic_Signal_lat_long, Has_Signal='X', dataLastEditDate 2021-11-01, which gives 4,218. OWNER DECISION OPEN; see PA.","agency register, 2019 layer (see citation)",2026-09-03,WITHIN_ANCHOR_RURALITY_SPAN,1000.0,4.163
SD,South Dakota,672.0,504.0,895.0,REAL_DATA_ADOPTED_CALIBRATED_MEASUREMENT,OSM_CLUSTER_50M_CALIBRATED,ALL_OWNER by construction (OpenStreetMap is a volunteer survey with no owner filter); residual error is under-mapping of sparse rural signals,CALIBRATED_ESTIMATE_95PCT_PREDICTION_INTERVAL,"OpenStreetMap contributors (ODbL). Nodes highway=traffic_signals inside area[""ISO3166-2""=""US-SD""][admin_level=4], Overpass API https://overpass-api.de/api/interpreter; clustered DBSCAN(eps=50 m, min_samples=1); k = 1.00 (geometric mean of the nine Tier-1 all-owner anchor ratios = 1.0002).",OSM live snapshot 2026-09-03,2026-09-03,WITHIN_ANCHOR_RURALITY_SPAN,1000.0,0.672
TN,Tennessee,5145.0,3862.0,6854.0,REAL_DATA_ADOPTED_CALIBRATED_MEASUREMENT,OSM_CLUSTER_50M_CALIBRATED,ALL_OWNER by construction (OpenStreetMap is a volunteer survey with no owner filter); residual error is under-mapping of sparse rural signals,CALIBRATED_ESTIMATE_95PCT_PREDICTION_INTERVAL,"OpenStreetMap contributors (ODbL). Nodes highway=traffic_signals inside area[""ISO3166-2""=""US-TN""][admin_level=4], Overpass API https://overpass-api.de/api/interpreter; clustered DBSCAN(eps=50 m, min_samples=1); k = 1.00 (geometric mean of the nine Tier-1 all-owner anchor ratios = 1.0002).",OSM live snapshot 2026-09-03,2026-09-03,WITHIN_ANCHOR_RURALITY_SPAN,1000.0,5.145
TX,Texas,24007.0,18021.0,31981.0,REAL_DATA_ADOPTED_CALIBRATED_MEASUREMENT,OSM_CLUSTER_50M_CALIBRATED,ALL_OWNER by construction (OpenStreetMap is a volunteer survey with no owner filter); residual error is under-mapping of sparse rural signals,CALIBRATED_ESTIMATE_95PCT_PREDICTION_INTERVAL,"OpenStreetMap contributors (ODbL). Nodes highway=traffic_signals inside area[""ISO3166-2""=""US-TX""][admin_level=4], Overpass API https://overpass-api.de/api/interpreter; clustered DBSCAN(eps=50 m, min_samples=1); k = 1.00 (geometric mean of the nine Tier-1 all-owner anchor ratios = 1.0002).",OSM live snapshot 2026-09-03,2026-09-03,WITHIN_ANCHOR_RURALITY_SPAN,1000.0,24.007
UT,Utah,2278.0,2278.0,2278.0,REAL_DATA_ADOPTED_PUBLISHED_COUNT,AGENCY_ALL_OWNER_CENSUS,ALL_OWNER (agency inventory; owner/maintainer field proves the extent),AGENCY_COUNT_NO_SAMPLING_ERROR,"UDOT Statewide Traffic Signals, Type=Signal, ALL owners (1,362 UDOT + 1,014 city/county/other), 2026-09-03","agency register, see citation",2026-09-03,WITHIN_ANCHOR_RURALITY_SPAN,1000.0,2.278
VA,Virginia,7726.0,5800.0,10292.0,REAL_DATA_ADOPTED_CALIBRATED_MEASUREMENT,OSM_CLUSTER_50M_CALIBRATED,ALL_OWNER by construction (OpenStreetMap is a volunteer survey with no owner filter); residual error is under-mapping of sparse rural signals,CALIBRATED_ESTIMATE_95PCT_PREDICTION_INTERVAL,"OpenStreetMap contributors (ODbL). Nodes highway=traffic_signals inside area[""ISO3166-2""=""US-VA""][admin_level=4], Overpass API https://overpass-api.de/api/interpreter; clustered DBSCAN(eps=50 m, min_samples=1); k = 1.00 (geometric mean of the nine Tier-1 all-owner anchor ratios = 1.0002).",OSM live snapshot 2026-09-03,2026-09-03,WITHIN_ANCHOR_RURALITY_SPAN,1000.0,7.726
VT,Vermont,309.0,232.0,412.0,REAL_DATA_ADOPTED_CALIBRATED_MEASUREMENT,OSM_CLUSTER_50M_CALIBRATED,ALL_OWNER by construction (OpenStreetMap is a volunteer survey with no owner filter); residual error is under-mapping of sparse rural signals,CALIBRATED_ESTIMATE_95PCT_PREDICTION_INTERVAL,"OpenStreetMap contributors (ODbL). Nodes highway=traffic_signals inside area[""ISO3166-2""=""US-VT""][admin_level=4], Overpass API https://overpass-api.de/api/interpreter; clustered DBSCAN(eps=50 m, min_samples=1); k = 1.00 (geometric mean of the nine Tier-1 all-owner anchor ratios = 1.0002).",OSM live snapshot 2026-09-03,2026-09-03,RURAL_HIGH_RECALL_RISK_TREAT_AS_LOWER_BOUND,1000.0,0.309
WA,Washington,6253.0,4694.0,8330.0,REAL_DATA_ADOPTED_CALIBRATED_MEASUREMENT,OSM_CLUSTER_50M_CALIBRATED,ALL_OWNER by construction (OpenStreetMap is a volunteer survey with no owner filter); residual error is under-mapping of sparse rural signals,CALIBRATED_ESTIMATE_95PCT_PREDICTION_INTERVAL,"OpenStreetMap contributors (ODbL). Nodes highway=traffic_signals inside area[""ISO3166-2""=""US-WA""][admin_level=4], Overpass API https://overpass-api.de/api/interpreter; clustered DBSCAN(eps=50 m, min_samples=1); k = 1.00 (geometric mean of the nine Tier-1 all-owner anchor ratios = 1.0002).",OSM live snapshot 2026-09-03,2026-09-03,WITHIN_ANCHOR_RURALITY_SPAN,1000.0,6.253
WI,Wisconsin,4305.0,3232.0,5735.0,REAL_DATA_ADOPTED_CALIBRATED_MEASUREMENT,OSM_CLUSTER_50M_CALIBRATED,ALL_OWNER by construction (OpenStreetMap is a volunteer survey with no owner filter); residual error is under-mapping of sparse rural signals,CALIBRATED_ESTIMATE_95PCT_PREDICTION_INTERVAL,"OpenStreetMap contributors (ODbL). Nodes highway=traffic_signals inside area[""ISO3166-2""=""US-WI""][admin_level=4], Overpass API https://overpass-api.de/api/interpreter; clustered DBSCAN(eps=50 m, min_samples=1); k = 1.00 (geometric mean of the nine Tier-1 all-owner anchor ratios = 1.0002).",OSM live snapshot 2026-09-03,2026-09-03,WITHIN_ANCHOR_RURALITY_SPAN,1000.0,4.305
WV,West Virginia,1068.0,802.0,1423.0,REAL_DATA_ADOPTED_CALIBRATED_MEASUREMENT,OSM_CLUSTER_50M_CALIBRATED,ALL_OWNER by construction (OpenStreetMap is a volunteer survey with no owner filter); residual error is under-mapping of sparse rural signals,CALIBRATED_ESTIMATE_95PCT_PREDICTION_INTERVAL,"OpenStreetMap contributors (ODbL). Nodes highway=traffic_signals inside area[""ISO3166-2""=""US-WV""][admin_level=4], Overpass API https://overpass-api.de/api/interpreter; clustered DBSCAN(eps=50 m, min_samples=1); k = 1.00 (geometric mean of the nine Tier-1 all-owner anchor ratios = 1.0002).",OSM live snapshot 2026-09-03,2026-09-03,RURAL_HIGH_RECALL_RISK_TREAT_AS_LOWER_BOUND,1000.0,1.068
WY,Wyoming,431.0,324.0,574.0,REAL_DATA_ADOPTED_CALIBRATED_MEASUREMENT,OSM_CLUSTER_50M_CALIBRATED,ALL_OWNER by construction (OpenStreetMap is a volunteer survey with no owner filter); residual error is under-mapping of sparse rural signals,CALIBRATED_ESTIMATE_95PCT_PREDICTION_INTERVAL,"OpenStreetMap contributors (ODbL). Nodes highway=traffic_signals inside area[""ISO3166-2""=""US-WY""][admin_level=4], Overpass API https://overpass-api.de/api/interpreter; clustered DBSCAN(eps=50 m, min_samples=1); k = 1.00 (geometric mean of the nine Tier-1 all-owner anchor ratios = 1.0002).",OSM live snapshot 2026-09-03,2026-09-03,WITHIN_ANCHOR_RURALITY_SPAN,1000.0,0.431
