turning_point_year,n_entries_v33_central_grid_asymptotic,n_entries_v31_central,n_entries_v31_grid_2050_share_held_constant,n_entries_v31_grid_statutory_targets_completed,n_entries_v31_vehicle_2050_share_held_constant,n_entries_v33_vehicle_linear_trend,n_entries_v31_equal_size_comparison,n_entries_v30_prior_central
2034,1,1,1,1,1,1,1,0
2035,2,2,2,2,2,2,2,0
2036,1,1,1,1,1,1,1,0
2038,1,1,1,1,1,1,1,0
2039,1,1,1,1,1,1,1,0
2041,1,1,1,1,1,1,1,0
2053,0,0,0,0,0,0,0,1
2056,0,0,0,0,0,0,0,1
2057,0,0,0,0,0,0,0,22
2058,0,0,0,0,0,0,0,1
2060,2,2,2,2,2,2,2,2
2062,0,0,0,0,0,0,0,1
2063,0,0,0,0,0,0,0,1
2064,0,0,0,0,0,0,0,1
2067,0,0,0,0,0,0,0,1
2068,0,0,0,0,0,0,0,2
none by 2075,42,42,42,42,42,42,42,18
