state,state_name,vehicle_group,grid_class_v30,grid_class_v31,turning_point_v31_central,turning_point_v31_grid_2050_share_held,turning_point_v31_vehicle_2050_share_held,turning_point_v31_equal_size_comparison,turning_point_v30_prior,shift_vs_v30_years,status_change_vs_v30,peak_year_v31,peak_year_v30,peak_direct_co2_metric_tonnes_v31,ratio_2075_over_peak_v31
AK,Alaska,NO_VEHICLE_RULE_38,AK_RAILBELT_PUBLISHED_SCENARIO,AK_RAILBELT_PUBLISHED_SCENARIO,,,,,,,unchanged,2075,2074,8795.438968754452,1.0
AL,Alabama,NO_VEHICLE_RULE_38,CAMBIUM_BA_STATE_PATH,CAMBIUM_BA_STATE_PATH,,,,,2063,,lost its turning point,2075,2039,130382.57089409415,1.0
AR,Arkansas,NO_VEHICLE_RULE_38,CAMBIUM_BA_STATE_PATH,CAMBIUM_BA_STATE_PATH,,,,,2057,,lost its turning point,2075,2039,59971.52853078588,1.0
AZ,Arizona,NO_VEHICLE_RULE_38,CAMBIUM_BA_STATE_PATH,CAMBIUM_BA_STATE_PATH,,,,,,,unchanged,2075,2071,150630.48051854075,1.0
CA,California,FULL_SCHEDULE_10,GRID_100_STATUTE,CAMBIUM_BA_STATE_PATH_WITH_REGISTERED_STATUTORY_FLOOR,2038,2038,2038,2038,2057,-19,moved,2034,2057,37773.470039449036,0.00016835862317191112
CO,Colorado,CAPPED_82_MY2032_3,TARGET_CES_RPS,CAMBIUM_BA_STATE_PATH_WITH_REGISTERED_STATUTORY_FLOOR,2060,2060,2060,2060,2057,3,moved,2049,2047,12021.464572976298,0.35595938443968195
CT,Connecticut,NO_VEHICLE_RULE_38,GRID_100_STATUTE,CAMBIUM_BA_STATE_PATH_WITH_REGISTERED_STATUTORY_FLOOR,,,,,2057,,lost its turning point,2075,2037,67207.18826090267,1.0
DC,District of Columbia,FULL_SCHEDULE_10,GRID_100_STATUTE,CAMBIUM_BA_STATE_PATH_WITH_REGISTERED_STATUTORY_FLOOR,2035,2035,2035,2035,2057,-22,moved,2031,2057,382.62088684123347,0.0002004698156133552
DE,Delaware,CAPPED_82_MY2032_3,TARGET_CES_RPS,CAMBIUM_BA_STATE_PATH_WITH_REGISTERED_STATUTORY_FLOOR,,,,,,,unchanged,2075,2075,2974.0792227222278,1.0
FL,Florida,NO_VEHICLE_RULE_38,CAMBIUM_BA_STATE_PATH,CAMBIUM_BA_STATE_PATH,,,,,,,unchanged,2075,2074,495798.2103732914,1.0
GA,Georgia,NO_VEHICLE_RULE_38,CAMBIUM_BA_STATE_PATH,CAMBIUM_BA_STATE_PATH,,,,,,,unchanged,2075,2071,220535.541451062,1.0
HI,Hawaii,NO_VEHICLE_RULE_38,GRID_100_STATUTE,HI_STATUTE_MINUS_REGISTERED_FIRM_BIOFUEL,,,,,2057,,lost its turning point,2075,2038,27127.301347966586,1.0
IA,Iowa,NO_VEHICLE_RULE_38,CAMBIUM_BA_STATE_PATH,CAMBIUM_BA_STATE_PATH,,,,,2064,,lost its turning point,2075,2039,67997.2122052407,1.0
ID,Idaho,NO_VEHICLE_RULE_38,CAMBIUM_BA_STATE_PATH,CAMBIUM_BA_STATE_PATH,,,,,,,unchanged,2075,2071,34555.47211895577,1.0
IL,Illinois,NO_VEHICLE_RULE_38,GRID_100_STATUTE,CAMBIUM_BA_STATE_PATH_WITH_REGISTERED_STATUTORY_FLOOR,,,,,2057,,lost its turning point,2075,2038,229847.08839838093,1.0
IN,Indiana,NO_VEHICLE_RULE_38,CAMBIUM_BA_STATE_PATH,CAMBIUM_BA_STATE_PATH_WITH_REGISTERED_STATUTORY_FLOOR,,,,,,,unchanged,2075,2072,126883.91411464084,1.0
KS,Kansas,NO_VEHICLE_RULE_38,CAMBIUM_BA_STATE_PATH,CAMBIUM_BA_STATE_PATH,,,,,2067,,lost its turning point,2075,2038,39849.314177158296,1.0
KY,Kentucky,NO_VEHICLE_RULE_38,CAMBIUM_BA_STATE_PATH,CAMBIUM_BA_STATE_PATH,,,,,2062,,lost its turning point,2075,2039,97703.89264972019,1.0
LA,Louisiana,NO_VEHICLE_RULE_38,CAMBIUM_BA_STATE_PATH,CAMBIUM_BA_STATE_PATH,,,,,,,unchanged,2075,2075,95654.08911426927,1.0
MA,Massachusetts,FULL_SCHEDULE_10,GRID_100_STATUTE,CAMBIUM_BA_STATE_PATH_WITH_REGISTERED_STATUTORY_FLOOR,,,,,2057,,lost its turning point,2075,2038,13555.599375799522,1.0
MD,Maryland,FULL_SCHEDULE_10,TARGET_CES_RPS,CAMBIUM_BA_STATE_PATH_WITH_REGISTERED_STATUTORY_FLOOR,,,,,,,unchanged,2075,2075,23526.60278996173,1.0
ME,Maine,NO_VEHICLE_RULE_38,GRID_100_STATUTE,CAMBIUM_BA_STATE_PATH_WITH_REGISTERED_STATUTORY_FLOOR,,,,,2057,,lost its turning point,2075,2037,20778.230626005214,1.0
MI,Michigan,NO_VEHICLE_RULE_38,GRID_100_STATUTE,CAMBIUM_BA_STATE_PATH_WITH_REGISTERED_STATUTORY_FLOOR,,,,,2057,,lost its turning point,2075,2037,165396.10671932582,1.0
MN,Minnesota,NO_VEHICLE_RULE_38,GRID_100_STATUTE,CAMBIUM_BA_STATE_PATH_WITH_REGISTERED_STATUTORY_FLOOR,,,,,2057,,lost its turning point,2075,2038,106037.89076449531,1.0
MO,Missouri,NO_VEHICLE_RULE_38,CAMBIUM_BA_STATE_PATH,CAMBIUM_BA_STATE_PATH_WITH_REGISTERED_STATUTORY_FLOOR,,,,,2058,,lost its turning point,2075,2038,108402.72909270307,1.0
MS,Mississippi,NO_VEHICLE_RULE_38,CAMBIUM_BA_STATE_PATH,CAMBIUM_BA_STATE_PATH,,,,,2056,,lost its turning point,2075,2042,49934.62561683755,1.0
MT,Montana,NO_VEHICLE_RULE_38,CAMBIUM_BA_STATE_PATH,CAMBIUM_BA_STATE_PATH,,,,,,,unchanged,2075,2075,39649.365462305745,1.0
NC,North Carolina,NO_VEHICLE_RULE_38,GRID_100_STATUTE,CAMBIUM_BA_STATE_PATH_WITH_REGISTERED_STATUTORY_FLOOR,,,,,2057,,lost its turning point,2075,2038,195553.49107833824,1.0
ND,North Dakota,NO_VEHICLE_RULE_38,CAMBIUM_BA_STATE_PATH,CAMBIUM_BA_STATE_PATH,,,,,,,unchanged,2075,2075,15559.71507014981,1.0
NE,Nebraska,NO_VEHICLE_RULE_38,GRID_100_STATUTE,CAMBIUM_BA_STATE_PATH,,,,,2057,,lost its turning point,2075,2039,39792.06147146369,1.0
NH,New Hampshire,NO_VEHICLE_RULE_38,CAMBIUM_BA_STATE_PATH,CAMBIUM_BA_STATE_PATH_WITH_REGISTERED_STATUTORY_FLOOR,,,,,,,unchanged,2075,2071,27238.44894575862,1.0
NJ,New Jersey,FULL_SCHEDULE_10,TARGET_CES_RPS,CAMBIUM_BA_STATE_PATH_WITH_REGISTERED_STATUTORY_FLOOR,,,,,,,unchanged,2075,2075,31761.083461509224,1.0
NM,New Mexico,CAPPED_82_MY2032_3,GRID_100_STATUTE,CAMBIUM_BA_STATE_PATH_WITH_REGISTERED_STATUTORY_FLOOR,2060,2060,2060,2060,2057,3,moved,2044,2038,3515.8192559300733,0.5240253711061622
NV,Nevada,NO_VEHICLE_RULE_38,GRID_100_STATUTE,CAMBIUM_BA_STATE_PATH_WITH_REGISTERED_STATUTORY_FLOOR,,,,,2057,,lost its turning point,2075,2038,52557.19212433751,1.0
NY,New York,FULL_SCHEDULE_10,GRID_100_STATUTE,CAMBIUM_BA_STATE_PATH_WITH_REGISTERED_STATUTORY_FLOOR,2036,2036,2036,2036,2057,-21,moved,2036,2057,20231.36469257503,0.00016086019091205884
OH,Ohio,NO_VEHICLE_RULE_38,CAMBIUM_BA_STATE_PATH,CAMBIUM_BA_STATE_PATH_WITH_REGISTERED_STATUTORY_FLOOR,,,,,,,unchanged,2075,2075,287309.3301942488,1.0
OK,Oklahoma,NO_VEHICLE_RULE_38,CAMBIUM_BA_STATE_PATH,CAMBIUM_BA_STATE_PATH,,,,,2068,,lost its turning point,2075,2068,72116.52906093036,1.0
OR,Oregon,FULL_SCHEDULE_10,GRID_100_STATUTE,CAMBIUM_BA_STATE_PATH_WITH_REGISTERED_STATUTORY_FLOOR,2039,2039,2039,2039,2057,-18,moved,2039,2057,4825.310229907527,0.00013491815491152912
PA,Pennsylvania,NO_VEHICLE_RULE_38,CAMBIUM_BA_STATE_PATH,CAMBIUM_BA_STATE_PATH_WITH_REGISTERED_STATUTORY_FLOOR,,,,,,,unchanged,2075,2075,246953.98304220126,1.0
RI,Rhode Island,FULL_SCHEDULE_10,GRID_100_STATUTE,CAMBIUM_BA_STATE_PATH_WITH_REGISTERED_STATUTORY_FLOOR,2035,2035,2035,2035,2057,-22,moved,2032,2057,817.7917148205253,0.00019250638036061115
SC,South Carolina,NO_VEHICLE_RULE_38,CAMBIUM_BA_STATE_PATH,CAMBIUM_BA_STATE_PATH,,,,,2053,,lost its turning point,2075,2038,112246.87990799239,1.0
SD,South Dakota,NO_VEHICLE_RULE_38,CAMBIUM_BA_STATE_PATH,CAMBIUM_BA_STATE_PATH_WITH_REGISTERED_STATUTORY_FLOOR,,,,,,,unchanged,2075,2073,19535.883282253475,1.0
TN,Tennessee,NO_VEHICLE_RULE_38,CAMBIUM_BA_STATE_PATH,CAMBIUM_BA_STATE_PATH,,,,,2057,,lost its turning point,2075,2038,147758.1982777434,1.0
TX,Texas,NO_VEHICLE_RULE_38,CAMBIUM_BA_STATE_PATH,CAMBIUM_BA_STATE_PATH,,,,,2068,,lost its turning point,2075,2068,498287.50162793446,1.0
UT,Utah,NO_VEHICLE_RULE_38,CAMBIUM_BA_STATE_PATH,CAMBIUM_BA_STATE_PATH_WITH_REGISTERED_STATUTORY_FLOOR,,,,,2060,,lost its turning point,2075,2060,65633.86110455995,1.0
VA,Virginia,NO_VEHICLE_RULE_38,GRID_100_STATUTE,CAMBIUM_BA_STATE_PATH_WITH_REGISTERED_STATUTORY_FLOOR,,,,,2057,,lost its turning point,2075,2038,184599.5161019381,1.0
VT,Vermont,FULL_SCHEDULE_10,GRID_100_STATUTE,CAMBIUM_BA_STATE_PATH_WITH_REGISTERED_STATUTORY_FLOOR,2034,2034,2034,2034,2057,-23,moved,2034,2057,396.52255561435743,0.00020835340938317145
WA,Washington,FULL_SCHEDULE_10,GRID_100_STATUTE,CAMBIUM_BA_STATE_PATH_WITH_REGISTERED_STATUTORY_FLOOR,2041,2041,2041,2041,2057,-16,moved,2041,2057,8617.019072976247,0.00014609434138698667
WI,Wisconsin,NO_VEHICLE_RULE_38,CAMBIUM_BA_STATE_PATH,CAMBIUM_BA_STATE_PATH_WITH_REGISTERED_STATUTORY_FLOOR,,,,,,,unchanged,2075,2075,121621.95933347353,1.0
WV,West Virginia,NO_VEHICLE_RULE_38,CAMBIUM_BA_STATE_PATH,CAMBIUM_BA_STATE_PATH,,,,,2060,,lost its turning point,2075,2041,27162.840842343172,1.0
WY,Wyoming,NO_VEHICLE_RULE_38,CAMBIUM_BA_STATE_PATH,CAMBIUM_BA_STATE_PATH,,,,,,,unchanged,2075,2075,12799.550478389125,1.0
