grid_tail_rule,vehicle_tail_rule,extension_rule,is_the_delivered_central,state,state_name,vehicle_group,grid_class,turning_point_year,turning_status,peak_year,ratio_2075_over_peak
ASYMPTOTIC,ASYMPTOTIC,grid ASYMPTOTIC / vehicle ASYMPTOTIC,True,AK,Alaska,NO_VEHICLE_RULE_38,AK_RAILBELT_PUBLISHED_SCENARIO,,NO_TURNING_POINT_BY_2075,2075,1.0
ASYMPTOTIC,ASYMPTOTIC,grid ASYMPTOTIC / vehicle ASYMPTOTIC,True,AL,Alabama,NO_VEHICLE_RULE_38,CAMBIUM_BA_STATE_PATH,,NO_TURNING_POINT_BY_2075,2075,1.0
ASYMPTOTIC,ASYMPTOTIC,grid ASYMPTOTIC / vehicle ASYMPTOTIC,True,AR,Arkansas,NO_VEHICLE_RULE_38,CAMBIUM_BA_STATE_PATH,,NO_TURNING_POINT_BY_2075,2075,1.0
ASYMPTOTIC,ASYMPTOTIC,grid ASYMPTOTIC / vehicle ASYMPTOTIC,True,AZ,Arizona,NO_VEHICLE_RULE_38,CAMBIUM_BA_STATE_PATH,,NO_TURNING_POINT_BY_2075,2075,1.0
ASYMPTOTIC,ASYMPTOTIC,grid ASYMPTOTIC / vehicle ASYMPTOTIC,True,CA,California,FULL_SCHEDULE_10,CAMBIUM_BA_STATE_PATH_WITH_REGISTERED_STATUTORY_FLOOR,2038.0,IDENTIFIED,2034,0.00016835862317191112
ASYMPTOTIC,ASYMPTOTIC,grid ASYMPTOTIC / vehicle ASYMPTOTIC,True,CO,Colorado,CAPPED_82_MY2032_3,CAMBIUM_BA_STATE_PATH_WITH_REGISTERED_STATUTORY_FLOOR,2060.0,IDENTIFIED,2049,0.35595938443968195
ASYMPTOTIC,ASYMPTOTIC,grid ASYMPTOTIC / vehicle ASYMPTOTIC,True,CT,Connecticut,NO_VEHICLE_RULE_38,CAMBIUM_BA_STATE_PATH_WITH_REGISTERED_STATUTORY_FLOOR,,NO_TURNING_POINT_BY_2075,2075,1.0
ASYMPTOTIC,ASYMPTOTIC,grid ASYMPTOTIC / vehicle ASYMPTOTIC,True,DC,District of Columbia,FULL_SCHEDULE_10,CAMBIUM_BA_STATE_PATH_WITH_REGISTERED_STATUTORY_FLOOR,2035.0,IDENTIFIED,2031,0.0002004698156133552
ASYMPTOTIC,ASYMPTOTIC,grid ASYMPTOTIC / vehicle ASYMPTOTIC,True,DE,Delaware,CAPPED_82_MY2032_3,CAMBIUM_BA_STATE_PATH_WITH_REGISTERED_STATUTORY_FLOOR,,NO_TURNING_POINT_BY_2075,2075,1.0
ASYMPTOTIC,ASYMPTOTIC,grid ASYMPTOTIC / vehicle ASYMPTOTIC,True,FL,Florida,NO_VEHICLE_RULE_38,CAMBIUM_BA_STATE_PATH,,NO_TURNING_POINT_BY_2075,2075,1.0
ASYMPTOTIC,ASYMPTOTIC,grid ASYMPTOTIC / vehicle ASYMPTOTIC,True,GA,Georgia,NO_VEHICLE_RULE_38,CAMBIUM_BA_STATE_PATH,,NO_TURNING_POINT_BY_2075,2075,1.0
ASYMPTOTIC,ASYMPTOTIC,grid ASYMPTOTIC / vehicle ASYMPTOTIC,True,HI,Hawaii,NO_VEHICLE_RULE_38,HI_STATUTE_MINUS_REGISTERED_FIRM_BIOFUEL,,NO_TURNING_POINT_BY_2075,2075,1.0
ASYMPTOTIC,ASYMPTOTIC,grid ASYMPTOTIC / vehicle ASYMPTOTIC,True,IA,Iowa,NO_VEHICLE_RULE_38,CAMBIUM_BA_STATE_PATH,,NO_TURNING_POINT_BY_2075,2075,1.0
ASYMPTOTIC,ASYMPTOTIC,grid ASYMPTOTIC / vehicle ASYMPTOTIC,True,ID,Idaho,NO_VEHICLE_RULE_38,CAMBIUM_BA_STATE_PATH,,NO_TURNING_POINT_BY_2075,2075,1.0
ASYMPTOTIC,ASYMPTOTIC,grid ASYMPTOTIC / vehicle ASYMPTOTIC,True,IL,Illinois,NO_VEHICLE_RULE_38,CAMBIUM_BA_STATE_PATH_WITH_REGISTERED_STATUTORY_FLOOR,,NO_TURNING_POINT_BY_2075,2075,1.0
ASYMPTOTIC,ASYMPTOTIC,grid ASYMPTOTIC / vehicle ASYMPTOTIC,True,IN,Indiana,NO_VEHICLE_RULE_38,CAMBIUM_BA_STATE_PATH_WITH_REGISTERED_STATUTORY_FLOOR,,NO_TURNING_POINT_BY_2075,2075,1.0
ASYMPTOTIC,ASYMPTOTIC,grid ASYMPTOTIC / vehicle ASYMPTOTIC,True,KS,Kansas,NO_VEHICLE_RULE_38,CAMBIUM_BA_STATE_PATH,,NO_TURNING_POINT_BY_2075,2075,1.0
ASYMPTOTIC,ASYMPTOTIC,grid ASYMPTOTIC / vehicle ASYMPTOTIC,True,KY,Kentucky,NO_VEHICLE_RULE_38,CAMBIUM_BA_STATE_PATH,,NO_TURNING_POINT_BY_2075,2075,1.0
ASYMPTOTIC,ASYMPTOTIC,grid ASYMPTOTIC / vehicle ASYMPTOTIC,True,LA,Louisiana,NO_VEHICLE_RULE_38,CAMBIUM_BA_STATE_PATH,,NO_TURNING_POINT_BY_2075,2075,1.0
ASYMPTOTIC,ASYMPTOTIC,grid ASYMPTOTIC / vehicle ASYMPTOTIC,True,MA,Massachusetts,FULL_SCHEDULE_10,CAMBIUM_BA_STATE_PATH_WITH_REGISTERED_STATUTORY_FLOOR,,NO_TURNING_POINT_BY_2075,2075,1.0
ASYMPTOTIC,ASYMPTOTIC,grid ASYMPTOTIC / vehicle ASYMPTOTIC,True,MD,Maryland,FULL_SCHEDULE_10,CAMBIUM_BA_STATE_PATH_WITH_REGISTERED_STATUTORY_FLOOR,,NO_TURNING_POINT_BY_2075,2075,1.0
ASYMPTOTIC,ASYMPTOTIC,grid ASYMPTOTIC / vehicle ASYMPTOTIC,True,ME,Maine,NO_VEHICLE_RULE_38,CAMBIUM_BA_STATE_PATH_WITH_REGISTERED_STATUTORY_FLOOR,,NO_TURNING_POINT_BY_2075,2075,1.0
ASYMPTOTIC,ASYMPTOTIC,grid ASYMPTOTIC / vehicle ASYMPTOTIC,True,MI,Michigan,NO_VEHICLE_RULE_38,CAMBIUM_BA_STATE_PATH_WITH_REGISTERED_STATUTORY_FLOOR,,NO_TURNING_POINT_BY_2075,2075,1.0
ASYMPTOTIC,ASYMPTOTIC,grid ASYMPTOTIC / vehicle ASYMPTOTIC,True,MN,Minnesota,NO_VEHICLE_RULE_38,CAMBIUM_BA_STATE_PATH_WITH_REGISTERED_STATUTORY_FLOOR,,NO_TURNING_POINT_BY_2075,2075,1.0
ASYMPTOTIC,ASYMPTOTIC,grid ASYMPTOTIC / vehicle ASYMPTOTIC,True,MO,Missouri,NO_VEHICLE_RULE_38,CAMBIUM_BA_STATE_PATH_WITH_REGISTERED_STATUTORY_FLOOR,,NO_TURNING_POINT_BY_2075,2075,1.0
ASYMPTOTIC,ASYMPTOTIC,grid ASYMPTOTIC / vehicle ASYMPTOTIC,True,MS,Mississippi,NO_VEHICLE_RULE_38,CAMBIUM_BA_STATE_PATH,,NO_TURNING_POINT_BY_2075,2075,1.0
ASYMPTOTIC,ASYMPTOTIC,grid ASYMPTOTIC / vehicle ASYMPTOTIC,True,MT,Montana,NO_VEHICLE_RULE_38,CAMBIUM_BA_STATE_PATH,,NO_TURNING_POINT_BY_2075,2075,1.0
ASYMPTOTIC,ASYMPTOTIC,grid ASYMPTOTIC / vehicle ASYMPTOTIC,True,NC,North Carolina,NO_VEHICLE_RULE_38,CAMBIUM_BA_STATE_PATH_WITH_REGISTERED_STATUTORY_FLOOR,,NO_TURNING_POINT_BY_2075,2075,1.0
ASYMPTOTIC,ASYMPTOTIC,grid ASYMPTOTIC / vehicle ASYMPTOTIC,True,ND,North Dakota,NO_VEHICLE_RULE_38,CAMBIUM_BA_STATE_PATH,,NO_TURNING_POINT_BY_2075,2075,1.0
ASYMPTOTIC,ASYMPTOTIC,grid ASYMPTOTIC / vehicle ASYMPTOTIC,True,NE,Nebraska,NO_VEHICLE_RULE_38,CAMBIUM_BA_STATE_PATH,,NO_TURNING_POINT_BY_2075,2075,1.0
ASYMPTOTIC,ASYMPTOTIC,grid ASYMPTOTIC / vehicle ASYMPTOTIC,True,NH,New Hampshire,NO_VEHICLE_RULE_38,CAMBIUM_BA_STATE_PATH_WITH_REGISTERED_STATUTORY_FLOOR,,NO_TURNING_POINT_BY_2075,2075,1.0
ASYMPTOTIC,ASYMPTOTIC,grid ASYMPTOTIC / vehicle ASYMPTOTIC,True,NJ,New Jersey,FULL_SCHEDULE_10,CAMBIUM_BA_STATE_PATH_WITH_REGISTERED_STATUTORY_FLOOR,,NO_TURNING_POINT_BY_2075,2075,1.0
ASYMPTOTIC,ASYMPTOTIC,grid ASYMPTOTIC / vehicle ASYMPTOTIC,True,NM,New Mexico,CAPPED_82_MY2032_3,CAMBIUM_BA_STATE_PATH_WITH_REGISTERED_STATUTORY_FLOOR,2060.0,IDENTIFIED,2044,0.5240253711061622
ASYMPTOTIC,ASYMPTOTIC,grid ASYMPTOTIC / vehicle ASYMPTOTIC,True,NV,Nevada,NO_VEHICLE_RULE_38,CAMBIUM_BA_STATE_PATH_WITH_REGISTERED_STATUTORY_FLOOR,,NO_TURNING_POINT_BY_2075,2075,1.0
ASYMPTOTIC,ASYMPTOTIC,grid ASYMPTOTIC / vehicle ASYMPTOTIC,True,NY,New York,FULL_SCHEDULE_10,CAMBIUM_BA_STATE_PATH_WITH_REGISTERED_STATUTORY_FLOOR,2036.0,IDENTIFIED,2036,0.00016086019091205884
ASYMPTOTIC,ASYMPTOTIC,grid ASYMPTOTIC / vehicle ASYMPTOTIC,True,OH,Ohio,NO_VEHICLE_RULE_38,CAMBIUM_BA_STATE_PATH_WITH_REGISTERED_STATUTORY_FLOOR,,NO_TURNING_POINT_BY_2075,2075,1.0
ASYMPTOTIC,ASYMPTOTIC,grid ASYMPTOTIC / vehicle ASYMPTOTIC,True,OK,Oklahoma,NO_VEHICLE_RULE_38,CAMBIUM_BA_STATE_PATH,,NO_TURNING_POINT_BY_2075,2075,1.0
ASYMPTOTIC,ASYMPTOTIC,grid ASYMPTOTIC / vehicle ASYMPTOTIC,True,OR,Oregon,FULL_SCHEDULE_10,CAMBIUM_BA_STATE_PATH_WITH_REGISTERED_STATUTORY_FLOOR,2039.0,IDENTIFIED,2039,0.00013491815491152912
ASYMPTOTIC,ASYMPTOTIC,grid ASYMPTOTIC / vehicle ASYMPTOTIC,True,PA,Pennsylvania,NO_VEHICLE_RULE_38,CAMBIUM_BA_STATE_PATH_WITH_REGISTERED_STATUTORY_FLOOR,,NO_TURNING_POINT_BY_2075,2075,1.0
ASYMPTOTIC,ASYMPTOTIC,grid ASYMPTOTIC / vehicle ASYMPTOTIC,True,RI,Rhode Island,FULL_SCHEDULE_10,CAMBIUM_BA_STATE_PATH_WITH_REGISTERED_STATUTORY_FLOOR,2035.0,IDENTIFIED,2032,0.00019250638036061115
ASYMPTOTIC,ASYMPTOTIC,grid ASYMPTOTIC / vehicle ASYMPTOTIC,True,SC,South Carolina,NO_VEHICLE_RULE_38,CAMBIUM_BA_STATE_PATH,,NO_TURNING_POINT_BY_2075,2075,1.0
ASYMPTOTIC,ASYMPTOTIC,grid ASYMPTOTIC / vehicle ASYMPTOTIC,True,SD,South Dakota,NO_VEHICLE_RULE_38,CAMBIUM_BA_STATE_PATH_WITH_REGISTERED_STATUTORY_FLOOR,,NO_TURNING_POINT_BY_2075,2075,1.0
ASYMPTOTIC,ASYMPTOTIC,grid ASYMPTOTIC / vehicle ASYMPTOTIC,True,TN,Tennessee,NO_VEHICLE_RULE_38,CAMBIUM_BA_STATE_PATH,,NO_TURNING_POINT_BY_2075,2075,1.0
ASYMPTOTIC,ASYMPTOTIC,grid ASYMPTOTIC / vehicle ASYMPTOTIC,True,TX,Texas,NO_VEHICLE_RULE_38,CAMBIUM_BA_STATE_PATH,,NO_TURNING_POINT_BY_2075,2075,1.0
ASYMPTOTIC,ASYMPTOTIC,grid ASYMPTOTIC / vehicle ASYMPTOTIC,True,UT,Utah,NO_VEHICLE_RULE_38,CAMBIUM_BA_STATE_PATH_WITH_REGISTERED_STATUTORY_FLOOR,,NO_TURNING_POINT_BY_2075,2075,1.0
ASYMPTOTIC,ASYMPTOTIC,grid ASYMPTOTIC / vehicle ASYMPTOTIC,True,VA,Virginia,NO_VEHICLE_RULE_38,CAMBIUM_BA_STATE_PATH_WITH_REGISTERED_STATUTORY_FLOOR,,NO_TURNING_POINT_BY_2075,2075,1.0
ASYMPTOTIC,ASYMPTOTIC,grid ASYMPTOTIC / vehicle ASYMPTOTIC,True,VT,Vermont,FULL_SCHEDULE_10,CAMBIUM_BA_STATE_PATH_WITH_REGISTERED_STATUTORY_FLOOR,2034.0,IDENTIFIED,2034,0.00020835340938317145
ASYMPTOTIC,ASYMPTOTIC,grid ASYMPTOTIC / vehicle ASYMPTOTIC,True,WA,Washington,FULL_SCHEDULE_10,CAMBIUM_BA_STATE_PATH_WITH_REGISTERED_STATUTORY_FLOOR,2041.0,IDENTIFIED,2041,0.00014609434138698667
ASYMPTOTIC,ASYMPTOTIC,grid ASYMPTOTIC / vehicle ASYMPTOTIC,True,WI,Wisconsin,NO_VEHICLE_RULE_38,CAMBIUM_BA_STATE_PATH_WITH_REGISTERED_STATUTORY_FLOOR,,NO_TURNING_POINT_BY_2075,2075,1.0
ASYMPTOTIC,ASYMPTOTIC,grid ASYMPTOTIC / vehicle ASYMPTOTIC,True,WV,West Virginia,NO_VEHICLE_RULE_38,CAMBIUM_BA_STATE_PATH,,NO_TURNING_POINT_BY_2075,2075,1.0
ASYMPTOTIC,ASYMPTOTIC,grid ASYMPTOTIC / vehicle ASYMPTOTIC,True,WY,Wyoming,NO_VEHICLE_RULE_38,CAMBIUM_BA_STATE_PATH,,NO_TURNING_POINT_BY_2075,2075,1.0
TREND,TREND,grid TREND / vehicle TREND,False,AK,Alaska,NO_VEHICLE_RULE_38,AK_RAILBELT_PUBLISHED_SCENARIO,,NO_TURNING_POINT_BY_2075,2075,1.0
TREND,TREND,grid TREND / vehicle TREND,False,AL,Alabama,NO_VEHICLE_RULE_38,CAMBIUM_BA_STATE_PATH,,NO_TURNING_POINT_BY_2075,2075,1.0
TREND,TREND,grid TREND / vehicle TREND,False,AR,Arkansas,NO_VEHICLE_RULE_38,CAMBIUM_BA_STATE_PATH,,NO_TURNING_POINT_BY_2075,2075,1.0
TREND,TREND,grid TREND / vehicle TREND,False,AZ,Arizona,NO_VEHICLE_RULE_38,CAMBIUM_BA_STATE_PATH,,NO_TURNING_POINT_BY_2075,2075,1.0
TREND,TREND,grid TREND / vehicle TREND,False,CA,California,FULL_SCHEDULE_10,CAMBIUM_BA_STATE_PATH_WITH_REGISTERED_STATUTORY_FLOOR,2038.0,IDENTIFIED,2034,0.00016835862317191112
TREND,TREND,grid TREND / vehicle TREND,False,CO,Colorado,CAPPED_82_MY2032_3,CAMBIUM_BA_STATE_PATH_WITH_REGISTERED_STATUTORY_FLOOR,2060.0,IDENTIFIED,2049,0.35595938443968195
TREND,TREND,grid TREND / vehicle TREND,False,CT,Connecticut,NO_VEHICLE_RULE_38,CAMBIUM_BA_STATE_PATH_WITH_REGISTERED_STATUTORY_FLOOR,,NO_TURNING_POINT_BY_2075,2075,1.0
TREND,TREND,grid TREND / vehicle TREND,False,DC,District of Columbia,FULL_SCHEDULE_10,CAMBIUM_BA_STATE_PATH_WITH_REGISTERED_STATUTORY_FLOOR,2035.0,IDENTIFIED,2031,0.0002004698156133552
TREND,TREND,grid TREND / vehicle TREND,False,DE,Delaware,CAPPED_82_MY2032_3,CAMBIUM_BA_STATE_PATH_WITH_REGISTERED_STATUTORY_FLOOR,,NO_TURNING_POINT_BY_2075,2075,1.0
TREND,TREND,grid TREND / vehicle TREND,False,FL,Florida,NO_VEHICLE_RULE_38,CAMBIUM_BA_STATE_PATH,,NO_TURNING_POINT_BY_2075,2075,1.0
TREND,TREND,grid TREND / vehicle TREND,False,GA,Georgia,NO_VEHICLE_RULE_38,CAMBIUM_BA_STATE_PATH,,NO_TURNING_POINT_BY_2075,2075,1.0
TREND,TREND,grid TREND / vehicle TREND,False,HI,Hawaii,NO_VEHICLE_RULE_38,HI_STATUTE_MINUS_REGISTERED_FIRM_BIOFUEL,,NO_TURNING_POINT_BY_2075,2075,1.0
TREND,TREND,grid TREND / vehicle TREND,False,IA,Iowa,NO_VEHICLE_RULE_38,CAMBIUM_BA_STATE_PATH,,NO_TURNING_POINT_BY_2075,2075,1.0
TREND,TREND,grid TREND / vehicle TREND,False,ID,Idaho,NO_VEHICLE_RULE_38,CAMBIUM_BA_STATE_PATH,,NO_TURNING_POINT_BY_2075,2075,1.0
TREND,TREND,grid TREND / vehicle TREND,False,IL,Illinois,NO_VEHICLE_RULE_38,CAMBIUM_BA_STATE_PATH_WITH_REGISTERED_STATUTORY_FLOOR,,NO_TURNING_POINT_BY_2075,2075,1.0
TREND,TREND,grid TREND / vehicle TREND,False,IN,Indiana,NO_VEHICLE_RULE_38,CAMBIUM_BA_STATE_PATH_WITH_REGISTERED_STATUTORY_FLOOR,,NO_TURNING_POINT_BY_2075,2075,1.0
TREND,TREND,grid TREND / vehicle TREND,False,KS,Kansas,NO_VEHICLE_RULE_38,CAMBIUM_BA_STATE_PATH,,NO_TURNING_POINT_BY_2075,2075,1.0
TREND,TREND,grid TREND / vehicle TREND,False,KY,Kentucky,NO_VEHICLE_RULE_38,CAMBIUM_BA_STATE_PATH,,NO_TURNING_POINT_BY_2075,2075,1.0
TREND,TREND,grid TREND / vehicle TREND,False,LA,Louisiana,NO_VEHICLE_RULE_38,CAMBIUM_BA_STATE_PATH,,NO_TURNING_POINT_BY_2075,2075,1.0
TREND,TREND,grid TREND / vehicle TREND,False,MA,Massachusetts,FULL_SCHEDULE_10,CAMBIUM_BA_STATE_PATH_WITH_REGISTERED_STATUTORY_FLOOR,,NO_TURNING_POINT_BY_2075,2075,1.0
TREND,TREND,grid TREND / vehicle TREND,False,MD,Maryland,FULL_SCHEDULE_10,CAMBIUM_BA_STATE_PATH_WITH_REGISTERED_STATUTORY_FLOOR,,NO_TURNING_POINT_BY_2075,2075,1.0
TREND,TREND,grid TREND / vehicle TREND,False,ME,Maine,NO_VEHICLE_RULE_38,CAMBIUM_BA_STATE_PATH_WITH_REGISTERED_STATUTORY_FLOOR,,NO_TURNING_POINT_BY_2075,2075,1.0
TREND,TREND,grid TREND / vehicle TREND,False,MI,Michigan,NO_VEHICLE_RULE_38,CAMBIUM_BA_STATE_PATH_WITH_REGISTERED_STATUTORY_FLOOR,,NO_TURNING_POINT_BY_2075,2075,1.0
TREND,TREND,grid TREND / vehicle TREND,False,MN,Minnesota,NO_VEHICLE_RULE_38,CAMBIUM_BA_STATE_PATH_WITH_REGISTERED_STATUTORY_FLOOR,,NO_TURNING_POINT_BY_2075,2075,1.0
TREND,TREND,grid TREND / vehicle TREND,False,MO,Missouri,NO_VEHICLE_RULE_38,CAMBIUM_BA_STATE_PATH_WITH_REGISTERED_STATUTORY_FLOOR,,NO_TURNING_POINT_BY_2075,2075,1.0
TREND,TREND,grid TREND / vehicle TREND,False,MS,Mississippi,NO_VEHICLE_RULE_38,CAMBIUM_BA_STATE_PATH,,NO_TURNING_POINT_BY_2075,2075,1.0
TREND,TREND,grid TREND / vehicle TREND,False,MT,Montana,NO_VEHICLE_RULE_38,CAMBIUM_BA_STATE_PATH,,NO_TURNING_POINT_BY_2075,2075,1.0
TREND,TREND,grid TREND / vehicle TREND,False,NC,North Carolina,NO_VEHICLE_RULE_38,CAMBIUM_BA_STATE_PATH_WITH_REGISTERED_STATUTORY_FLOOR,,NO_TURNING_POINT_BY_2075,2075,1.0
TREND,TREND,grid TREND / vehicle TREND,False,ND,North Dakota,NO_VEHICLE_RULE_38,CAMBIUM_BA_STATE_PATH,,NO_TURNING_POINT_BY_2075,2075,1.0
TREND,TREND,grid TREND / vehicle TREND,False,NE,Nebraska,NO_VEHICLE_RULE_38,CAMBIUM_BA_STATE_PATH,,NO_TURNING_POINT_BY_2075,2075,1.0
TREND,TREND,grid TREND / vehicle TREND,False,NH,New Hampshire,NO_VEHICLE_RULE_38,CAMBIUM_BA_STATE_PATH_WITH_REGISTERED_STATUTORY_FLOOR,,NO_TURNING_POINT_BY_2075,2075,1.0
TREND,TREND,grid TREND / vehicle TREND,False,NJ,New Jersey,FULL_SCHEDULE_10,CAMBIUM_BA_STATE_PATH_WITH_REGISTERED_STATUTORY_FLOOR,,NO_TURNING_POINT_BY_2075,2075,1.0
TREND,TREND,grid TREND / vehicle TREND,False,NM,New Mexico,CAPPED_82_MY2032_3,CAMBIUM_BA_STATE_PATH_WITH_REGISTERED_STATUTORY_FLOOR,2060.0,IDENTIFIED,2044,0.5240253711061622
TREND,TREND,grid TREND / vehicle TREND,False,NV,Nevada,NO_VEHICLE_RULE_38,CAMBIUM_BA_STATE_PATH_WITH_REGISTERED_STATUTORY_FLOOR,,NO_TURNING_POINT_BY_2075,2075,1.0
TREND,TREND,grid TREND / vehicle TREND,False,NY,New York,FULL_SCHEDULE_10,CAMBIUM_BA_STATE_PATH_WITH_REGISTERED_STATUTORY_FLOOR,2036.0,IDENTIFIED,2036,0.00016086019091205884
TREND,TREND,grid TREND / vehicle TREND,False,OH,Ohio,NO_VEHICLE_RULE_38,CAMBIUM_BA_STATE_PATH_WITH_REGISTERED_STATUTORY_FLOOR,,NO_TURNING_POINT_BY_2075,2075,1.0
TREND,TREND,grid TREND / vehicle TREND,False,OK,Oklahoma,NO_VEHICLE_RULE_38,CAMBIUM_BA_STATE_PATH,,NO_TURNING_POINT_BY_2075,2075,1.0
TREND,TREND,grid TREND / vehicle TREND,False,OR,Oregon,FULL_SCHEDULE_10,CAMBIUM_BA_STATE_PATH_WITH_REGISTERED_STATUTORY_FLOOR,2039.0,IDENTIFIED,2039,0.00013491815491152912
TREND,TREND,grid TREND / vehicle TREND,False,PA,Pennsylvania,NO_VEHICLE_RULE_38,CAMBIUM_BA_STATE_PATH_WITH_REGISTERED_STATUTORY_FLOOR,,NO_TURNING_POINT_BY_2075,2075,1.0
TREND,TREND,grid TREND / vehicle TREND,False,RI,Rhode Island,FULL_SCHEDULE_10,CAMBIUM_BA_STATE_PATH_WITH_REGISTERED_STATUTORY_FLOOR,2035.0,IDENTIFIED,2032,0.00019250638036061115
TREND,TREND,grid TREND / vehicle TREND,False,SC,South Carolina,NO_VEHICLE_RULE_38,CAMBIUM_BA_STATE_PATH,,NO_TURNING_POINT_BY_2075,2075,1.0
TREND,TREND,grid TREND / vehicle TREND,False,SD,South Dakota,NO_VEHICLE_RULE_38,CAMBIUM_BA_STATE_PATH_WITH_REGISTERED_STATUTORY_FLOOR,,NO_TURNING_POINT_BY_2075,2075,1.0
TREND,TREND,grid TREND / vehicle TREND,False,TN,Tennessee,NO_VEHICLE_RULE_38,CAMBIUM_BA_STATE_PATH,,NO_TURNING_POINT_BY_2075,2075,1.0
TREND,TREND,grid TREND / vehicle TREND,False,TX,Texas,NO_VEHICLE_RULE_38,CAMBIUM_BA_STATE_PATH,,NO_TURNING_POINT_BY_2075,2075,1.0
TREND,TREND,grid TREND / vehicle TREND,False,UT,Utah,NO_VEHICLE_RULE_38,CAMBIUM_BA_STATE_PATH_WITH_REGISTERED_STATUTORY_FLOOR,,NO_TURNING_POINT_BY_2075,2075,1.0
TREND,TREND,grid TREND / vehicle TREND,False,VA,Virginia,NO_VEHICLE_RULE_38,CAMBIUM_BA_STATE_PATH_WITH_REGISTERED_STATUTORY_FLOOR,,NO_TURNING_POINT_BY_2075,2075,1.0
TREND,TREND,grid TREND / vehicle TREND,False,VT,Vermont,FULL_SCHEDULE_10,CAMBIUM_BA_STATE_PATH_WITH_REGISTERED_STATUTORY_FLOOR,2034.0,IDENTIFIED,2034,0.00020835340938317145
TREND,TREND,grid TREND / vehicle TREND,False,WA,Washington,FULL_SCHEDULE_10,CAMBIUM_BA_STATE_PATH_WITH_REGISTERED_STATUTORY_FLOOR,2041.0,IDENTIFIED,2041,0.00014609434138698667
TREND,TREND,grid TREND / vehicle TREND,False,WI,Wisconsin,NO_VEHICLE_RULE_38,CAMBIUM_BA_STATE_PATH_WITH_REGISTERED_STATUTORY_FLOOR,,NO_TURNING_POINT_BY_2075,2075,1.0
TREND,TREND,grid TREND / vehicle TREND,False,WV,West Virginia,NO_VEHICLE_RULE_38,CAMBIUM_BA_STATE_PATH,,NO_TURNING_POINT_BY_2075,2075,1.0
TREND,TREND,grid TREND / vehicle TREND,False,WY,Wyoming,NO_VEHICLE_RULE_38,CAMBIUM_BA_STATE_PATH,,NO_TURNING_POINT_BY_2075,2075,1.0
FROZEN,TREND,grid FROZEN / vehicle TREND,False,AK,Alaska,NO_VEHICLE_RULE_38,AK_RAILBELT_PUBLISHED_SCENARIO,,NO_TURNING_POINT_BY_2075,2075,1.0
FROZEN,TREND,grid FROZEN / vehicle TREND,False,AL,Alabama,NO_VEHICLE_RULE_38,CAMBIUM_BA_STATE_PATH,,NO_TURNING_POINT_BY_2075,2075,1.0
FROZEN,TREND,grid FROZEN / vehicle TREND,False,AR,Arkansas,NO_VEHICLE_RULE_38,CAMBIUM_BA_STATE_PATH,,NO_TURNING_POINT_BY_2075,2075,1.0
FROZEN,TREND,grid FROZEN / vehicle TREND,False,AZ,Arizona,NO_VEHICLE_RULE_38,CAMBIUM_BA_STATE_PATH,,NO_TURNING_POINT_BY_2075,2075,1.0
FROZEN,TREND,grid FROZEN / vehicle TREND,False,CA,California,FULL_SCHEDULE_10,CAMBIUM_BA_STATE_PATH_WITH_REGISTERED_STATUTORY_FLOOR,2038.0,IDENTIFIED,2034,0.00016835862317191112
FROZEN,TREND,grid FROZEN / vehicle TREND,False,CO,Colorado,CAPPED_82_MY2032_3,CAMBIUM_BA_STATE_PATH_WITH_REGISTERED_STATUTORY_FLOOR,2060.0,IDENTIFIED,2049,0.35595938443968195
FROZEN,TREND,grid FROZEN / vehicle TREND,False,CT,Connecticut,NO_VEHICLE_RULE_38,CAMBIUM_BA_STATE_PATH_WITH_REGISTERED_STATUTORY_FLOOR,,NO_TURNING_POINT_BY_2075,2075,1.0
FROZEN,TREND,grid FROZEN / vehicle TREND,False,DC,District of Columbia,FULL_SCHEDULE_10,CAMBIUM_BA_STATE_PATH_WITH_REGISTERED_STATUTORY_FLOOR,2035.0,IDENTIFIED,2031,0.0002004698156133552
FROZEN,TREND,grid FROZEN / vehicle TREND,False,DE,Delaware,CAPPED_82_MY2032_3,CAMBIUM_BA_STATE_PATH_WITH_REGISTERED_STATUTORY_FLOOR,,NO_TURNING_POINT_BY_2075,2075,1.0
FROZEN,TREND,grid FROZEN / vehicle TREND,False,FL,Florida,NO_VEHICLE_RULE_38,CAMBIUM_BA_STATE_PATH,,NO_TURNING_POINT_BY_2075,2075,1.0
FROZEN,TREND,grid FROZEN / vehicle TREND,False,GA,Georgia,NO_VEHICLE_RULE_38,CAMBIUM_BA_STATE_PATH,,NO_TURNING_POINT_BY_2075,2075,1.0
FROZEN,TREND,grid FROZEN / vehicle TREND,False,HI,Hawaii,NO_VEHICLE_RULE_38,HI_STATUTE_MINUS_REGISTERED_FIRM_BIOFUEL,,NO_TURNING_POINT_BY_2075,2075,1.0
FROZEN,TREND,grid FROZEN / vehicle TREND,False,IA,Iowa,NO_VEHICLE_RULE_38,CAMBIUM_BA_STATE_PATH,,NO_TURNING_POINT_BY_2075,2075,1.0
FROZEN,TREND,grid FROZEN / vehicle TREND,False,ID,Idaho,NO_VEHICLE_RULE_38,CAMBIUM_BA_STATE_PATH,,NO_TURNING_POINT_BY_2075,2075,1.0
FROZEN,TREND,grid FROZEN / vehicle TREND,False,IL,Illinois,NO_VEHICLE_RULE_38,CAMBIUM_BA_STATE_PATH_WITH_REGISTERED_STATUTORY_FLOOR,,NO_TURNING_POINT_BY_2075,2075,1.0
FROZEN,TREND,grid FROZEN / vehicle TREND,False,IN,Indiana,NO_VEHICLE_RULE_38,CAMBIUM_BA_STATE_PATH_WITH_REGISTERED_STATUTORY_FLOOR,,NO_TURNING_POINT_BY_2075,2075,1.0
FROZEN,TREND,grid FROZEN / vehicle TREND,False,KS,Kansas,NO_VEHICLE_RULE_38,CAMBIUM_BA_STATE_PATH,,NO_TURNING_POINT_BY_2075,2075,1.0
FROZEN,TREND,grid FROZEN / vehicle TREND,False,KY,Kentucky,NO_VEHICLE_RULE_38,CAMBIUM_BA_STATE_PATH,,NO_TURNING_POINT_BY_2075,2075,1.0
FROZEN,TREND,grid FROZEN / vehicle TREND,False,LA,Louisiana,NO_VEHICLE_RULE_38,CAMBIUM_BA_STATE_PATH,,NO_TURNING_POINT_BY_2075,2075,1.0
FROZEN,TREND,grid FROZEN / vehicle TREND,False,MA,Massachusetts,FULL_SCHEDULE_10,CAMBIUM_BA_STATE_PATH_WITH_REGISTERED_STATUTORY_FLOOR,,NO_TURNING_POINT_BY_2075,2075,1.0
FROZEN,TREND,grid FROZEN / vehicle TREND,False,MD,Maryland,FULL_SCHEDULE_10,CAMBIUM_BA_STATE_PATH_WITH_REGISTERED_STATUTORY_FLOOR,,NO_TURNING_POINT_BY_2075,2075,1.0
FROZEN,TREND,grid FROZEN / vehicle TREND,False,ME,Maine,NO_VEHICLE_RULE_38,CAMBIUM_BA_STATE_PATH_WITH_REGISTERED_STATUTORY_FLOOR,,NO_TURNING_POINT_BY_2075,2075,1.0
FROZEN,TREND,grid FROZEN / vehicle TREND,False,MI,Michigan,NO_VEHICLE_RULE_38,CAMBIUM_BA_STATE_PATH_WITH_REGISTERED_STATUTORY_FLOOR,,NO_TURNING_POINT_BY_2075,2075,1.0
FROZEN,TREND,grid FROZEN / vehicle TREND,False,MN,Minnesota,NO_VEHICLE_RULE_38,CAMBIUM_BA_STATE_PATH_WITH_REGISTERED_STATUTORY_FLOOR,,NO_TURNING_POINT_BY_2075,2075,1.0
FROZEN,TREND,grid FROZEN / vehicle TREND,False,MO,Missouri,NO_VEHICLE_RULE_38,CAMBIUM_BA_STATE_PATH_WITH_REGISTERED_STATUTORY_FLOOR,,NO_TURNING_POINT_BY_2075,2075,1.0
FROZEN,TREND,grid FROZEN / vehicle TREND,False,MS,Mississippi,NO_VEHICLE_RULE_38,CAMBIUM_BA_STATE_PATH,,NO_TURNING_POINT_BY_2075,2075,1.0
FROZEN,TREND,grid FROZEN / vehicle TREND,False,MT,Montana,NO_VEHICLE_RULE_38,CAMBIUM_BA_STATE_PATH,,NO_TURNING_POINT_BY_2075,2075,1.0
FROZEN,TREND,grid FROZEN / vehicle TREND,False,NC,North Carolina,NO_VEHICLE_RULE_38,CAMBIUM_BA_STATE_PATH_WITH_REGISTERED_STATUTORY_FLOOR,,NO_TURNING_POINT_BY_2075,2075,1.0
FROZEN,TREND,grid FROZEN / vehicle TREND,False,ND,North Dakota,NO_VEHICLE_RULE_38,CAMBIUM_BA_STATE_PATH,,NO_TURNING_POINT_BY_2075,2075,1.0
FROZEN,TREND,grid FROZEN / vehicle TREND,False,NE,Nebraska,NO_VEHICLE_RULE_38,CAMBIUM_BA_STATE_PATH,,NO_TURNING_POINT_BY_2075,2075,1.0
FROZEN,TREND,grid FROZEN / vehicle TREND,False,NH,New Hampshire,NO_VEHICLE_RULE_38,CAMBIUM_BA_STATE_PATH_WITH_REGISTERED_STATUTORY_FLOOR,,NO_TURNING_POINT_BY_2075,2075,1.0
FROZEN,TREND,grid FROZEN / vehicle TREND,False,NJ,New Jersey,FULL_SCHEDULE_10,CAMBIUM_BA_STATE_PATH_WITH_REGISTERED_STATUTORY_FLOOR,,NO_TURNING_POINT_BY_2075,2075,1.0
FROZEN,TREND,grid FROZEN / vehicle TREND,False,NM,New Mexico,CAPPED_82_MY2032_3,CAMBIUM_BA_STATE_PATH_WITH_REGISTERED_STATUTORY_FLOOR,2060.0,IDENTIFIED,2044,0.5240253711061622
FROZEN,TREND,grid FROZEN / vehicle TREND,False,NV,Nevada,NO_VEHICLE_RULE_38,CAMBIUM_BA_STATE_PATH_WITH_REGISTERED_STATUTORY_FLOOR,,NO_TURNING_POINT_BY_2075,2075,1.0
FROZEN,TREND,grid FROZEN / vehicle TREND,False,NY,New York,FULL_SCHEDULE_10,CAMBIUM_BA_STATE_PATH_WITH_REGISTERED_STATUTORY_FLOOR,2036.0,IDENTIFIED,2036,0.00016086019091205884
FROZEN,TREND,grid FROZEN / vehicle TREND,False,OH,Ohio,NO_VEHICLE_RULE_38,CAMBIUM_BA_STATE_PATH_WITH_REGISTERED_STATUTORY_FLOOR,,NO_TURNING_POINT_BY_2075,2075,1.0
FROZEN,TREND,grid FROZEN / vehicle TREND,False,OK,Oklahoma,NO_VEHICLE_RULE_38,CAMBIUM_BA_STATE_PATH,,NO_TURNING_POINT_BY_2075,2075,1.0
FROZEN,TREND,grid FROZEN / vehicle TREND,False,OR,Oregon,FULL_SCHEDULE_10,CAMBIUM_BA_STATE_PATH_WITH_REGISTERED_STATUTORY_FLOOR,2039.0,IDENTIFIED,2039,0.00013491815491152912
FROZEN,TREND,grid FROZEN / vehicle TREND,False,PA,Pennsylvania,NO_VEHICLE_RULE_38,CAMBIUM_BA_STATE_PATH_WITH_REGISTERED_STATUTORY_FLOOR,,NO_TURNING_POINT_BY_2075,2075,1.0
FROZEN,TREND,grid FROZEN / vehicle TREND,False,RI,Rhode Island,FULL_SCHEDULE_10,CAMBIUM_BA_STATE_PATH_WITH_REGISTERED_STATUTORY_FLOOR,2035.0,IDENTIFIED,2032,0.00019250638036061115
FROZEN,TREND,grid FROZEN / vehicle TREND,False,SC,South Carolina,NO_VEHICLE_RULE_38,CAMBIUM_BA_STATE_PATH,,NO_TURNING_POINT_BY_2075,2075,1.0
FROZEN,TREND,grid FROZEN / vehicle TREND,False,SD,South Dakota,NO_VEHICLE_RULE_38,CAMBIUM_BA_STATE_PATH_WITH_REGISTERED_STATUTORY_FLOOR,,NO_TURNING_POINT_BY_2075,2075,1.0
FROZEN,TREND,grid FROZEN / vehicle TREND,False,TN,Tennessee,NO_VEHICLE_RULE_38,CAMBIUM_BA_STATE_PATH,,NO_TURNING_POINT_BY_2075,2075,1.0
FROZEN,TREND,grid FROZEN / vehicle TREND,False,TX,Texas,NO_VEHICLE_RULE_38,CAMBIUM_BA_STATE_PATH,,NO_TURNING_POINT_BY_2075,2075,1.0
FROZEN,TREND,grid FROZEN / vehicle TREND,False,UT,Utah,NO_VEHICLE_RULE_38,CAMBIUM_BA_STATE_PATH_WITH_REGISTERED_STATUTORY_FLOOR,,NO_TURNING_POINT_BY_2075,2075,1.0
FROZEN,TREND,grid FROZEN / vehicle TREND,False,VA,Virginia,NO_VEHICLE_RULE_38,CAMBIUM_BA_STATE_PATH_WITH_REGISTERED_STATUTORY_FLOOR,,NO_TURNING_POINT_BY_2075,2075,1.0
FROZEN,TREND,grid FROZEN / vehicle TREND,False,VT,Vermont,FULL_SCHEDULE_10,CAMBIUM_BA_STATE_PATH_WITH_REGISTERED_STATUTORY_FLOOR,2034.0,IDENTIFIED,2034,0.00020835340938317145
FROZEN,TREND,grid FROZEN / vehicle TREND,False,WA,Washington,FULL_SCHEDULE_10,CAMBIUM_BA_STATE_PATH_WITH_REGISTERED_STATUTORY_FLOOR,2041.0,IDENTIFIED,2041,0.00014609434138698667
FROZEN,TREND,grid FROZEN / vehicle TREND,False,WI,Wisconsin,NO_VEHICLE_RULE_38,CAMBIUM_BA_STATE_PATH_WITH_REGISTERED_STATUTORY_FLOOR,,NO_TURNING_POINT_BY_2075,2075,1.0
FROZEN,TREND,grid FROZEN / vehicle TREND,False,WV,West Virginia,NO_VEHICLE_RULE_38,CAMBIUM_BA_STATE_PATH,,NO_TURNING_POINT_BY_2075,2075,1.0
FROZEN,TREND,grid FROZEN / vehicle TREND,False,WY,Wyoming,NO_VEHICLE_RULE_38,CAMBIUM_BA_STATE_PATH,,NO_TURNING_POINT_BY_2075,2075,1.0
STATUTE,TREND,grid STATUTE / vehicle TREND,False,AK,Alaska,NO_VEHICLE_RULE_38,AK_RAILBELT_PUBLISHED_SCENARIO,,NO_TURNING_POINT_BY_2075,2075,1.0
STATUTE,TREND,grid STATUTE / vehicle TREND,False,AL,Alabama,NO_VEHICLE_RULE_38,CAMBIUM_BA_STATE_PATH,,NO_TURNING_POINT_BY_2075,2075,1.0
STATUTE,TREND,grid STATUTE / vehicle TREND,False,AR,Arkansas,NO_VEHICLE_RULE_38,CAMBIUM_BA_STATE_PATH,,NO_TURNING_POINT_BY_2075,2075,1.0
STATUTE,TREND,grid STATUTE / vehicle TREND,False,AZ,Arizona,NO_VEHICLE_RULE_38,CAMBIUM_BA_STATE_PATH,,NO_TURNING_POINT_BY_2075,2075,1.0
STATUTE,TREND,grid STATUTE / vehicle TREND,False,CA,California,FULL_SCHEDULE_10,CAMBIUM_BA_STATE_PATH_WITH_REGISTERED_STATUTORY_FLOOR,2038.0,IDENTIFIED,2034,0.00016835862317191112
STATUTE,TREND,grid STATUTE / vehicle TREND,False,CO,Colorado,CAPPED_82_MY2032_3,CAMBIUM_BA_STATE_PATH_WITH_REGISTERED_STATUTORY_FLOOR,2060.0,IDENTIFIED,2049,0.35595938443968195
STATUTE,TREND,grid STATUTE / vehicle TREND,False,CT,Connecticut,NO_VEHICLE_RULE_38,CAMBIUM_BA_STATE_PATH_WITH_REGISTERED_STATUTORY_FLOOR,,NO_TURNING_POINT_BY_2075,2075,1.0
STATUTE,TREND,grid STATUTE / vehicle TREND,False,DC,District of Columbia,FULL_SCHEDULE_10,CAMBIUM_BA_STATE_PATH_WITH_REGISTERED_STATUTORY_FLOOR,2035.0,IDENTIFIED,2031,0.0002004698156133552
STATUTE,TREND,grid STATUTE / vehicle TREND,False,DE,Delaware,CAPPED_82_MY2032_3,CAMBIUM_BA_STATE_PATH_WITH_REGISTERED_STATUTORY_FLOOR,,NO_TURNING_POINT_BY_2075,2075,1.0
STATUTE,TREND,grid STATUTE / vehicle TREND,False,FL,Florida,NO_VEHICLE_RULE_38,CAMBIUM_BA_STATE_PATH,,NO_TURNING_POINT_BY_2075,2075,1.0
STATUTE,TREND,grid STATUTE / vehicle TREND,False,GA,Georgia,NO_VEHICLE_RULE_38,CAMBIUM_BA_STATE_PATH,,NO_TURNING_POINT_BY_2075,2075,1.0
STATUTE,TREND,grid STATUTE / vehicle TREND,False,HI,Hawaii,NO_VEHICLE_RULE_38,HI_STATUTE_MINUS_REGISTERED_FIRM_BIOFUEL,,NO_TURNING_POINT_BY_2075,2075,1.0
STATUTE,TREND,grid STATUTE / vehicle TREND,False,IA,Iowa,NO_VEHICLE_RULE_38,CAMBIUM_BA_STATE_PATH,,NO_TURNING_POINT_BY_2075,2075,1.0
STATUTE,TREND,grid STATUTE / vehicle TREND,False,ID,Idaho,NO_VEHICLE_RULE_38,CAMBIUM_BA_STATE_PATH,,NO_TURNING_POINT_BY_2075,2075,1.0
STATUTE,TREND,grid STATUTE / vehicle TREND,False,IL,Illinois,NO_VEHICLE_RULE_38,CAMBIUM_BA_STATE_PATH_WITH_REGISTERED_STATUTORY_FLOOR,,NO_TURNING_POINT_BY_2075,2075,1.0
STATUTE,TREND,grid STATUTE / vehicle TREND,False,IN,Indiana,NO_VEHICLE_RULE_38,CAMBIUM_BA_STATE_PATH_WITH_REGISTERED_STATUTORY_FLOOR,,NO_TURNING_POINT_BY_2075,2075,1.0
STATUTE,TREND,grid STATUTE / vehicle TREND,False,KS,Kansas,NO_VEHICLE_RULE_38,CAMBIUM_BA_STATE_PATH,,NO_TURNING_POINT_BY_2075,2075,1.0
STATUTE,TREND,grid STATUTE / vehicle TREND,False,KY,Kentucky,NO_VEHICLE_RULE_38,CAMBIUM_BA_STATE_PATH,,NO_TURNING_POINT_BY_2075,2075,1.0
STATUTE,TREND,grid STATUTE / vehicle TREND,False,LA,Louisiana,NO_VEHICLE_RULE_38,CAMBIUM_BA_STATE_PATH,,NO_TURNING_POINT_BY_2075,2075,1.0
STATUTE,TREND,grid STATUTE / vehicle TREND,False,MA,Massachusetts,FULL_SCHEDULE_10,CAMBIUM_BA_STATE_PATH_WITH_REGISTERED_STATUTORY_FLOOR,,NO_TURNING_POINT_BY_2075,2075,1.0
STATUTE,TREND,grid STATUTE / vehicle TREND,False,MD,Maryland,FULL_SCHEDULE_10,CAMBIUM_BA_STATE_PATH_WITH_REGISTERED_STATUTORY_FLOOR,,NO_TURNING_POINT_BY_2075,2075,1.0
STATUTE,TREND,grid STATUTE / vehicle TREND,False,ME,Maine,NO_VEHICLE_RULE_38,CAMBIUM_BA_STATE_PATH_WITH_REGISTERED_STATUTORY_FLOOR,,NO_TURNING_POINT_BY_2075,2075,1.0
STATUTE,TREND,grid STATUTE / vehicle TREND,False,MI,Michigan,NO_VEHICLE_RULE_38,CAMBIUM_BA_STATE_PATH_WITH_REGISTERED_STATUTORY_FLOOR,,NO_TURNING_POINT_BY_2075,2075,1.0
STATUTE,TREND,grid STATUTE / vehicle TREND,False,MN,Minnesota,NO_VEHICLE_RULE_38,CAMBIUM_BA_STATE_PATH_WITH_REGISTERED_STATUTORY_FLOOR,,NO_TURNING_POINT_BY_2075,2075,1.0
STATUTE,TREND,grid STATUTE / vehicle TREND,False,MO,Missouri,NO_VEHICLE_RULE_38,CAMBIUM_BA_STATE_PATH_WITH_REGISTERED_STATUTORY_FLOOR,,NO_TURNING_POINT_BY_2075,2075,1.0
STATUTE,TREND,grid STATUTE / vehicle TREND,False,MS,Mississippi,NO_VEHICLE_RULE_38,CAMBIUM_BA_STATE_PATH,,NO_TURNING_POINT_BY_2075,2075,1.0
STATUTE,TREND,grid STATUTE / vehicle TREND,False,MT,Montana,NO_VEHICLE_RULE_38,CAMBIUM_BA_STATE_PATH,,NO_TURNING_POINT_BY_2075,2075,1.0
STATUTE,TREND,grid STATUTE / vehicle TREND,False,NC,North Carolina,NO_VEHICLE_RULE_38,CAMBIUM_BA_STATE_PATH_WITH_REGISTERED_STATUTORY_FLOOR,,NO_TURNING_POINT_BY_2075,2075,1.0
STATUTE,TREND,grid STATUTE / vehicle TREND,False,ND,North Dakota,NO_VEHICLE_RULE_38,CAMBIUM_BA_STATE_PATH,,NO_TURNING_POINT_BY_2075,2075,1.0
STATUTE,TREND,grid STATUTE / vehicle TREND,False,NE,Nebraska,NO_VEHICLE_RULE_38,CAMBIUM_BA_STATE_PATH,,NO_TURNING_POINT_BY_2075,2075,1.0
STATUTE,TREND,grid STATUTE / vehicle TREND,False,NH,New Hampshire,NO_VEHICLE_RULE_38,CAMBIUM_BA_STATE_PATH_WITH_REGISTERED_STATUTORY_FLOOR,,NO_TURNING_POINT_BY_2075,2075,1.0
STATUTE,TREND,grid STATUTE / vehicle TREND,False,NJ,New Jersey,FULL_SCHEDULE_10,CAMBIUM_BA_STATE_PATH_WITH_REGISTERED_STATUTORY_FLOOR,,NO_TURNING_POINT_BY_2075,2075,1.0
STATUTE,TREND,grid STATUTE / vehicle TREND,False,NM,New Mexico,CAPPED_82_MY2032_3,CAMBIUM_BA_STATE_PATH_WITH_REGISTERED_STATUTORY_FLOOR,2060.0,IDENTIFIED,2044,0.5240253711061622
STATUTE,TREND,grid STATUTE / vehicle TREND,False,NV,Nevada,NO_VEHICLE_RULE_38,CAMBIUM_BA_STATE_PATH_WITH_REGISTERED_STATUTORY_FLOOR,,NO_TURNING_POINT_BY_2075,2075,1.0
STATUTE,TREND,grid STATUTE / vehicle TREND,False,NY,New York,FULL_SCHEDULE_10,CAMBIUM_BA_STATE_PATH_WITH_REGISTERED_STATUTORY_FLOOR,2036.0,IDENTIFIED,2036,0.00016086019091205884
STATUTE,TREND,grid STATUTE / vehicle TREND,False,OH,Ohio,NO_VEHICLE_RULE_38,CAMBIUM_BA_STATE_PATH_WITH_REGISTERED_STATUTORY_FLOOR,,NO_TURNING_POINT_BY_2075,2075,1.0
STATUTE,TREND,grid STATUTE / vehicle TREND,False,OK,Oklahoma,NO_VEHICLE_RULE_38,CAMBIUM_BA_STATE_PATH,,NO_TURNING_POINT_BY_2075,2075,1.0
STATUTE,TREND,grid STATUTE / vehicle TREND,False,OR,Oregon,FULL_SCHEDULE_10,CAMBIUM_BA_STATE_PATH_WITH_REGISTERED_STATUTORY_FLOOR,2039.0,IDENTIFIED,2039,0.00013491815491152912
STATUTE,TREND,grid STATUTE / vehicle TREND,False,PA,Pennsylvania,NO_VEHICLE_RULE_38,CAMBIUM_BA_STATE_PATH_WITH_REGISTERED_STATUTORY_FLOOR,,NO_TURNING_POINT_BY_2075,2075,1.0
STATUTE,TREND,grid STATUTE / vehicle TREND,False,RI,Rhode Island,FULL_SCHEDULE_10,CAMBIUM_BA_STATE_PATH_WITH_REGISTERED_STATUTORY_FLOOR,2035.0,IDENTIFIED,2032,0.00019250638036061115
STATUTE,TREND,grid STATUTE / vehicle TREND,False,SC,South Carolina,NO_VEHICLE_RULE_38,CAMBIUM_BA_STATE_PATH,,NO_TURNING_POINT_BY_2075,2075,1.0
STATUTE,TREND,grid STATUTE / vehicle TREND,False,SD,South Dakota,NO_VEHICLE_RULE_38,CAMBIUM_BA_STATE_PATH_WITH_REGISTERED_STATUTORY_FLOOR,,NO_TURNING_POINT_BY_2075,2075,1.0
STATUTE,TREND,grid STATUTE / vehicle TREND,False,TN,Tennessee,NO_VEHICLE_RULE_38,CAMBIUM_BA_STATE_PATH,,NO_TURNING_POINT_BY_2075,2075,1.0
STATUTE,TREND,grid STATUTE / vehicle TREND,False,TX,Texas,NO_VEHICLE_RULE_38,CAMBIUM_BA_STATE_PATH,,NO_TURNING_POINT_BY_2075,2075,1.0
STATUTE,TREND,grid STATUTE / vehicle TREND,False,UT,Utah,NO_VEHICLE_RULE_38,CAMBIUM_BA_STATE_PATH_WITH_REGISTERED_STATUTORY_FLOOR,,NO_TURNING_POINT_BY_2075,2075,1.0
STATUTE,TREND,grid STATUTE / vehicle TREND,False,VA,Virginia,NO_VEHICLE_RULE_38,CAMBIUM_BA_STATE_PATH_WITH_REGISTERED_STATUTORY_FLOOR,,NO_TURNING_POINT_BY_2075,2075,1.0
STATUTE,TREND,grid STATUTE / vehicle TREND,False,VT,Vermont,FULL_SCHEDULE_10,CAMBIUM_BA_STATE_PATH_WITH_REGISTERED_STATUTORY_FLOOR,2034.0,IDENTIFIED,2034,0.00020835340938317145
STATUTE,TREND,grid STATUTE / vehicle TREND,False,WA,Washington,FULL_SCHEDULE_10,CAMBIUM_BA_STATE_PATH_WITH_REGISTERED_STATUTORY_FLOOR,2041.0,IDENTIFIED,2041,0.00014609434138698667
STATUTE,TREND,grid STATUTE / vehicle TREND,False,WI,Wisconsin,NO_VEHICLE_RULE_38,CAMBIUM_BA_STATE_PATH_WITH_REGISTERED_STATUTORY_FLOOR,,NO_TURNING_POINT_BY_2075,2075,1.0
STATUTE,TREND,grid STATUTE / vehicle TREND,False,WV,West Virginia,NO_VEHICLE_RULE_38,CAMBIUM_BA_STATE_PATH,,NO_TURNING_POINT_BY_2075,2075,1.0
STATUTE,TREND,grid STATUTE / vehicle TREND,False,WY,Wyoming,NO_VEHICLE_RULE_38,CAMBIUM_BA_STATE_PATH,,NO_TURNING_POINT_BY_2075,2075,1.0
ASYMPTOTIC,TREND,grid ASYMPTOTIC / vehicle TREND,False,AK,Alaska,NO_VEHICLE_RULE_38,AK_RAILBELT_PUBLISHED_SCENARIO,,NO_TURNING_POINT_BY_2075,2075,1.0
ASYMPTOTIC,TREND,grid ASYMPTOTIC / vehicle TREND,False,AL,Alabama,NO_VEHICLE_RULE_38,CAMBIUM_BA_STATE_PATH,,NO_TURNING_POINT_BY_2075,2075,1.0
ASYMPTOTIC,TREND,grid ASYMPTOTIC / vehicle TREND,False,AR,Arkansas,NO_VEHICLE_RULE_38,CAMBIUM_BA_STATE_PATH,,NO_TURNING_POINT_BY_2075,2075,1.0
ASYMPTOTIC,TREND,grid ASYMPTOTIC / vehicle TREND,False,AZ,Arizona,NO_VEHICLE_RULE_38,CAMBIUM_BA_STATE_PATH,,NO_TURNING_POINT_BY_2075,2075,1.0
ASYMPTOTIC,TREND,grid ASYMPTOTIC / vehicle TREND,False,CA,California,FULL_SCHEDULE_10,CAMBIUM_BA_STATE_PATH_WITH_REGISTERED_STATUTORY_FLOOR,2038.0,IDENTIFIED,2034,0.00016835862317191112
ASYMPTOTIC,TREND,grid ASYMPTOTIC / vehicle TREND,False,CO,Colorado,CAPPED_82_MY2032_3,CAMBIUM_BA_STATE_PATH_WITH_REGISTERED_STATUTORY_FLOOR,2060.0,IDENTIFIED,2049,0.35595938443968195
ASYMPTOTIC,TREND,grid ASYMPTOTIC / vehicle TREND,False,CT,Connecticut,NO_VEHICLE_RULE_38,CAMBIUM_BA_STATE_PATH_WITH_REGISTERED_STATUTORY_FLOOR,,NO_TURNING_POINT_BY_2075,2075,1.0
ASYMPTOTIC,TREND,grid ASYMPTOTIC / vehicle TREND,False,DC,District of Columbia,FULL_SCHEDULE_10,CAMBIUM_BA_STATE_PATH_WITH_REGISTERED_STATUTORY_FLOOR,2035.0,IDENTIFIED,2031,0.0002004698156133552
ASYMPTOTIC,TREND,grid ASYMPTOTIC / vehicle TREND,False,DE,Delaware,CAPPED_82_MY2032_3,CAMBIUM_BA_STATE_PATH_WITH_REGISTERED_STATUTORY_FLOOR,,NO_TURNING_POINT_BY_2075,2075,1.0
ASYMPTOTIC,TREND,grid ASYMPTOTIC / vehicle TREND,False,FL,Florida,NO_VEHICLE_RULE_38,CAMBIUM_BA_STATE_PATH,,NO_TURNING_POINT_BY_2075,2075,1.0
ASYMPTOTIC,TREND,grid ASYMPTOTIC / vehicle TREND,False,GA,Georgia,NO_VEHICLE_RULE_38,CAMBIUM_BA_STATE_PATH,,NO_TURNING_POINT_BY_2075,2075,1.0
ASYMPTOTIC,TREND,grid ASYMPTOTIC / vehicle TREND,False,HI,Hawaii,NO_VEHICLE_RULE_38,HI_STATUTE_MINUS_REGISTERED_FIRM_BIOFUEL,,NO_TURNING_POINT_BY_2075,2075,1.0
ASYMPTOTIC,TREND,grid ASYMPTOTIC / vehicle TREND,False,IA,Iowa,NO_VEHICLE_RULE_38,CAMBIUM_BA_STATE_PATH,,NO_TURNING_POINT_BY_2075,2075,1.0
ASYMPTOTIC,TREND,grid ASYMPTOTIC / vehicle TREND,False,ID,Idaho,NO_VEHICLE_RULE_38,CAMBIUM_BA_STATE_PATH,,NO_TURNING_POINT_BY_2075,2075,1.0
ASYMPTOTIC,TREND,grid ASYMPTOTIC / vehicle TREND,False,IL,Illinois,NO_VEHICLE_RULE_38,CAMBIUM_BA_STATE_PATH_WITH_REGISTERED_STATUTORY_FLOOR,,NO_TURNING_POINT_BY_2075,2075,1.0
ASYMPTOTIC,TREND,grid ASYMPTOTIC / vehicle TREND,False,IN,Indiana,NO_VEHICLE_RULE_38,CAMBIUM_BA_STATE_PATH_WITH_REGISTERED_STATUTORY_FLOOR,,NO_TURNING_POINT_BY_2075,2075,1.0
ASYMPTOTIC,TREND,grid ASYMPTOTIC / vehicle TREND,False,KS,Kansas,NO_VEHICLE_RULE_38,CAMBIUM_BA_STATE_PATH,,NO_TURNING_POINT_BY_2075,2075,1.0
ASYMPTOTIC,TREND,grid ASYMPTOTIC / vehicle TREND,False,KY,Kentucky,NO_VEHICLE_RULE_38,CAMBIUM_BA_STATE_PATH,,NO_TURNING_POINT_BY_2075,2075,1.0
ASYMPTOTIC,TREND,grid ASYMPTOTIC / vehicle TREND,False,LA,Louisiana,NO_VEHICLE_RULE_38,CAMBIUM_BA_STATE_PATH,,NO_TURNING_POINT_BY_2075,2075,1.0
ASYMPTOTIC,TREND,grid ASYMPTOTIC / vehicle TREND,False,MA,Massachusetts,FULL_SCHEDULE_10,CAMBIUM_BA_STATE_PATH_WITH_REGISTERED_STATUTORY_FLOOR,,NO_TURNING_POINT_BY_2075,2075,1.0
ASYMPTOTIC,TREND,grid ASYMPTOTIC / vehicle TREND,False,MD,Maryland,FULL_SCHEDULE_10,CAMBIUM_BA_STATE_PATH_WITH_REGISTERED_STATUTORY_FLOOR,,NO_TURNING_POINT_BY_2075,2075,1.0
ASYMPTOTIC,TREND,grid ASYMPTOTIC / vehicle TREND,False,ME,Maine,NO_VEHICLE_RULE_38,CAMBIUM_BA_STATE_PATH_WITH_REGISTERED_STATUTORY_FLOOR,,NO_TURNING_POINT_BY_2075,2075,1.0
ASYMPTOTIC,TREND,grid ASYMPTOTIC / vehicle TREND,False,MI,Michigan,NO_VEHICLE_RULE_38,CAMBIUM_BA_STATE_PATH_WITH_REGISTERED_STATUTORY_FLOOR,,NO_TURNING_POINT_BY_2075,2075,1.0
ASYMPTOTIC,TREND,grid ASYMPTOTIC / vehicle TREND,False,MN,Minnesota,NO_VEHICLE_RULE_38,CAMBIUM_BA_STATE_PATH_WITH_REGISTERED_STATUTORY_FLOOR,,NO_TURNING_POINT_BY_2075,2075,1.0
ASYMPTOTIC,TREND,grid ASYMPTOTIC / vehicle TREND,False,MO,Missouri,NO_VEHICLE_RULE_38,CAMBIUM_BA_STATE_PATH_WITH_REGISTERED_STATUTORY_FLOOR,,NO_TURNING_POINT_BY_2075,2075,1.0
ASYMPTOTIC,TREND,grid ASYMPTOTIC / vehicle TREND,False,MS,Mississippi,NO_VEHICLE_RULE_38,CAMBIUM_BA_STATE_PATH,,NO_TURNING_POINT_BY_2075,2075,1.0
ASYMPTOTIC,TREND,grid ASYMPTOTIC / vehicle TREND,False,MT,Montana,NO_VEHICLE_RULE_38,CAMBIUM_BA_STATE_PATH,,NO_TURNING_POINT_BY_2075,2075,1.0
ASYMPTOTIC,TREND,grid ASYMPTOTIC / vehicle TREND,False,NC,North Carolina,NO_VEHICLE_RULE_38,CAMBIUM_BA_STATE_PATH_WITH_REGISTERED_STATUTORY_FLOOR,,NO_TURNING_POINT_BY_2075,2075,1.0
ASYMPTOTIC,TREND,grid ASYMPTOTIC / vehicle TREND,False,ND,North Dakota,NO_VEHICLE_RULE_38,CAMBIUM_BA_STATE_PATH,,NO_TURNING_POINT_BY_2075,2075,1.0
ASYMPTOTIC,TREND,grid ASYMPTOTIC / vehicle TREND,False,NE,Nebraska,NO_VEHICLE_RULE_38,CAMBIUM_BA_STATE_PATH,,NO_TURNING_POINT_BY_2075,2075,1.0
ASYMPTOTIC,TREND,grid ASYMPTOTIC / vehicle TREND,False,NH,New Hampshire,NO_VEHICLE_RULE_38,CAMBIUM_BA_STATE_PATH_WITH_REGISTERED_STATUTORY_FLOOR,,NO_TURNING_POINT_BY_2075,2075,1.0
ASYMPTOTIC,TREND,grid ASYMPTOTIC / vehicle TREND,False,NJ,New Jersey,FULL_SCHEDULE_10,CAMBIUM_BA_STATE_PATH_WITH_REGISTERED_STATUTORY_FLOOR,,NO_TURNING_POINT_BY_2075,2075,1.0
ASYMPTOTIC,TREND,grid ASYMPTOTIC / vehicle TREND,False,NM,New Mexico,CAPPED_82_MY2032_3,CAMBIUM_BA_STATE_PATH_WITH_REGISTERED_STATUTORY_FLOOR,2060.0,IDENTIFIED,2044,0.5240253711061622
ASYMPTOTIC,TREND,grid ASYMPTOTIC / vehicle TREND,False,NV,Nevada,NO_VEHICLE_RULE_38,CAMBIUM_BA_STATE_PATH_WITH_REGISTERED_STATUTORY_FLOOR,,NO_TURNING_POINT_BY_2075,2075,1.0
ASYMPTOTIC,TREND,grid ASYMPTOTIC / vehicle TREND,False,NY,New York,FULL_SCHEDULE_10,CAMBIUM_BA_STATE_PATH_WITH_REGISTERED_STATUTORY_FLOOR,2036.0,IDENTIFIED,2036,0.00016086019091205884
ASYMPTOTIC,TREND,grid ASYMPTOTIC / vehicle TREND,False,OH,Ohio,NO_VEHICLE_RULE_38,CAMBIUM_BA_STATE_PATH_WITH_REGISTERED_STATUTORY_FLOOR,,NO_TURNING_POINT_BY_2075,2075,1.0
ASYMPTOTIC,TREND,grid ASYMPTOTIC / vehicle TREND,False,OK,Oklahoma,NO_VEHICLE_RULE_38,CAMBIUM_BA_STATE_PATH,,NO_TURNING_POINT_BY_2075,2075,1.0
ASYMPTOTIC,TREND,grid ASYMPTOTIC / vehicle TREND,False,OR,Oregon,FULL_SCHEDULE_10,CAMBIUM_BA_STATE_PATH_WITH_REGISTERED_STATUTORY_FLOOR,2039.0,IDENTIFIED,2039,0.00013491815491152912
ASYMPTOTIC,TREND,grid ASYMPTOTIC / vehicle TREND,False,PA,Pennsylvania,NO_VEHICLE_RULE_38,CAMBIUM_BA_STATE_PATH_WITH_REGISTERED_STATUTORY_FLOOR,,NO_TURNING_POINT_BY_2075,2075,1.0
ASYMPTOTIC,TREND,grid ASYMPTOTIC / vehicle TREND,False,RI,Rhode Island,FULL_SCHEDULE_10,CAMBIUM_BA_STATE_PATH_WITH_REGISTERED_STATUTORY_FLOOR,2035.0,IDENTIFIED,2032,0.00019250638036061115
ASYMPTOTIC,TREND,grid ASYMPTOTIC / vehicle TREND,False,SC,South Carolina,NO_VEHICLE_RULE_38,CAMBIUM_BA_STATE_PATH,,NO_TURNING_POINT_BY_2075,2075,1.0
ASYMPTOTIC,TREND,grid ASYMPTOTIC / vehicle TREND,False,SD,South Dakota,NO_VEHICLE_RULE_38,CAMBIUM_BA_STATE_PATH_WITH_REGISTERED_STATUTORY_FLOOR,,NO_TURNING_POINT_BY_2075,2075,1.0
ASYMPTOTIC,TREND,grid ASYMPTOTIC / vehicle TREND,False,TN,Tennessee,NO_VEHICLE_RULE_38,CAMBIUM_BA_STATE_PATH,,NO_TURNING_POINT_BY_2075,2075,1.0
ASYMPTOTIC,TREND,grid ASYMPTOTIC / vehicle TREND,False,TX,Texas,NO_VEHICLE_RULE_38,CAMBIUM_BA_STATE_PATH,,NO_TURNING_POINT_BY_2075,2075,1.0
ASYMPTOTIC,TREND,grid ASYMPTOTIC / vehicle TREND,False,UT,Utah,NO_VEHICLE_RULE_38,CAMBIUM_BA_STATE_PATH_WITH_REGISTERED_STATUTORY_FLOOR,,NO_TURNING_POINT_BY_2075,2075,1.0
ASYMPTOTIC,TREND,grid ASYMPTOTIC / vehicle TREND,False,VA,Virginia,NO_VEHICLE_RULE_38,CAMBIUM_BA_STATE_PATH_WITH_REGISTERED_STATUTORY_FLOOR,,NO_TURNING_POINT_BY_2075,2075,1.0
ASYMPTOTIC,TREND,grid ASYMPTOTIC / vehicle TREND,False,VT,Vermont,FULL_SCHEDULE_10,CAMBIUM_BA_STATE_PATH_WITH_REGISTERED_STATUTORY_FLOOR,2034.0,IDENTIFIED,2034,0.00020835340938317145
ASYMPTOTIC,TREND,grid ASYMPTOTIC / vehicle TREND,False,WA,Washington,FULL_SCHEDULE_10,CAMBIUM_BA_STATE_PATH_WITH_REGISTERED_STATUTORY_FLOOR,2041.0,IDENTIFIED,2041,0.00014609434138698667
ASYMPTOTIC,TREND,grid ASYMPTOTIC / vehicle TREND,False,WI,Wisconsin,NO_VEHICLE_RULE_38,CAMBIUM_BA_STATE_PATH_WITH_REGISTERED_STATUTORY_FLOOR,,NO_TURNING_POINT_BY_2075,2075,1.0
ASYMPTOTIC,TREND,grid ASYMPTOTIC / vehicle TREND,False,WV,West Virginia,NO_VEHICLE_RULE_38,CAMBIUM_BA_STATE_PATH,,NO_TURNING_POINT_BY_2075,2075,1.0
ASYMPTOTIC,TREND,grid ASYMPTOTIC / vehicle TREND,False,WY,Wyoming,NO_VEHICLE_RULE_38,CAMBIUM_BA_STATE_PATH,,NO_TURNING_POINT_BY_2075,2075,1.0
ASYMPTOTIC,FROZEN,grid ASYMPTOTIC / vehicle FROZEN,False,AK,Alaska,NO_VEHICLE_RULE_38,AK_RAILBELT_PUBLISHED_SCENARIO,,NO_TURNING_POINT_BY_2075,2075,1.0
ASYMPTOTIC,FROZEN,grid ASYMPTOTIC / vehicle FROZEN,False,AL,Alabama,NO_VEHICLE_RULE_38,CAMBIUM_BA_STATE_PATH,,NO_TURNING_POINT_BY_2075,2075,1.0
ASYMPTOTIC,FROZEN,grid ASYMPTOTIC / vehicle FROZEN,False,AR,Arkansas,NO_VEHICLE_RULE_38,CAMBIUM_BA_STATE_PATH,,NO_TURNING_POINT_BY_2075,2075,1.0
ASYMPTOTIC,FROZEN,grid ASYMPTOTIC / vehicle FROZEN,False,AZ,Arizona,NO_VEHICLE_RULE_38,CAMBIUM_BA_STATE_PATH,,NO_TURNING_POINT_BY_2075,2075,1.0
ASYMPTOTIC,FROZEN,grid ASYMPTOTIC / vehicle FROZEN,False,CA,California,FULL_SCHEDULE_10,CAMBIUM_BA_STATE_PATH_WITH_REGISTERED_STATUTORY_FLOOR,2038.0,IDENTIFIED,2034,0.00016835862317191112
ASYMPTOTIC,FROZEN,grid ASYMPTOTIC / vehicle FROZEN,False,CO,Colorado,CAPPED_82_MY2032_3,CAMBIUM_BA_STATE_PATH_WITH_REGISTERED_STATUTORY_FLOOR,2060.0,IDENTIFIED,2049,0.35595938443968195
ASYMPTOTIC,FROZEN,grid ASYMPTOTIC / vehicle FROZEN,False,CT,Connecticut,NO_VEHICLE_RULE_38,CAMBIUM_BA_STATE_PATH_WITH_REGISTERED_STATUTORY_FLOOR,,NO_TURNING_POINT_BY_2075,2075,1.0
ASYMPTOTIC,FROZEN,grid ASYMPTOTIC / vehicle FROZEN,False,DC,District of Columbia,FULL_SCHEDULE_10,CAMBIUM_BA_STATE_PATH_WITH_REGISTERED_STATUTORY_FLOOR,2035.0,IDENTIFIED,2031,0.0002004698156133552
ASYMPTOTIC,FROZEN,grid ASYMPTOTIC / vehicle FROZEN,False,DE,Delaware,CAPPED_82_MY2032_3,CAMBIUM_BA_STATE_PATH_WITH_REGISTERED_STATUTORY_FLOOR,,NO_TURNING_POINT_BY_2075,2075,1.0
ASYMPTOTIC,FROZEN,grid ASYMPTOTIC / vehicle FROZEN,False,FL,Florida,NO_VEHICLE_RULE_38,CAMBIUM_BA_STATE_PATH,,NO_TURNING_POINT_BY_2075,2075,1.0
ASYMPTOTIC,FROZEN,grid ASYMPTOTIC / vehicle FROZEN,False,GA,Georgia,NO_VEHICLE_RULE_38,CAMBIUM_BA_STATE_PATH,,NO_TURNING_POINT_BY_2075,2075,1.0
ASYMPTOTIC,FROZEN,grid ASYMPTOTIC / vehicle FROZEN,False,HI,Hawaii,NO_VEHICLE_RULE_38,HI_STATUTE_MINUS_REGISTERED_FIRM_BIOFUEL,,NO_TURNING_POINT_BY_2075,2075,1.0
ASYMPTOTIC,FROZEN,grid ASYMPTOTIC / vehicle FROZEN,False,IA,Iowa,NO_VEHICLE_RULE_38,CAMBIUM_BA_STATE_PATH,,NO_TURNING_POINT_BY_2075,2075,1.0
ASYMPTOTIC,FROZEN,grid ASYMPTOTIC / vehicle FROZEN,False,ID,Idaho,NO_VEHICLE_RULE_38,CAMBIUM_BA_STATE_PATH,,NO_TURNING_POINT_BY_2075,2075,1.0
ASYMPTOTIC,FROZEN,grid ASYMPTOTIC / vehicle FROZEN,False,IL,Illinois,NO_VEHICLE_RULE_38,CAMBIUM_BA_STATE_PATH_WITH_REGISTERED_STATUTORY_FLOOR,,NO_TURNING_POINT_BY_2075,2075,1.0
ASYMPTOTIC,FROZEN,grid ASYMPTOTIC / vehicle FROZEN,False,IN,Indiana,NO_VEHICLE_RULE_38,CAMBIUM_BA_STATE_PATH_WITH_REGISTERED_STATUTORY_FLOOR,,NO_TURNING_POINT_BY_2075,2075,1.0
ASYMPTOTIC,FROZEN,grid ASYMPTOTIC / vehicle FROZEN,False,KS,Kansas,NO_VEHICLE_RULE_38,CAMBIUM_BA_STATE_PATH,,NO_TURNING_POINT_BY_2075,2075,1.0
ASYMPTOTIC,FROZEN,grid ASYMPTOTIC / vehicle FROZEN,False,KY,Kentucky,NO_VEHICLE_RULE_38,CAMBIUM_BA_STATE_PATH,,NO_TURNING_POINT_BY_2075,2075,1.0
ASYMPTOTIC,FROZEN,grid ASYMPTOTIC / vehicle FROZEN,False,LA,Louisiana,NO_VEHICLE_RULE_38,CAMBIUM_BA_STATE_PATH,,NO_TURNING_POINT_BY_2075,2075,1.0
ASYMPTOTIC,FROZEN,grid ASYMPTOTIC / vehicle FROZEN,False,MA,Massachusetts,FULL_SCHEDULE_10,CAMBIUM_BA_STATE_PATH_WITH_REGISTERED_STATUTORY_FLOOR,,NO_TURNING_POINT_BY_2075,2075,1.0
ASYMPTOTIC,FROZEN,grid ASYMPTOTIC / vehicle FROZEN,False,MD,Maryland,FULL_SCHEDULE_10,CAMBIUM_BA_STATE_PATH_WITH_REGISTERED_STATUTORY_FLOOR,,NO_TURNING_POINT_BY_2075,2075,1.0
ASYMPTOTIC,FROZEN,grid ASYMPTOTIC / vehicle FROZEN,False,ME,Maine,NO_VEHICLE_RULE_38,CAMBIUM_BA_STATE_PATH_WITH_REGISTERED_STATUTORY_FLOOR,,NO_TURNING_POINT_BY_2075,2075,1.0
ASYMPTOTIC,FROZEN,grid ASYMPTOTIC / vehicle FROZEN,False,MI,Michigan,NO_VEHICLE_RULE_38,CAMBIUM_BA_STATE_PATH_WITH_REGISTERED_STATUTORY_FLOOR,,NO_TURNING_POINT_BY_2075,2075,1.0
ASYMPTOTIC,FROZEN,grid ASYMPTOTIC / vehicle FROZEN,False,MN,Minnesota,NO_VEHICLE_RULE_38,CAMBIUM_BA_STATE_PATH_WITH_REGISTERED_STATUTORY_FLOOR,,NO_TURNING_POINT_BY_2075,2075,1.0
ASYMPTOTIC,FROZEN,grid ASYMPTOTIC / vehicle FROZEN,False,MO,Missouri,NO_VEHICLE_RULE_38,CAMBIUM_BA_STATE_PATH_WITH_REGISTERED_STATUTORY_FLOOR,,NO_TURNING_POINT_BY_2075,2075,1.0
ASYMPTOTIC,FROZEN,grid ASYMPTOTIC / vehicle FROZEN,False,MS,Mississippi,NO_VEHICLE_RULE_38,CAMBIUM_BA_STATE_PATH,,NO_TURNING_POINT_BY_2075,2075,1.0
ASYMPTOTIC,FROZEN,grid ASYMPTOTIC / vehicle FROZEN,False,MT,Montana,NO_VEHICLE_RULE_38,CAMBIUM_BA_STATE_PATH,,NO_TURNING_POINT_BY_2075,2075,1.0
ASYMPTOTIC,FROZEN,grid ASYMPTOTIC / vehicle FROZEN,False,NC,North Carolina,NO_VEHICLE_RULE_38,CAMBIUM_BA_STATE_PATH_WITH_REGISTERED_STATUTORY_FLOOR,,NO_TURNING_POINT_BY_2075,2075,1.0
ASYMPTOTIC,FROZEN,grid ASYMPTOTIC / vehicle FROZEN,False,ND,North Dakota,NO_VEHICLE_RULE_38,CAMBIUM_BA_STATE_PATH,,NO_TURNING_POINT_BY_2075,2075,1.0
ASYMPTOTIC,FROZEN,grid ASYMPTOTIC / vehicle FROZEN,False,NE,Nebraska,NO_VEHICLE_RULE_38,CAMBIUM_BA_STATE_PATH,,NO_TURNING_POINT_BY_2075,2075,1.0
ASYMPTOTIC,FROZEN,grid ASYMPTOTIC / vehicle FROZEN,False,NH,New Hampshire,NO_VEHICLE_RULE_38,CAMBIUM_BA_STATE_PATH_WITH_REGISTERED_STATUTORY_FLOOR,,NO_TURNING_POINT_BY_2075,2075,1.0
ASYMPTOTIC,FROZEN,grid ASYMPTOTIC / vehicle FROZEN,False,NJ,New Jersey,FULL_SCHEDULE_10,CAMBIUM_BA_STATE_PATH_WITH_REGISTERED_STATUTORY_FLOOR,,NO_TURNING_POINT_BY_2075,2075,1.0
ASYMPTOTIC,FROZEN,grid ASYMPTOTIC / vehicle FROZEN,False,NM,New Mexico,CAPPED_82_MY2032_3,CAMBIUM_BA_STATE_PATH_WITH_REGISTERED_STATUTORY_FLOOR,2060.0,IDENTIFIED,2044,0.5240253711061622
ASYMPTOTIC,FROZEN,grid ASYMPTOTIC / vehicle FROZEN,False,NV,Nevada,NO_VEHICLE_RULE_38,CAMBIUM_BA_STATE_PATH_WITH_REGISTERED_STATUTORY_FLOOR,,NO_TURNING_POINT_BY_2075,2075,1.0
ASYMPTOTIC,FROZEN,grid ASYMPTOTIC / vehicle FROZEN,False,NY,New York,FULL_SCHEDULE_10,CAMBIUM_BA_STATE_PATH_WITH_REGISTERED_STATUTORY_FLOOR,2036.0,IDENTIFIED,2036,0.00016086019091205884
ASYMPTOTIC,FROZEN,grid ASYMPTOTIC / vehicle FROZEN,False,OH,Ohio,NO_VEHICLE_RULE_38,CAMBIUM_BA_STATE_PATH_WITH_REGISTERED_STATUTORY_FLOOR,,NO_TURNING_POINT_BY_2075,2075,1.0
ASYMPTOTIC,FROZEN,grid ASYMPTOTIC / vehicle FROZEN,False,OK,Oklahoma,NO_VEHICLE_RULE_38,CAMBIUM_BA_STATE_PATH,,NO_TURNING_POINT_BY_2075,2075,1.0
ASYMPTOTIC,FROZEN,grid ASYMPTOTIC / vehicle FROZEN,False,OR,Oregon,FULL_SCHEDULE_10,CAMBIUM_BA_STATE_PATH_WITH_REGISTERED_STATUTORY_FLOOR,2039.0,IDENTIFIED,2039,0.00013491815491152912
ASYMPTOTIC,FROZEN,grid ASYMPTOTIC / vehicle FROZEN,False,PA,Pennsylvania,NO_VEHICLE_RULE_38,CAMBIUM_BA_STATE_PATH_WITH_REGISTERED_STATUTORY_FLOOR,,NO_TURNING_POINT_BY_2075,2075,1.0
ASYMPTOTIC,FROZEN,grid ASYMPTOTIC / vehicle FROZEN,False,RI,Rhode Island,FULL_SCHEDULE_10,CAMBIUM_BA_STATE_PATH_WITH_REGISTERED_STATUTORY_FLOOR,2035.0,IDENTIFIED,2032,0.00019250638036061115
ASYMPTOTIC,FROZEN,grid ASYMPTOTIC / vehicle FROZEN,False,SC,South Carolina,NO_VEHICLE_RULE_38,CAMBIUM_BA_STATE_PATH,,NO_TURNING_POINT_BY_2075,2075,1.0
ASYMPTOTIC,FROZEN,grid ASYMPTOTIC / vehicle FROZEN,False,SD,South Dakota,NO_VEHICLE_RULE_38,CAMBIUM_BA_STATE_PATH_WITH_REGISTERED_STATUTORY_FLOOR,,NO_TURNING_POINT_BY_2075,2075,1.0
ASYMPTOTIC,FROZEN,grid ASYMPTOTIC / vehicle FROZEN,False,TN,Tennessee,NO_VEHICLE_RULE_38,CAMBIUM_BA_STATE_PATH,,NO_TURNING_POINT_BY_2075,2075,1.0
ASYMPTOTIC,FROZEN,grid ASYMPTOTIC / vehicle FROZEN,False,TX,Texas,NO_VEHICLE_RULE_38,CAMBIUM_BA_STATE_PATH,,NO_TURNING_POINT_BY_2075,2075,1.0
ASYMPTOTIC,FROZEN,grid ASYMPTOTIC / vehicle FROZEN,False,UT,Utah,NO_VEHICLE_RULE_38,CAMBIUM_BA_STATE_PATH_WITH_REGISTERED_STATUTORY_FLOOR,,NO_TURNING_POINT_BY_2075,2075,1.0
ASYMPTOTIC,FROZEN,grid ASYMPTOTIC / vehicle FROZEN,False,VA,Virginia,NO_VEHICLE_RULE_38,CAMBIUM_BA_STATE_PATH_WITH_REGISTERED_STATUTORY_FLOOR,,NO_TURNING_POINT_BY_2075,2075,1.0
ASYMPTOTIC,FROZEN,grid ASYMPTOTIC / vehicle FROZEN,False,VT,Vermont,FULL_SCHEDULE_10,CAMBIUM_BA_STATE_PATH_WITH_REGISTERED_STATUTORY_FLOOR,2034.0,IDENTIFIED,2034,0.00020835340938317145
ASYMPTOTIC,FROZEN,grid ASYMPTOTIC / vehicle FROZEN,False,WA,Washington,FULL_SCHEDULE_10,CAMBIUM_BA_STATE_PATH_WITH_REGISTERED_STATUTORY_FLOOR,2041.0,IDENTIFIED,2041,0.00014609434138698667
ASYMPTOTIC,FROZEN,grid ASYMPTOTIC / vehicle FROZEN,False,WI,Wisconsin,NO_VEHICLE_RULE_38,CAMBIUM_BA_STATE_PATH_WITH_REGISTERED_STATUTORY_FLOOR,,NO_TURNING_POINT_BY_2075,2075,1.0
ASYMPTOTIC,FROZEN,grid ASYMPTOTIC / vehicle FROZEN,False,WV,West Virginia,NO_VEHICLE_RULE_38,CAMBIUM_BA_STATE_PATH,,NO_TURNING_POINT_BY_2075,2075,1.0
ASYMPTOTIC,FROZEN,grid ASYMPTOTIC / vehicle FROZEN,False,WY,Wyoming,NO_VEHICLE_RULE_38,CAMBIUM_BA_STATE_PATH,,NO_TURNING_POINT_BY_2075,2075,1.0
