state,state_name,scope_role,scenario_bundle,scenario_definition,method_used,vehicle_group,first_compliance_model_year,capacity_basis,registered_automobiles,intersections,weather_workload_multiplier,grid_bridge_class,grid_source,grid_tail_rule,vehicle_tail_rule,peak_year,peak_direct_co2_metric_tonnes,sustained_nonincrease_onset_year,turning_status,ratio_2075_over_peak,estimand_conditional_on,onset_year_grid_tail_TREND,onset_year_grid_tail_FROZEN,onset_year_grid_tail_STATUTE,onset_year_grid_tail_ASYMPTOTIC,onset_year_vehicle_tail_FROZEN,onset_year_vehicle_tail_TREND,equal_size_comparison_onset_year,v30_prior_central_onset_year,v22_prior_central_onset_year,onset_shift_v31_minus_v30_years,post_2050_disclosure,vehicle_post_2050_disclosure,minimum_subsequent_modeled_years,forbidden_interpretation,vehicle_rule_enforceability,survival_convention,elec_bridge_class,turning_point_label,vehicle_policy_name,electricity_policy_name,policy_group_name
AK,Alaska,PRIMARY_50_STATE,expert_central_v33_candidate_asymptotic_ALTTRNP,ENACTED_STATE_LAW_AS_WRITTEN_OVER_PUBLISHED_NO_ADDITIONAL_POLICY_PROJECTION__ACCII_FEDERAL_WAIVER_DISAPPROVED_PUBL_119_16__NOT_ENFORCEABLE_2026_09_05,PUBLISHED_MARKET_PROJECTION_REBASED,NO_VEHICLE_RULE_38,,REAL_CAPACITY_FHWA_MV1_2024_REGISTERED_AUTOMOBILES_AND_STI_V2_INTERSECTIONS,122678.0,487.0,1.07971325,AK_RAILBELT_PUBLISHED_SCENARIO,NREL_TP-5700-81698_RAILBELT_RPS80_PUBLISHED_SCENARIO,ASYMPTOTIC,ASYMPTOTIC,2075,8795.438968754452,,RIGHT_CENSORED_THROUGH_2075,1.0,REGISTERED_STATUTORY_SCHEDULE_FLOOR_OVER_PUBLISHED_NO_ADDITIONAL_POLICY_MARKET_PROJECTION_ON_AN_AGE_SPECIFIC_SURVIVAL_WEIGHTED_VEHICLE_STOCK,,,,,,,,,2063,,AUTHOR_POST_CAMBIUM_EXTENSION_NOT_CAMBIUM; 2051-2075 shaded per SHADE_2051_2075_AUTHOR_EXTENSION,AUTHOR_POST_AEO_EXTENSION_NOT_AEO; 2051-2075 shaded per SHADE_2051_2075_AUTHOR_EXTENSION,5,NOT_CARBON_NEUTRALITY_AND_NOT_CUMULATIVE_PAYBACK,NO_STATE_VEHICLE_RULE,EPA_MOVES5_TABLE_C1_PASSENGER_CAR_AGE_SPECIFIC_SURVIVAL_MONOTONE_AGE27_INTERPOLATION_AGE40_PLUS_RATE_REUSED,AEO2026_ALTTRNP_STOCK_SHARE_REBASED_COHORT_INVERTED,none by 2075,No state vehicle policy,No clean electricity policy,No state policy
AL,Alabama,PRIMARY_50_STATE,expert_central_v33_candidate_asymptotic_ALTTRNP,ENACTED_STATE_LAW_AS_WRITTEN_OVER_PUBLISHED_NO_ADDITIONAL_POLICY_PROJECTION__ACCII_FEDERAL_WAIVER_DISAPPROVED_PUBL_119_16__NOT_ENFORCEABLE_2026_09_05,PUBLISHED_MARKET_PROJECTION_REBASED,NO_VEHICLE_RULE_38,,REAL_CAPACITY_FHWA_MV1_2024_REGISTERED_AUTOMOBILES_AND_STI_V2_INTERSECTIONS,1937330.0,3873.0,1.0409058,CAMBIUM_BA_STATE_PATH,NREL_CAMBIUM_2024_MIDCASE_BA_ROLLUP_TO_STATE_ADDITIVE_REBASED_WITH_CLIPPING_ON_REGISTERED_EGRID_S0G,ASYMPTOTIC,ASYMPTOTIC,2075,130382.57089409415,,RIGHT_CENSORED_THROUGH_2075,1.0,REGISTERED_STATUTORY_SCHEDULE_FLOOR_OVER_PUBLISHED_NO_ADDITIONAL_POLICY_MARKET_PROJECTION_ON_AN_AGE_SPECIFIC_SURVIVAL_WEIGHTED_VEHICLE_STOCK,,,,,,,,2063.0,2063,,AUTHOR_POST_CAMBIUM_EXTENSION_NOT_CAMBIUM; 2051-2075 shaded per SHADE_2051_2075_AUTHOR_EXTENSION,AUTHOR_POST_AEO_EXTENSION_NOT_AEO; 2051-2075 shaded per SHADE_2051_2075_AUTHOR_EXTENSION,5,NOT_CARBON_NEUTRALITY_AND_NOT_CUMULATIVE_PAYBACK,NO_STATE_VEHICLE_RULE,EPA_MOVES5_TABLE_C1_PASSENGER_CAR_AGE_SPECIFIC_SURVIVAL_MONOTONE_AGE27_INTERPOLATION_AGE40_PLUS_RATE_REUSED,AEO2026_ALTTRNP_STOCK_SHARE_REBASED_COHORT_INVERTED,none by 2075,No state vehicle policy,No clean electricity policy,No state policy
AR,Arkansas,PRIMARY_50_STATE,expert_central_v33_candidate_asymptotic_ALTTRNP,ENACTED_STATE_LAW_AS_WRITTEN_OVER_PUBLISHED_NO_ADDITIONAL_POLICY_PROJECTION__ACCII_FEDERAL_WAIVER_DISAPPROVED_PUBL_119_16__NOT_ENFORCEABLE_2026_09_05,PUBLISHED_MARKET_PROJECTION_REBASED,NO_VEHICLE_RULE_38,,REAL_CAPACITY_FHWA_MV1_2024_REGISTERED_AUTOMOBILES_AND_STI_V2_INTERSECTIONS,911769.0,1612.0,1.0340818,CAMBIUM_BA_STATE_PATH,NREL_CAMBIUM_2024_MIDCASE_BA_ROLLUP_TO_STATE_ADDITIVE_REBASED_WITH_CLIPPING_ON_REGISTERED_EGRID_S0G,ASYMPTOTIC,ASYMPTOTIC,2075,59971.52853078588,,RIGHT_CENSORED_THROUGH_2075,1.0,REGISTERED_STATUTORY_SCHEDULE_FLOOR_OVER_PUBLISHED_NO_ADDITIONAL_POLICY_MARKET_PROJECTION_ON_AN_AGE_SPECIFIC_SURVIVAL_WEIGHTED_VEHICLE_STOCK,,,,,,,,2057.0,2063,,AUTHOR_POST_CAMBIUM_EXTENSION_NOT_CAMBIUM; 2051-2075 shaded per SHADE_2051_2075_AUTHOR_EXTENSION,AUTHOR_POST_AEO_EXTENSION_NOT_AEO; 2051-2075 shaded per SHADE_2051_2075_AUTHOR_EXTENSION,5,NOT_CARBON_NEUTRALITY_AND_NOT_CUMULATIVE_PAYBACK,NO_STATE_VEHICLE_RULE,EPA_MOVES5_TABLE_C1_PASSENGER_CAR_AGE_SPECIFIC_SURVIVAL_MONOTONE_AGE27_INTERPOLATION_AGE40_PLUS_RATE_REUSED,AEO2026_ALTTRNP_STOCK_SHARE_REBASED_COHORT_INVERTED,none by 2075,No state vehicle policy,No clean electricity policy,No state policy
AZ,Arizona,PRIMARY_50_STATE,expert_central_v33_candidate_asymptotic_ALTTRNP,ENACTED_STATE_LAW_AS_WRITTEN_OVER_PUBLISHED_NO_ADDITIONAL_POLICY_PROJECTION__ACCII_FEDERAL_WAIVER_DISAPPROVED_PUBL_119_16__NOT_ENFORCEABLE_2026_09_05,PUBLISHED_MARKET_PROJECTION_REBASED,NO_VEHICLE_RULE_38,,REAL_CAPACITY_FHWA_MV1_2024_REGISTERED_AUTOMOBILES_AND_STI_V2_INTERSECTIONS,2287531.0,5014.0,1.01635375,CAMBIUM_BA_STATE_PATH,NREL_CAMBIUM_2024_MIDCASE_BA_ROLLUP_TO_STATE_ADDITIVE_REBASED_WITH_CLIPPING_ON_REGISTERED_EGRID_S0G,ASYMPTOTIC,ASYMPTOTIC,2075,150630.48051854075,,RIGHT_CENSORED_THROUGH_2075,1.0,REGISTERED_STATUTORY_SCHEDULE_FLOOR_OVER_PUBLISHED_NO_ADDITIONAL_POLICY_MARKET_PROJECTION_ON_AN_AGE_SPECIFIC_SURVIVAL_WEIGHTED_VEHICLE_STOCK,,,,,,,,,2062,,AUTHOR_POST_CAMBIUM_EXTENSION_NOT_CAMBIUM; 2051-2075 shaded per SHADE_2051_2075_AUTHOR_EXTENSION,AUTHOR_POST_AEO_EXTENSION_NOT_AEO; 2051-2075 shaded per SHADE_2051_2075_AUTHOR_EXTENSION,5,NOT_CARBON_NEUTRALITY_AND_NOT_CUMULATIVE_PAYBACK,NO_STATE_VEHICLE_RULE,EPA_MOVES5_TABLE_C1_PASSENGER_CAR_AGE_SPECIFIC_SURVIVAL_MONOTONE_AGE27_INTERPOLATION_AGE40_PLUS_RATE_REUSED,AEO2026_ALTTRNP_STOCK_SHARE_REBASED_COHORT_INVERTED,none by 2075,No state vehicle policy,No clean electricity policy,No state policy
CA,California,PRIMARY_50_STATE,expert_central_v33_candidate_asymptotic_ALTTRNP,ENACTED_STATE_LAW_AS_WRITTEN_OVER_PUBLISHED_NO_ADDITIONAL_POLICY_PROJECTION__ACCII_FEDERAL_WAIVER_DISAPPROVED_PUBL_119_16__NOT_ENFORCEABLE_2026_09_05,POLICY_SCHEDULE_FLOOR_OVER_MARKET_PROJECTION,FULL_SCHEDULE_10,2026.0,REAL_CAPACITY_FHWA_MV1_2024_REGISTERED_AUTOMOBILES_AND_STI_V2_INTERSECTIONS,12979522.0,40180.0,1.0348575000000002,CAMBIUM_BA_STATE_PATH_WITH_REGISTERED_STATUTORY_FLOOR,NREL_CAMBIUM_2024_MIDCASE_BA_ROLLUP_TO_STATE_ADDITIVE_REBASED_WITH_CLIPPING_ON_REGISTERED_EGRID_S0G_WITH_THE_FIRST_HAND_REGISTERED_ENFORCEABLE_STANDARD_AS_A_FLOOR,ASYMPTOTIC,ASYMPTOTIC,2034,37773.470039449036,2038.0,IDENTIFIED,0.00016835862317191112,REGISTERED_STATUTORY_SCHEDULE_FLOOR_OVER_PUBLISHED_NO_ADDITIONAL_POLICY_MARKET_PROJECTION_ON_AN_AGE_SPECIFIC_SURVIVAL_WEIGHTED_VEHICLE_STOCK,2038.0,2038.0,2038.0,2038.0,2038.0,2038.0,2038.0,2057.0,2057,-19.0,AUTHOR_POST_CAMBIUM_EXTENSION_NOT_CAMBIUM; 2051-2075 shaded per SHADE_2051_2075_AUTHOR_EXTENSION,AUTHOR_POST_AEO_EXTENSION_NOT_AEO; 2051-2075 shaded per SHADE_2051_2075_AUTHOR_EXTENSION,5,NOT_CARBON_NEUTRALITY_AND_NOT_CUMULATIVE_PAYBACK,ENACTED_STATE_RULE__FEDERAL_WAIVER_DISAPPROVED_PUBL_119_16__NOT_ENFORCEABLE_2026_09_05,EPA_MOVES5_TABLE_C1_PASSENGER_CAR_AGE_SPECIFIC_SURVIVAL_MONOTONE_AGE27_INTERPOLATION_AGE40_PLUS_RATE_REUSED,ACCII_FULL_SCHEDULE_MY2035_100PCT,2038,Advanced Clean Cars II policy,100% clean electricity policy,Advanced Clean Cars II policy + 100% clean electricity policy
CO,Colorado,PRIMARY_50_STATE,expert_central_v33_candidate_asymptotic_ALTTRNP,ENACTED_STATE_LAW_AS_WRITTEN_OVER_PUBLISHED_NO_ADDITIONAL_POLICY_PROJECTION__ACCII_FEDERAL_WAIVER_DISAPPROVED_PUBL_119_16__NOT_ENFORCEABLE_2026_09_05,POLICY_SCHEDULE_FLOOR_OVER_MARKET_PROJECTION,CAPPED_82_MY2032_3,2027.0,REAL_CAPACITY_FHWA_MV1_2024_REGISTERED_AUTOMOBILES_AND_STI_V2_INTERSECTIONS,1356526.0,6072.0,1.0414877000000002,CAMBIUM_BA_STATE_PATH_WITH_REGISTERED_STATUTORY_FLOOR,NREL_CAMBIUM_2024_MIDCASE_BA_ROLLUP_TO_STATE_ADDITIVE_REBASED_WITH_CLIPPING_ON_REGISTERED_EGRID_S0G_WITH_THE_FIRST_HAND_REGISTERED_ENFORCEABLE_STANDARD_AS_A_FLOOR,ASYMPTOTIC,ASYMPTOTIC,2049,12021.464572976298,2060.0,IDENTIFIED,0.35595938443968195,REGISTERED_STATUTORY_SCHEDULE_FLOOR_OVER_PUBLISHED_NO_ADDITIONAL_POLICY_MARKET_PROJECTION_ON_AN_AGE_SPECIFIC_SURVIVAL_WEIGHTED_VEHICLE_STOCK,2060.0,2060.0,2060.0,2060.0,2060.0,2060.0,2060.0,2057.0,2060,3.0,AUTHOR_POST_CAMBIUM_EXTENSION_NOT_CAMBIUM; 2051-2075 shaded per SHADE_2051_2075_AUTHOR_EXTENSION,AUTHOR_POST_AEO_EXTENSION_NOT_AEO; 2051-2075 shaded per SHADE_2051_2075_AUTHOR_EXTENSION,5,NOT_CARBON_NEUTRALITY_AND_NOT_CUMULATIVE_PAYBACK,ENACTED_STATE_RULE__FEDERAL_WAIVER_DISAPPROVED_PUBL_119_16__NOT_ENFORCEABLE_2026_09_05,EPA_MOVES5_TABLE_C1_PASSENGER_CAR_AGE_SPECIFIC_SURVIVAL_MONOTONE_AGE27_INTERPOLATION_AGE40_PLUS_RATE_REUSED,ACCII_VARIANT_CAPPED_82PCT_MY2032,2060,Advanced Clean Cars II policy through 2032,100% clean electricity policy,Advanced Clean Cars II policy through 2032 + 100% clean electricity policy
CT,Connecticut,PRIMARY_50_STATE,expert_central_v33_candidate_asymptotic_ALTTRNP,ENACTED_STATE_LAW_AS_WRITTEN_OVER_PUBLISHED_NO_ADDITIONAL_POLICY_PROJECTION__ACCII_FEDERAL_WAIVER_DISAPPROVED_PUBL_119_16__NOT_ENFORCEABLE_2026_09_05,PUBLISHED_MARKET_PROJECTION_REBASED,NO_VEHICLE_RULE_38,,REAL_CAPACITY_FHWA_MV1_2024_REGISTERED_AUTOMOBILES_AND_STI_V2_INTERSECTIONS,1028799.0,4956.0,1.0518885500000001,CAMBIUM_BA_STATE_PATH_WITH_REGISTERED_STATUTORY_FLOOR,NREL_CAMBIUM_2024_MIDCASE_BA_ROLLUP_TO_STATE_ADDITIVE_REBASED_WITH_CLIPPING_ON_REGISTERED_EGRID_S0G_WITH_THE_FIRST_HAND_REGISTERED_ENFORCEABLE_STANDARD_AS_A_FLOOR,ASYMPTOTIC,ASYMPTOTIC,2075,67207.18826090267,,RIGHT_CENSORED_THROUGH_2075,1.0,REGISTERED_STATUTORY_SCHEDULE_FLOOR_OVER_PUBLISHED_NO_ADDITIONAL_POLICY_MARKET_PROJECTION_ON_AN_AGE_SPECIFIC_SURVIVAL_WEIGHTED_VEHICLE_STOCK,,,,,,,,2057.0,2057,,AUTHOR_POST_CAMBIUM_EXTENSION_NOT_CAMBIUM; 2051-2075 shaded per SHADE_2051_2075_AUTHOR_EXTENSION,AUTHOR_POST_AEO_EXTENSION_NOT_AEO; 2051-2075 shaded per SHADE_2051_2075_AUTHOR_EXTENSION,5,NOT_CARBON_NEUTRALITY_AND_NOT_CUMULATIVE_PAYBACK,NO_STATE_VEHICLE_RULE,EPA_MOVES5_TABLE_C1_PASSENGER_CAR_AGE_SPECIFIC_SURVIVAL_MONOTONE_AGE27_INTERPOLATION_AGE40_PLUS_RATE_REUSED,AEO2026_ALTTRNP_STOCK_SHARE_REBASED_COHORT_INVERTED,none by 2075,No state vehicle policy,100% clean electricity policy,No state vehicle policy + 100% clean electricity policy
DC,District of Columbia,SUPPLEMENTAL_DC,expert_central_v33_candidate_asymptotic_ALTTRNP,ENACTED_STATE_LAW_AS_WRITTEN_OVER_PUBLISHED_NO_ADDITIONAL_POLICY_PROJECTION__ACCII_FEDERAL_WAIVER_DISAPPROVED_PUBL_119_16__NOT_ENFORCEABLE_2026_09_05,POLICY_SCHEDULE_FLOOR_OVER_MARKET_PROJECTION,FULL_SCHEDULE_10,2027.0,REAL_CAPACITY_FHWA_MV1_2024_REGISTERED_AUTOMOBILES_AND_STI_V2_INTERSECTIONS,150476.0,1596.0,1.0529085,CAMBIUM_BA_STATE_PATH_WITH_REGISTERED_STATUTORY_FLOOR,NREL_CAMBIUM_2024_MIDCASE_BA_ROLLUP_TO_STATE_ADDITIVE_REBASED_WITH_CLIPPING_ON_REGISTERED_EGRID_S0G_WITH_THE_FIRST_HAND_REGISTERED_ENFORCEABLE_STANDARD_AS_A_FLOOR,ASYMPTOTIC,ASYMPTOTIC,2031,382.62088684123347,2035.0,IDENTIFIED,0.0002004698156133552,REGISTERED_STATUTORY_SCHEDULE_FLOOR_OVER_PUBLISHED_NO_ADDITIONAL_POLICY_MARKET_PROJECTION_ON_AN_AGE_SPECIFIC_SURVIVAL_WEIGHTED_VEHICLE_STOCK,2035.0,2035.0,2035.0,2035.0,2035.0,2035.0,2035.0,2057.0,2057,-22.0,AUTHOR_POST_CAMBIUM_EXTENSION_NOT_CAMBIUM; 2051-2075 shaded per SHADE_2051_2075_AUTHOR_EXTENSION,AUTHOR_POST_AEO_EXTENSION_NOT_AEO; 2051-2075 shaded per SHADE_2051_2075_AUTHOR_EXTENSION,5,NOT_CARBON_NEUTRALITY_AND_NOT_CUMULATIVE_PAYBACK,ENACTED_STATE_RULE__FEDERAL_WAIVER_DISAPPROVED_PUBL_119_16__NOT_ENFORCEABLE_2026_09_05,EPA_MOVES5_TABLE_C1_PASSENGER_CAR_AGE_SPECIFIC_SURVIVAL_MONOTONE_AGE27_INTERPOLATION_AGE40_PLUS_RATE_REUSED,ACCII_FULL_SCHEDULE_MY2035_100PCT,2035,Advanced Clean Cars II policy,100% clean electricity policy,Advanced Clean Cars II policy + 100% clean electricity policy
DE,Delaware,PRIMARY_50_STATE,expert_central_v33_candidate_asymptotic_ALTTRNP,ENACTED_STATE_LAW_AS_WRITTEN_OVER_PUBLISHED_NO_ADDITIONAL_POLICY_PROJECTION__ACCII_FEDERAL_WAIVER_DISAPPROVED_PUBL_119_16__NOT_ENFORCEABLE_2026_09_05,POLICY_SCHEDULE_FLOOR_OVER_MARKET_PROJECTION,CAPPED_82_MY2032_3,2027.0,REAL_CAPACITY_FHWA_MV1_2024_REGISTERED_AUTOMOBILES_AND_STI_V2_INTERSECTIONS,148493.0,1053.0,1.0411441,CAMBIUM_BA_STATE_PATH_WITH_REGISTERED_STATUTORY_FLOOR,NREL_CAMBIUM_2024_MIDCASE_BA_ROLLUP_TO_STATE_ADDITIVE_REBASED_WITH_CLIPPING_ON_REGISTERED_EGRID_S0G_WITH_THE_FIRST_HAND_REGISTERED_ENFORCEABLE_STANDARD_AS_A_FLOOR,ASYMPTOTIC,ASYMPTOTIC,2075,2974.0792227222278,,RIGHT_CENSORED_THROUGH_2075,1.0,REGISTERED_STATUTORY_SCHEDULE_FLOOR_OVER_PUBLISHED_NO_ADDITIONAL_POLICY_MARKET_PROJECTION_ON_AN_AGE_SPECIFIC_SURVIVAL_WEIGHTED_VEHICLE_STOCK,,,,,,,,,2062,,AUTHOR_POST_CAMBIUM_EXTENSION_NOT_CAMBIUM; 2051-2075 shaded per SHADE_2051_2075_AUTHOR_EXTENSION,AUTHOR_POST_AEO_EXTENSION_NOT_AEO; 2051-2075 shaded per SHADE_2051_2075_AUTHOR_EXTENSION,5,NOT_CARBON_NEUTRALITY_AND_NOT_CUMULATIVE_PAYBACK,ENACTED_STATE_RULE__FEDERAL_WAIVER_DISAPPROVED_PUBL_119_16__NOT_ENFORCEABLE_2026_09_05,EPA_MOVES5_TABLE_C1_PASSENGER_CAR_AGE_SPECIFIC_SURVIVAL_MONOTONE_AGE27_INTERPOLATION_AGE40_PLUS_RATE_REUSED,ACCII_VARIANT_CAPPED_82PCT_MY2032,none by 2075,Advanced Clean Cars II policy through 2032,Partial clean electricity policy,Advanced Clean Cars II policy through 2032 + Partial clean electricity policy
FL,Florida,PRIMARY_50_STATE,expert_central_v33_candidate_asymptotic_ALTTRNP,ENACTED_STATE_LAW_AS_WRITTEN_OVER_PUBLISHED_NO_ADDITIONAL_POLICY_PROJECTION__ACCII_FEDERAL_WAIVER_DISAPPROVED_PUBL_119_16__NOT_ENFORCEABLE_2026_09_05,PUBLISHED_MARKET_PROJECTION_REBASED,NO_VEHICLE_RULE_38,,REAL_CAPACITY_FHWA_MV1_2024_REGISTERED_AUTOMOBILES_AND_STI_V2_INTERSECTIONS,7210114.0,17312.0,1.03725845,CAMBIUM_BA_STATE_PATH,NREL_CAMBIUM_2024_MIDCASE_BA_ROLLUP_TO_STATE_ADDITIVE_REBASED_WITH_CLIPPING_ON_REGISTERED_EGRID_S0G,ASYMPTOTIC,ASYMPTOTIC,2075,495798.2103732914,,RIGHT_CENSORED_THROUGH_2075,1.0,REGISTERED_STATUTORY_SCHEDULE_FLOOR_OVER_PUBLISHED_NO_ADDITIONAL_POLICY_MARKET_PROJECTION_ON_AN_AGE_SPECIFIC_SURVIVAL_WEIGHTED_VEHICLE_STOCK,,,,,,,,,2063,,AUTHOR_POST_CAMBIUM_EXTENSION_NOT_CAMBIUM; 2051-2075 shaded per SHADE_2051_2075_AUTHOR_EXTENSION,AUTHOR_POST_AEO_EXTENSION_NOT_AEO; 2051-2075 shaded per SHADE_2051_2075_AUTHOR_EXTENSION,5,NOT_CARBON_NEUTRALITY_AND_NOT_CUMULATIVE_PAYBACK,NO_STATE_VEHICLE_RULE,EPA_MOVES5_TABLE_C1_PASSENGER_CAR_AGE_SPECIFIC_SURVIVAL_MONOTONE_AGE27_INTERPOLATION_AGE40_PLUS_RATE_REUSED,AEO2026_ALTTRNP_STOCK_SHARE_REBASED_COHORT_INVERTED,none by 2075,No state vehicle policy,No clean electricity policy,No state policy
GA,Georgia,PRIMARY_50_STATE,expert_central_v33_candidate_asymptotic_ALTTRNP,ENACTED_STATE_LAW_AS_WRITTEN_OVER_PUBLISHED_NO_ADDITIONAL_POLICY_PROJECTION__ACCII_FEDERAL_WAIVER_DISAPPROVED_PUBL_119_16__NOT_ENFORCEABLE_2026_09_05,PUBLISHED_MARKET_PROJECTION_REBASED,NO_VEHICLE_RULE_38,,REAL_CAPACITY_FHWA_MV1_2024_REGISTERED_AUTOMOBILES_AND_STI_V2_INTERSECTIONS,3206610.0,7310.0,1.0423971,CAMBIUM_BA_STATE_PATH,NREL_CAMBIUM_2024_MIDCASE_BA_ROLLUP_TO_STATE_ADDITIVE_REBASED_WITH_CLIPPING_ON_REGISTERED_EGRID_S0G,ASYMPTOTIC,ASYMPTOTIC,2075,220535.541451062,,RIGHT_CENSORED_THROUGH_2075,1.0,REGISTERED_STATUTORY_SCHEDULE_FLOOR_OVER_PUBLISHED_NO_ADDITIONAL_POLICY_MARKET_PROJECTION_ON_AN_AGE_SPECIFIC_SURVIVAL_WEIGHTED_VEHICLE_STOCK,,,,,,,,,2063,,AUTHOR_POST_CAMBIUM_EXTENSION_NOT_CAMBIUM; 2051-2075 shaded per SHADE_2051_2075_AUTHOR_EXTENSION,AUTHOR_POST_AEO_EXTENSION_NOT_AEO; 2051-2075 shaded per SHADE_2051_2075_AUTHOR_EXTENSION,5,NOT_CARBON_NEUTRALITY_AND_NOT_CUMULATIVE_PAYBACK,NO_STATE_VEHICLE_RULE,EPA_MOVES5_TABLE_C1_PASSENGER_CAR_AGE_SPECIFIC_SURVIVAL_MONOTONE_AGE27_INTERPOLATION_AGE40_PLUS_RATE_REUSED,AEO2026_ALTTRNP_STOCK_SHARE_REBASED_COHORT_INVERTED,none by 2075,No state vehicle policy,No clean electricity policy,No state policy
HI,Hawaii,PRIMARY_50_STATE,expert_central_v33_candidate_asymptotic_ALTTRNP,ENACTED_STATE_LAW_AS_WRITTEN_OVER_PUBLISHED_NO_ADDITIONAL_POLICY_PROJECTION__ACCII_FEDERAL_WAIVER_DISAPPROVED_PUBL_119_16__NOT_ENFORCEABLE_2026_09_05,PUBLISHED_MARKET_PROJECTION_REBASED,NO_VEHICLE_RULE_38,,REAL_CAPACITY_FHWA_MV1_2024_REGISTERED_AUTOMOBILES_AND_STI_V2_INTERSECTIONS,422292.0,939.0,1.04017755,HI_STATUTE_MINUS_REGISTERED_FIRM_BIOFUEL,ENACTED_HAWAII_RPS_STATUTE_MINUS_THE_REGISTERED_FIRM_BIOFUEL_BRACKET,ASYMPTOTIC,ASYMPTOTIC,2075,27127.301347966586,,RIGHT_CENSORED_THROUGH_2075,1.0,REGISTERED_STATUTORY_SCHEDULE_FLOOR_OVER_PUBLISHED_NO_ADDITIONAL_POLICY_MARKET_PROJECTION_ON_AN_AGE_SPECIFIC_SURVIVAL_WEIGHTED_VEHICLE_STOCK,,,,,,,,2057.0,2057,,AUTHOR_POST_CAMBIUM_EXTENSION_NOT_CAMBIUM; 2051-2075 shaded per SHADE_2051_2075_AUTHOR_EXTENSION,AUTHOR_POST_AEO_EXTENSION_NOT_AEO; 2051-2075 shaded per SHADE_2051_2075_AUTHOR_EXTENSION,5,NOT_CARBON_NEUTRALITY_AND_NOT_CUMULATIVE_PAYBACK,NO_STATE_VEHICLE_RULE,EPA_MOVES5_TABLE_C1_PASSENGER_CAR_AGE_SPECIFIC_SURVIVAL_MONOTONE_AGE27_INTERPOLATION_AGE40_PLUS_RATE_REUSED,AEO2026_ALTTRNP_STOCK_SHARE_REBASED_COHORT_INVERTED,none by 2075,No state vehicle policy,Partial clean electricity policy,No state vehicle policy + Partial clean electricity policy
IA,Iowa,PRIMARY_50_STATE,expert_central_v33_candidate_asymptotic_ALTTRNP,ENACTED_STATE_LAW_AS_WRITTEN_OVER_PUBLISHED_NO_ADDITIONAL_POLICY_PROJECTION__ACCII_FEDERAL_WAIVER_DISAPPROVED_PUBL_119_16__NOT_ENFORCEABLE_2026_09_05,PUBLISHED_MARKET_PROJECTION_REBASED,NO_VEHICLE_RULE_38,,REAL_CAPACITY_FHWA_MV1_2024_REGISTERED_AUTOMOBILES_AND_STI_V2_INTERSECTIONS,1006994.0,2532.0,1.0497978,CAMBIUM_BA_STATE_PATH,NREL_CAMBIUM_2024_MIDCASE_BA_ROLLUP_TO_STATE_ADDITIVE_REBASED_WITH_CLIPPING_ON_REGISTERED_EGRID_S0G,ASYMPTOTIC,ASYMPTOTIC,2075,67997.2122052407,,RIGHT_CENSORED_THROUGH_2075,1.0,REGISTERED_STATUTORY_SCHEDULE_FLOOR_OVER_PUBLISHED_NO_ADDITIONAL_POLICY_MARKET_PROJECTION_ON_AN_AGE_SPECIFIC_SURVIVAL_WEIGHTED_VEHICLE_STOCK,,,,,,,,2064.0,2062,,AUTHOR_POST_CAMBIUM_EXTENSION_NOT_CAMBIUM; 2051-2075 shaded per SHADE_2051_2075_AUTHOR_EXTENSION,AUTHOR_POST_AEO_EXTENSION_NOT_AEO; 2051-2075 shaded per SHADE_2051_2075_AUTHOR_EXTENSION,5,NOT_CARBON_NEUTRALITY_AND_NOT_CUMULATIVE_PAYBACK,NO_STATE_VEHICLE_RULE,EPA_MOVES5_TABLE_C1_PASSENGER_CAR_AGE_SPECIFIC_SURVIVAL_MONOTONE_AGE27_INTERPOLATION_AGE40_PLUS_RATE_REUSED,AEO2026_ALTTRNP_STOCK_SHARE_REBASED_COHORT_INVERTED,none by 2075,No state vehicle policy,No clean electricity policy,No state policy
ID,Idaho,PRIMARY_50_STATE,expert_central_v33_candidate_asymptotic_ALTTRNP,ENACTED_STATE_LAW_AS_WRITTEN_OVER_PUBLISHED_NO_ADDITIONAL_POLICY_PROJECTION__ACCII_FEDERAL_WAIVER_DISAPPROVED_PUBL_119_16__NOT_ENFORCEABLE_2026_09_05,PUBLISHED_MARKET_PROJECTION_REBASED,NO_VEHICLE_RULE_38,,REAL_CAPACITY_FHWA_MV1_2024_REGISTERED_AUTOMOBILES_AND_STI_V2_INTERSECTIONS,510516.0,1084.0,1.0345380999999998,CAMBIUM_BA_STATE_PATH,NREL_CAMBIUM_2024_MIDCASE_BA_ROLLUP_TO_STATE_ADDITIVE_REBASED_WITH_CLIPPING_ON_REGISTERED_EGRID_S0G,ASYMPTOTIC,ASYMPTOTIC,2075,34555.47211895577,,RIGHT_CENSORED_THROUGH_2075,1.0,REGISTERED_STATUTORY_SCHEDULE_FLOOR_OVER_PUBLISHED_NO_ADDITIONAL_POLICY_MARKET_PROJECTION_ON_AN_AGE_SPECIFIC_SURVIVAL_WEIGHTED_VEHICLE_STOCK,,,,,,,,,2061,,AUTHOR_POST_CAMBIUM_EXTENSION_NOT_CAMBIUM; 2051-2075 shaded per SHADE_2051_2075_AUTHOR_EXTENSION,AUTHOR_POST_AEO_EXTENSION_NOT_AEO; 2051-2075 shaded per SHADE_2051_2075_AUTHOR_EXTENSION,5,NOT_CARBON_NEUTRALITY_AND_NOT_CUMULATIVE_PAYBACK,NO_STATE_VEHICLE_RULE,EPA_MOVES5_TABLE_C1_PASSENGER_CAR_AGE_SPECIFIC_SURVIVAL_MONOTONE_AGE27_INTERPOLATION_AGE40_PLUS_RATE_REUSED,AEO2026_ALTTRNP_STOCK_SHARE_REBASED_COHORT_INVERTED,none by 2075,No state vehicle policy,No clean electricity policy,No state policy
IL,Illinois,PRIMARY_50_STATE,expert_central_v33_candidate_asymptotic_ALTTRNP,ENACTED_STATE_LAW_AS_WRITTEN_OVER_PUBLISHED_NO_ADDITIONAL_POLICY_PROJECTION__ACCII_FEDERAL_WAIVER_DISAPPROVED_PUBL_119_16__NOT_ENFORCEABLE_2026_09_05,PUBLISHED_MARKET_PROJECTION_REBASED,NO_VEHICLE_RULE_38,,REAL_CAPACITY_FHWA_MV1_2024_REGISTERED_AUTOMOBILES_AND_STI_V2_INTERSECTIONS,3514238.0,11218.0,1.05241685,CAMBIUM_BA_STATE_PATH_WITH_REGISTERED_STATUTORY_FLOOR,NREL_CAMBIUM_2024_MIDCASE_BA_ROLLUP_TO_STATE_ADDITIVE_REBASED_WITH_CLIPPING_ON_REGISTERED_EGRID_S0G_WITH_THE_FIRST_HAND_REGISTERED_ENFORCEABLE_STANDARD_AS_A_FLOOR,ASYMPTOTIC,ASYMPTOTIC,2075,229847.08839838093,,RIGHT_CENSORED_THROUGH_2075,1.0,REGISTERED_STATUTORY_SCHEDULE_FLOOR_OVER_PUBLISHED_NO_ADDITIONAL_POLICY_MARKET_PROJECTION_ON_AN_AGE_SPECIFIC_SURVIVAL_WEIGHTED_VEHICLE_STOCK,,,,,,,,2057.0,2057,,AUTHOR_POST_CAMBIUM_EXTENSION_NOT_CAMBIUM; 2051-2075 shaded per SHADE_2051_2075_AUTHOR_EXTENSION,AUTHOR_POST_AEO_EXTENSION_NOT_AEO; 2051-2075 shaded per SHADE_2051_2075_AUTHOR_EXTENSION,5,NOT_CARBON_NEUTRALITY_AND_NOT_CUMULATIVE_PAYBACK,NO_STATE_VEHICLE_RULE,EPA_MOVES5_TABLE_C1_PASSENGER_CAR_AGE_SPECIFIC_SURVIVAL_MONOTONE_AGE27_INTERPOLATION_AGE40_PLUS_RATE_REUSED,AEO2026_ALTTRNP_STOCK_SHARE_REBASED_COHORT_INVERTED,none by 2075,No state vehicle policy,100% clean electricity policy,No state vehicle policy + 100% clean electricity policy
IN,Indiana,PRIMARY_50_STATE,expert_central_v33_candidate_asymptotic_ALTTRNP,ENACTED_STATE_LAW_AS_WRITTEN_OVER_PUBLISHED_NO_ADDITIONAL_POLICY_PROJECTION__ACCII_FEDERAL_WAIVER_DISAPPROVED_PUBL_119_16__NOT_ENFORCEABLE_2026_09_05,PUBLISHED_MARKET_PROJECTION_REBASED,NO_VEHICLE_RULE_38,,REAL_CAPACITY_FHWA_MV1_2024_REGISTERED_AUTOMOBILES_AND_STI_V2_INTERSECTIONS,1791108.0,5432.0,1.0552697,CAMBIUM_BA_STATE_PATH_WITH_REGISTERED_STATUTORY_FLOOR,NREL_CAMBIUM_2024_MIDCASE_BA_ROLLUP_TO_STATE_ADDITIVE_REBASED_WITH_CLIPPING_ON_REGISTERED_EGRID_S0G_WITH_THE_FIRST_HAND_REGISTERED_ENFORCEABLE_STANDARD_AS_A_FLOOR,ASYMPTOTIC,ASYMPTOTIC,2075,126883.91411464084,,RIGHT_CENSORED_THROUGH_2075,1.0,REGISTERED_STATUTORY_SCHEDULE_FLOOR_OVER_PUBLISHED_NO_ADDITIONAL_POLICY_MARKET_PROJECTION_ON_AN_AGE_SPECIFIC_SURVIVAL_WEIGHTED_VEHICLE_STOCK,,,,,,,,,2064,,AUTHOR_POST_CAMBIUM_EXTENSION_NOT_CAMBIUM; 2051-2075 shaded per SHADE_2051_2075_AUTHOR_EXTENSION,AUTHOR_POST_AEO_EXTENSION_NOT_AEO; 2051-2075 shaded per SHADE_2051_2075_AUTHOR_EXTENSION,5,NOT_CARBON_NEUTRALITY_AND_NOT_CUMULATIVE_PAYBACK,NO_STATE_VEHICLE_RULE,EPA_MOVES5_TABLE_C1_PASSENGER_CAR_AGE_SPECIFIC_SURVIVAL_MONOTONE_AGE27_INTERPOLATION_AGE40_PLUS_RATE_REUSED,AEO2026_ALTTRNP_STOCK_SHARE_REBASED_COHORT_INVERTED,none by 2075,No state vehicle policy,Partial clean electricity policy,No state vehicle policy + Partial clean electricity policy
KS,Kansas,PRIMARY_50_STATE,expert_central_v33_candidate_asymptotic_ALTTRNP,ENACTED_STATE_LAW_AS_WRITTEN_OVER_PUBLISHED_NO_ADDITIONAL_POLICY_PROJECTION__ACCII_FEDERAL_WAIVER_DISAPPROVED_PUBL_119_16__NOT_ENFORCEABLE_2026_09_05,PUBLISHED_MARKET_PROJECTION_REBASED,NO_VEHICLE_RULE_38,,REAL_CAPACITY_FHWA_MV1_2024_REGISTERED_AUTOMOBILES_AND_STI_V2_INTERSECTIONS,594786.0,2318.0,1.0396961500000002,CAMBIUM_BA_STATE_PATH,NREL_CAMBIUM_2024_MIDCASE_BA_ROLLUP_TO_STATE_ADDITIVE_REBASED_WITH_CLIPPING_ON_REGISTERED_EGRID_S0G,ASYMPTOTIC,ASYMPTOTIC,2075,39849.314177158296,,RIGHT_CENSORED_THROUGH_2075,1.0,REGISTERED_STATUTORY_SCHEDULE_FLOOR_OVER_PUBLISHED_NO_ADDITIONAL_POLICY_MARKET_PROJECTION_ON_AN_AGE_SPECIFIC_SURVIVAL_WEIGHTED_VEHICLE_STOCK,,,,,,,,2067.0,2063,,AUTHOR_POST_CAMBIUM_EXTENSION_NOT_CAMBIUM; 2051-2075 shaded per SHADE_2051_2075_AUTHOR_EXTENSION,AUTHOR_POST_AEO_EXTENSION_NOT_AEO; 2051-2075 shaded per SHADE_2051_2075_AUTHOR_EXTENSION,5,NOT_CARBON_NEUTRALITY_AND_NOT_CUMULATIVE_PAYBACK,NO_STATE_VEHICLE_RULE,EPA_MOVES5_TABLE_C1_PASSENGER_CAR_AGE_SPECIFIC_SURVIVAL_MONOTONE_AGE27_INTERPOLATION_AGE40_PLUS_RATE_REUSED,AEO2026_ALTTRNP_STOCK_SHARE_REBASED_COHORT_INVERTED,none by 2075,No state vehicle policy,No clean electricity policy,No state policy
KY,Kentucky,PRIMARY_50_STATE,expert_central_v33_candidate_asymptotic_ALTTRNP,ENACTED_STATE_LAW_AS_WRITTEN_OVER_PUBLISHED_NO_ADDITIONAL_POLICY_PROJECTION__ACCII_FEDERAL_WAIVER_DISAPPROVED_PUBL_119_16__NOT_ENFORCEABLE_2026_09_05,PUBLISHED_MARKET_PROJECTION_REBASED,NO_VEHICLE_RULE_38,,REAL_CAPACITY_FHWA_MV1_2024_REGISTERED_AUTOMOBILES_AND_STI_V2_INTERSECTIONS,1458659.0,3363.0,1.0474118000000001,CAMBIUM_BA_STATE_PATH,NREL_CAMBIUM_2024_MIDCASE_BA_ROLLUP_TO_STATE_ADDITIVE_REBASED_WITH_CLIPPING_ON_REGISTERED_EGRID_S0G,ASYMPTOTIC,ASYMPTOTIC,2075,97703.89264972019,,RIGHT_CENSORED_THROUGH_2075,1.0,REGISTERED_STATUTORY_SCHEDULE_FLOOR_OVER_PUBLISHED_NO_ADDITIONAL_POLICY_MARKET_PROJECTION_ON_AN_AGE_SPECIFIC_SURVIVAL_WEIGHTED_VEHICLE_STOCK,,,,,,,,2062.0,2064,,AUTHOR_POST_CAMBIUM_EXTENSION_NOT_CAMBIUM; 2051-2075 shaded per SHADE_2051_2075_AUTHOR_EXTENSION,AUTHOR_POST_AEO_EXTENSION_NOT_AEO; 2051-2075 shaded per SHADE_2051_2075_AUTHOR_EXTENSION,5,NOT_CARBON_NEUTRALITY_AND_NOT_CUMULATIVE_PAYBACK,NO_STATE_VEHICLE_RULE,EPA_MOVES5_TABLE_C1_PASSENGER_CAR_AGE_SPECIFIC_SURVIVAL_MONOTONE_AGE27_INTERPOLATION_AGE40_PLUS_RATE_REUSED,AEO2026_ALTTRNP_STOCK_SHARE_REBASED_COHORT_INVERTED,none by 2075,No state vehicle policy,No clean electricity policy,No state policy
LA,Louisiana,PRIMARY_50_STATE,expert_central_v33_candidate_asymptotic_ALTTRNP,ENACTED_STATE_LAW_AS_WRITTEN_OVER_PUBLISHED_NO_ADDITIONAL_POLICY_PROJECTION__ACCII_FEDERAL_WAIVER_DISAPPROVED_PUBL_119_16__NOT_ENFORCEABLE_2026_09_05,PUBLISHED_MARKET_PROJECTION_REBASED,NO_VEHICLE_RULE_38,,REAL_CAPACITY_FHWA_MV1_2024_REGISTERED_AUTOMOBILES_AND_STI_V2_INTERSECTIONS,1370563.0,2693.0,1.0353773999999998,CAMBIUM_BA_STATE_PATH,NREL_CAMBIUM_2024_MIDCASE_BA_ROLLUP_TO_STATE_ADDITIVE_REBASED_WITH_CLIPPING_ON_REGISTERED_EGRID_S0G,ASYMPTOTIC,ASYMPTOTIC,2075,95654.08911426927,,RIGHT_CENSORED_THROUGH_2075,1.0,REGISTERED_STATUTORY_SCHEDULE_FLOOR_OVER_PUBLISHED_NO_ADDITIONAL_POLICY_MARKET_PROJECTION_ON_AN_AGE_SPECIFIC_SURVIVAL_WEIGHTED_VEHICLE_STOCK,,,,,,,,,2063,,AUTHOR_POST_CAMBIUM_EXTENSION_NOT_CAMBIUM; 2051-2075 shaded per SHADE_2051_2075_AUTHOR_EXTENSION,AUTHOR_POST_AEO_EXTENSION_NOT_AEO; 2051-2075 shaded per SHADE_2051_2075_AUTHOR_EXTENSION,5,NOT_CARBON_NEUTRALITY_AND_NOT_CUMULATIVE_PAYBACK,NO_STATE_VEHICLE_RULE,EPA_MOVES5_TABLE_C1_PASSENGER_CAR_AGE_SPECIFIC_SURVIVAL_MONOTONE_AGE27_INTERPOLATION_AGE40_PLUS_RATE_REUSED,AEO2026_ALTTRNP_STOCK_SHARE_REBASED_COHORT_INVERTED,none by 2075,No state vehicle policy,No clean electricity policy,No state policy
MA,Massachusetts,PRIMARY_50_STATE,expert_central_v33_candidate_asymptotic_ALTTRNP,ENACTED_STATE_LAW_AS_WRITTEN_OVER_PUBLISHED_NO_ADDITIONAL_POLICY_PROJECTION__ACCII_FEDERAL_WAIVER_DISAPPROVED_PUBL_119_16__NOT_ENFORCEABLE_2026_09_05,POLICY_SCHEDULE_FLOOR_OVER_MARKET_PROJECTION,FULL_SCHEDULE_10,2026.0,REAL_CAPACITY_FHWA_MV1_2024_REGISTERED_AUTOMOBILES_AND_STI_V2_INTERSECTIONS,1706714.0,5439.0,1.05819945,CAMBIUM_BA_STATE_PATH_WITH_REGISTERED_STATUTORY_FLOOR,NREL_CAMBIUM_2024_MIDCASE_BA_ROLLUP_TO_STATE_ADDITIVE_REBASED_WITH_CLIPPING_ON_REGISTERED_EGRID_S0G_WITH_THE_FIRST_HAND_REGISTERED_ENFORCEABLE_STANDARD_AS_A_FLOOR,ASYMPTOTIC,ASYMPTOTIC,2075,13555.599375799522,,RIGHT_CENSORED_THROUGH_2075,1.0,REGISTERED_STATUTORY_SCHEDULE_FLOOR_OVER_PUBLISHED_NO_ADDITIONAL_POLICY_MARKET_PROJECTION_ON_AN_AGE_SPECIFIC_SURVIVAL_WEIGHTED_VEHICLE_STOCK,,,,,,,,2057.0,2057,,AUTHOR_POST_CAMBIUM_EXTENSION_NOT_CAMBIUM; 2051-2075 shaded per SHADE_2051_2075_AUTHOR_EXTENSION,AUTHOR_POST_AEO_EXTENSION_NOT_AEO; 2051-2075 shaded per SHADE_2051_2075_AUTHOR_EXTENSION,5,NOT_CARBON_NEUTRALITY_AND_NOT_CUMULATIVE_PAYBACK,ENACTED_STATE_RULE__FEDERAL_WAIVER_DISAPPROVED_PUBL_119_16__NOT_ENFORCEABLE_2026_09_05,EPA_MOVES5_TABLE_C1_PASSENGER_CAR_AGE_SPECIFIC_SURVIVAL_MONOTONE_AGE27_INTERPOLATION_AGE40_PLUS_RATE_REUSED,ACCII_FULL_SCHEDULE_MY2035_100PCT,none by 2075,Advanced Clean Cars II policy,Partial clean electricity policy,Advanced Clean Cars II policy + Partial clean electricity policy
MD,Maryland,PRIMARY_50_STATE,expert_central_v33_candidate_asymptotic_ALTTRNP,ENACTED_STATE_LAW_AS_WRITTEN_OVER_PUBLISHED_NO_ADDITIONAL_POLICY_PROJECTION__ACCII_FEDERAL_WAIVER_DISAPPROVED_PUBL_119_16__NOT_ENFORCEABLE_2026_09_05,POLICY_SCHEDULE_FLOOR_OVER_MARKET_PROJECTION,FULL_SCHEDULE_10,2027.0,REAL_CAPACITY_FHWA_MV1_2024_REGISTERED_AUTOMOBILES_AND_STI_V2_INTERSECTIONS,1908452.0,5878.0,1.0430396499999999,CAMBIUM_BA_STATE_PATH_WITH_REGISTERED_STATUTORY_FLOOR,NREL_CAMBIUM_2024_MIDCASE_BA_ROLLUP_TO_STATE_ADDITIVE_REBASED_WITH_CLIPPING_ON_REGISTERED_EGRID_S0G_WITH_THE_FIRST_HAND_REGISTERED_ENFORCEABLE_STANDARD_AS_A_FLOOR,ASYMPTOTIC,ASYMPTOTIC,2075,23526.60278996173,,RIGHT_CENSORED_THROUGH_2075,1.0,REGISTERED_STATUTORY_SCHEDULE_FLOOR_OVER_PUBLISHED_NO_ADDITIONAL_POLICY_MARKET_PROJECTION_ON_AN_AGE_SPECIFIC_SURVIVAL_WEIGHTED_VEHICLE_STOCK,,,,,,,,,2062,,AUTHOR_POST_CAMBIUM_EXTENSION_NOT_CAMBIUM; 2051-2075 shaded per SHADE_2051_2075_AUTHOR_EXTENSION,AUTHOR_POST_AEO_EXTENSION_NOT_AEO; 2051-2075 shaded per SHADE_2051_2075_AUTHOR_EXTENSION,5,NOT_CARBON_NEUTRALITY_AND_NOT_CUMULATIVE_PAYBACK,ENACTED_STATE_RULE__FEDERAL_WAIVER_DISAPPROVED_PUBL_119_16__NOT_ENFORCEABLE_2026_09_05,EPA_MOVES5_TABLE_C1_PASSENGER_CAR_AGE_SPECIFIC_SURVIVAL_MONOTONE_AGE27_INTERPOLATION_AGE40_PLUS_RATE_REUSED,ACCII_FULL_SCHEDULE_MY2035_100PCT,none by 2075,Advanced Clean Cars II policy,Partial clean electricity policy,Advanced Clean Cars II policy + Partial clean electricity policy
ME,Maine,PRIMARY_50_STATE,expert_central_v33_candidate_asymptotic_ALTTRNP,ENACTED_STATE_LAW_AS_WRITTEN_OVER_PUBLISHED_NO_ADDITIONAL_POLICY_PROJECTION__ACCII_FEDERAL_WAIVER_DISAPPROVED_PUBL_119_16__NOT_ENFORCEABLE_2026_09_05,PUBLISHED_MARKET_PROJECTION_REBASED,NO_VEHICLE_RULE_38,,REAL_CAPACITY_FHWA_MV1_2024_REGISTERED_AUTOMOBILES_AND_STI_V2_INTERSECTIONS,312473.0,839.0,1.0599389,CAMBIUM_BA_STATE_PATH_WITH_REGISTERED_STATUTORY_FLOOR,NREL_CAMBIUM_2024_MIDCASE_BA_ROLLUP_TO_STATE_ADDITIVE_REBASED_WITH_CLIPPING_ON_REGISTERED_EGRID_S0G_WITH_THE_FIRST_HAND_REGISTERED_ENFORCEABLE_STANDARD_AS_A_FLOOR,ASYMPTOTIC,ASYMPTOTIC,2075,20778.230626005214,,RIGHT_CENSORED_THROUGH_2075,1.0,REGISTERED_STATUTORY_SCHEDULE_FLOOR_OVER_PUBLISHED_NO_ADDITIONAL_POLICY_MARKET_PROJECTION_ON_AN_AGE_SPECIFIC_SURVIVAL_WEIGHTED_VEHICLE_STOCK,,,,,,,,2057.0,2057,,AUTHOR_POST_CAMBIUM_EXTENSION_NOT_CAMBIUM; 2051-2075 shaded per SHADE_2051_2075_AUTHOR_EXTENSION,AUTHOR_POST_AEO_EXTENSION_NOT_AEO; 2051-2075 shaded per SHADE_2051_2075_AUTHOR_EXTENSION,5,NOT_CARBON_NEUTRALITY_AND_NOT_CUMULATIVE_PAYBACK,NO_STATE_VEHICLE_RULE,EPA_MOVES5_TABLE_C1_PASSENGER_CAR_AGE_SPECIFIC_SURVIVAL_MONOTONE_AGE27_INTERPOLATION_AGE40_PLUS_RATE_REUSED,AEO2026_ALTTRNP_STOCK_SHARE_REBASED_COHORT_INVERTED,none by 2075,No state vehicle policy,100% clean electricity policy,No state vehicle policy + 100% clean electricity policy
MI,Michigan,PRIMARY_50_STATE,expert_central_v33_candidate_asymptotic_ALTTRNP,ENACTED_STATE_LAW_AS_WRITTEN_OVER_PUBLISHED_NO_ADDITIONAL_POLICY_PROJECTION__ACCII_FEDERAL_WAIVER_DISAPPROVED_PUBL_119_16__NOT_ENFORCEABLE_2026_09_05,PUBLISHED_MARKET_PROJECTION_REBASED,NO_VEHICLE_RULE_38,,REAL_CAPACITY_FHWA_MV1_2024_REGISTERED_AUTOMOBILES_AND_STI_V2_INTERSECTIONS,2494236.0,8422.0,1.06247335,CAMBIUM_BA_STATE_PATH_WITH_REGISTERED_STATUTORY_FLOOR,NREL_CAMBIUM_2024_MIDCASE_BA_ROLLUP_TO_STATE_ADDITIVE_REBASED_WITH_CLIPPING_ON_REGISTERED_EGRID_S0G_WITH_THE_FIRST_HAND_REGISTERED_ENFORCEABLE_STANDARD_AS_A_FLOOR,ASYMPTOTIC,ASYMPTOTIC,2075,165396.10671932582,,RIGHT_CENSORED_THROUGH_2075,1.0,REGISTERED_STATUTORY_SCHEDULE_FLOOR_OVER_PUBLISHED_NO_ADDITIONAL_POLICY_MARKET_PROJECTION_ON_AN_AGE_SPECIFIC_SURVIVAL_WEIGHTED_VEHICLE_STOCK,,,,,,,,2057.0,2057,,AUTHOR_POST_CAMBIUM_EXTENSION_NOT_CAMBIUM; 2051-2075 shaded per SHADE_2051_2075_AUTHOR_EXTENSION,AUTHOR_POST_AEO_EXTENSION_NOT_AEO; 2051-2075 shaded per SHADE_2051_2075_AUTHOR_EXTENSION,5,NOT_CARBON_NEUTRALITY_AND_NOT_CUMULATIVE_PAYBACK,NO_STATE_VEHICLE_RULE,EPA_MOVES5_TABLE_C1_PASSENGER_CAR_AGE_SPECIFIC_SURVIVAL_MONOTONE_AGE27_INTERPOLATION_AGE40_PLUS_RATE_REUSED,AEO2026_ALTTRNP_STOCK_SHARE_REBASED_COHORT_INVERTED,none by 2075,No state vehicle policy,100% clean electricity policy,No state vehicle policy + 100% clean electricity policy
MN,Minnesota,PRIMARY_50_STATE,expert_central_v33_candidate_asymptotic_ALTTRNP,ENACTED_STATE_LAW_AS_WRITTEN_OVER_PUBLISHED_NO_ADDITIONAL_POLICY_PROJECTION__ACCII_FEDERAL_WAIVER_DISAPPROVED_PUBL_119_16__NOT_ENFORCEABLE_2026_09_05,PUBLISHED_MARKET_PROJECTION_REBASED,NO_VEHICLE_RULE_38,,REAL_CAPACITY_FHWA_MV1_2024_REGISTERED_AUTOMOBILES_AND_STI_V2_INTERSECTIONS,1609042.0,4163.0,1.0534591500000001,CAMBIUM_BA_STATE_PATH_WITH_REGISTERED_STATUTORY_FLOOR,NREL_CAMBIUM_2024_MIDCASE_BA_ROLLUP_TO_STATE_ADDITIVE_REBASED_WITH_CLIPPING_ON_REGISTERED_EGRID_S0G_WITH_THE_FIRST_HAND_REGISTERED_ENFORCEABLE_STANDARD_AS_A_FLOOR,ASYMPTOTIC,ASYMPTOTIC,2075,106037.89076449531,,RIGHT_CENSORED_THROUGH_2075,1.0,REGISTERED_STATUTORY_SCHEDULE_FLOOR_OVER_PUBLISHED_NO_ADDITIONAL_POLICY_MARKET_PROJECTION_ON_AN_AGE_SPECIFIC_SURVIVAL_WEIGHTED_VEHICLE_STOCK,,,,,,,,2057.0,2057,,AUTHOR_POST_CAMBIUM_EXTENSION_NOT_CAMBIUM; 2051-2075 shaded per SHADE_2051_2075_AUTHOR_EXTENSION,AUTHOR_POST_AEO_EXTENSION_NOT_AEO; 2051-2075 shaded per SHADE_2051_2075_AUTHOR_EXTENSION,5,NOT_CARBON_NEUTRALITY_AND_NOT_CUMULATIVE_PAYBACK,NO_STATE_VEHICLE_RULE,EPA_MOVES5_TABLE_C1_PASSENGER_CAR_AGE_SPECIFIC_SURVIVAL_MONOTONE_AGE27_INTERPOLATION_AGE40_PLUS_RATE_REUSED,AEO2026_ALTTRNP_STOCK_SHARE_REBASED_COHORT_INVERTED,none by 2075,No state vehicle policy,100% clean electricity policy,No state vehicle policy + 100% clean electricity policy
MO,Missouri,PRIMARY_50_STATE,expert_central_v33_candidate_asymptotic_ALTTRNP,ENACTED_STATE_LAW_AS_WRITTEN_OVER_PUBLISHED_NO_ADDITIONAL_POLICY_PROJECTION__ACCII_FEDERAL_WAIVER_DISAPPROVED_PUBL_119_16__NOT_ENFORCEABLE_2026_09_05,PUBLISHED_MARKET_PROJECTION_REBASED,NO_VEHICLE_RULE_38,,REAL_CAPACITY_FHWA_MV1_2024_REGISTERED_AUTOMOBILES_AND_STI_V2_INTERSECTIONS,1645714.0,4949.0,1.0438663,CAMBIUM_BA_STATE_PATH_WITH_REGISTERED_STATUTORY_FLOOR,NREL_CAMBIUM_2024_MIDCASE_BA_ROLLUP_TO_STATE_ADDITIVE_REBASED_WITH_CLIPPING_ON_REGISTERED_EGRID_S0G_WITH_THE_FIRST_HAND_REGISTERED_ENFORCEABLE_STANDARD_AS_A_FLOOR,ASYMPTOTIC,ASYMPTOTIC,2075,108402.72909270307,,RIGHT_CENSORED_THROUGH_2075,1.0,REGISTERED_STATUTORY_SCHEDULE_FLOOR_OVER_PUBLISHED_NO_ADDITIONAL_POLICY_MARKET_PROJECTION_ON_AN_AGE_SPECIFIC_SURVIVAL_WEIGHTED_VEHICLE_STOCK,,,,,,,,2058.0,2064,,AUTHOR_POST_CAMBIUM_EXTENSION_NOT_CAMBIUM; 2051-2075 shaded per SHADE_2051_2075_AUTHOR_EXTENSION,AUTHOR_POST_AEO_EXTENSION_NOT_AEO; 2051-2075 shaded per SHADE_2051_2075_AUTHOR_EXTENSION,5,NOT_CARBON_NEUTRALITY_AND_NOT_CUMULATIVE_PAYBACK,NO_STATE_VEHICLE_RULE,EPA_MOVES5_TABLE_C1_PASSENGER_CAR_AGE_SPECIFIC_SURVIVAL_MONOTONE_AGE27_INTERPOLATION_AGE40_PLUS_RATE_REUSED,AEO2026_ALTTRNP_STOCK_SHARE_REBASED_COHORT_INVERTED,none by 2075,No state vehicle policy,Partial clean electricity policy,No state vehicle policy + Partial clean electricity policy
MS,Mississippi,PRIMARY_50_STATE,expert_central_v33_candidate_asymptotic_ALTTRNP,ENACTED_STATE_LAW_AS_WRITTEN_OVER_PUBLISHED_NO_ADDITIONAL_POLICY_PROJECTION__ACCII_FEDERAL_WAIVER_DISAPPROVED_PUBL_119_16__NOT_ENFORCEABLE_2026_09_05,PUBLISHED_MARKET_PROJECTION_REBASED,NO_VEHICLE_RULE_38,,REAL_CAPACITY_FHWA_MV1_2024_REGISTERED_AUTOMOBILES_AND_STI_V2_INTERSECTIONS,756941.0,1661.0,1.0309282,CAMBIUM_BA_STATE_PATH,NREL_CAMBIUM_2024_MIDCASE_BA_ROLLUP_TO_STATE_ADDITIVE_REBASED_WITH_CLIPPING_ON_REGISTERED_EGRID_S0G,ASYMPTOTIC,ASYMPTOTIC,2075,49934.62561683755,,RIGHT_CENSORED_THROUGH_2075,1.0,REGISTERED_STATUTORY_SCHEDULE_FLOOR_OVER_PUBLISHED_NO_ADDITIONAL_POLICY_MARKET_PROJECTION_ON_AN_AGE_SPECIFIC_SURVIVAL_WEIGHTED_VEHICLE_STOCK,,,,,,,,2056.0,2063,,AUTHOR_POST_CAMBIUM_EXTENSION_NOT_CAMBIUM; 2051-2075 shaded per SHADE_2051_2075_AUTHOR_EXTENSION,AUTHOR_POST_AEO_EXTENSION_NOT_AEO; 2051-2075 shaded per SHADE_2051_2075_AUTHOR_EXTENSION,5,NOT_CARBON_NEUTRALITY_AND_NOT_CUMULATIVE_PAYBACK,NO_STATE_VEHICLE_RULE,EPA_MOVES5_TABLE_C1_PASSENGER_CAR_AGE_SPECIFIC_SURVIVAL_MONOTONE_AGE27_INTERPOLATION_AGE40_PLUS_RATE_REUSED,AEO2026_ALTTRNP_STOCK_SHARE_REBASED_COHORT_INVERTED,none by 2075,No state vehicle policy,No clean electricity policy,No state policy
MT,Montana,PRIMARY_50_STATE,expert_central_v33_candidate_asymptotic_ALTTRNP,ENACTED_STATE_LAW_AS_WRITTEN_OVER_PUBLISHED_NO_ADDITIONAL_POLICY_PROJECTION__ACCII_FEDERAL_WAIVER_DISAPPROVED_PUBL_119_16__NOT_ENFORCEABLE_2026_09_05,PUBLISHED_MARKET_PROJECTION_REBASED,NO_VEHICLE_RULE_38,,REAL_CAPACITY_FHWA_MV1_2024_REGISTERED_AUTOMOBILES_AND_STI_V2_INTERSECTIONS,525226.0,634.0,1.0438171,CAMBIUM_BA_STATE_PATH,NREL_CAMBIUM_2024_MIDCASE_BA_ROLLUP_TO_STATE_ADDITIVE_REBASED_WITH_CLIPPING_ON_REGISTERED_EGRID_S0G,ASYMPTOTIC,ASYMPTOTIC,2075,39649.365462305745,,RIGHT_CENSORED_THROUGH_2075,1.0,REGISTERED_STATUTORY_SCHEDULE_FLOOR_OVER_PUBLISHED_NO_ADDITIONAL_POLICY_MARKET_PROJECTION_ON_AN_AGE_SPECIFIC_SURVIVAL_WEIGHTED_VEHICLE_STOCK,,,,,,,,,2063,,AUTHOR_POST_CAMBIUM_EXTENSION_NOT_CAMBIUM; 2051-2075 shaded per SHADE_2051_2075_AUTHOR_EXTENSION,AUTHOR_POST_AEO_EXTENSION_NOT_AEO; 2051-2075 shaded per SHADE_2051_2075_AUTHOR_EXTENSION,5,NOT_CARBON_NEUTRALITY_AND_NOT_CUMULATIVE_PAYBACK,NO_STATE_VEHICLE_RULE,EPA_MOVES5_TABLE_C1_PASSENGER_CAR_AGE_SPECIFIC_SURVIVAL_MONOTONE_AGE27_INTERPOLATION_AGE40_PLUS_RATE_REUSED,AEO2026_ALTTRNP_STOCK_SHARE_REBASED_COHORT_INVERTED,none by 2075,No state vehicle policy,No clean electricity policy,No state policy
NC,North Carolina,PRIMARY_50_STATE,expert_central_v33_candidate_asymptotic_ALTTRNP,ENACTED_STATE_LAW_AS_WRITTEN_OVER_PUBLISHED_NO_ADDITIONAL_POLICY_PROJECTION__ACCII_FEDERAL_WAIVER_DISAPPROVED_PUBL_119_16__NOT_ENFORCEABLE_2026_09_05,PUBLISHED_MARKET_PROJECTION_REBASED,NO_VEHICLE_RULE_38,,REAL_CAPACITY_FHWA_MV1_2024_REGISTERED_AUTOMOBILES_AND_STI_V2_INTERSECTIONS,3005649.0,9648.0,1.0423589,CAMBIUM_BA_STATE_PATH_WITH_REGISTERED_STATUTORY_FLOOR,NREL_CAMBIUM_2024_MIDCASE_BA_ROLLUP_TO_STATE_ADDITIVE_REBASED_WITH_CLIPPING_ON_REGISTERED_EGRID_S0G_WITH_THE_FIRST_HAND_REGISTERED_ENFORCEABLE_STANDARD_AS_A_FLOOR,ASYMPTOTIC,ASYMPTOTIC,2075,195553.49107833824,,RIGHT_CENSORED_THROUGH_2075,1.0,REGISTERED_STATUTORY_SCHEDULE_FLOOR_OVER_PUBLISHED_NO_ADDITIONAL_POLICY_MARKET_PROJECTION_ON_AN_AGE_SPECIFIC_SURVIVAL_WEIGHTED_VEHICLE_STOCK,,,,,,,,2057.0,2057,,AUTHOR_POST_CAMBIUM_EXTENSION_NOT_CAMBIUM; 2051-2075 shaded per SHADE_2051_2075_AUTHOR_EXTENSION,AUTHOR_POST_AEO_EXTENSION_NOT_AEO; 2051-2075 shaded per SHADE_2051_2075_AUTHOR_EXTENSION,5,NOT_CARBON_NEUTRALITY_AND_NOT_CUMULATIVE_PAYBACK,NO_STATE_VEHICLE_RULE,EPA_MOVES5_TABLE_C1_PASSENGER_CAR_AGE_SPECIFIC_SURVIVAL_MONOTONE_AGE27_INTERPOLATION_AGE40_PLUS_RATE_REUSED,AEO2026_ALTTRNP_STOCK_SHARE_REBASED_COHORT_INVERTED,none by 2075,No state vehicle policy,100% clean electricity policy,No state vehicle policy + 100% clean electricity policy
ND,North Dakota,PRIMARY_50_STATE,expert_central_v33_candidate_asymptotic_ALTTRNP,ENACTED_STATE_LAW_AS_WRITTEN_OVER_PUBLISHED_NO_ADDITIONAL_POLICY_PROJECTION__ACCII_FEDERAL_WAIVER_DISAPPROVED_PUBL_119_16__NOT_ENFORCEABLE_2026_09_05,PUBLISHED_MARKET_PROJECTION_REBASED,NO_VEHICLE_RULE_38,,REAL_CAPACITY_FHWA_MV1_2024_REGISTERED_AUTOMOBILES_AND_STI_V2_INTERSECTIONS,215289.0,470.0,1.0471919,CAMBIUM_BA_STATE_PATH,NREL_CAMBIUM_2024_MIDCASE_BA_ROLLUP_TO_STATE_ADDITIVE_REBASED_WITH_CLIPPING_ON_REGISTERED_EGRID_S0G,ASYMPTOTIC,ASYMPTOTIC,2075,15559.71507014981,,RIGHT_CENSORED_THROUGH_2075,1.0,REGISTERED_STATUTORY_SCHEDULE_FLOOR_OVER_PUBLISHED_NO_ADDITIONAL_POLICY_MARKET_PROJECTION_ON_AN_AGE_SPECIFIC_SURVIVAL_WEIGHTED_VEHICLE_STOCK,,,,,,,,,2063,,AUTHOR_POST_CAMBIUM_EXTENSION_NOT_CAMBIUM; 2051-2075 shaded per SHADE_2051_2075_AUTHOR_EXTENSION,AUTHOR_POST_AEO_EXTENSION_NOT_AEO; 2051-2075 shaded per SHADE_2051_2075_AUTHOR_EXTENSION,5,NOT_CARBON_NEUTRALITY_AND_NOT_CUMULATIVE_PAYBACK,NO_STATE_VEHICLE_RULE,EPA_MOVES5_TABLE_C1_PASSENGER_CAR_AGE_SPECIFIC_SURVIVAL_MONOTONE_AGE27_INTERPOLATION_AGE40_PLUS_RATE_REUSED,AEO2026_ALTTRNP_STOCK_SHARE_REBASED_COHORT_INVERTED,none by 2075,No state vehicle policy,No clean electricity policy,No state policy
NE,Nebraska,PRIMARY_50_STATE,expert_central_v33_candidate_asymptotic_ALTTRNP,ENACTED_STATE_LAW_AS_WRITTEN_OVER_PUBLISHED_NO_ADDITIONAL_POLICY_PROJECTION__ACCII_FEDERAL_WAIVER_DISAPPROVED_PUBL_119_16__NOT_ENFORCEABLE_2026_09_05,PUBLISHED_MARKET_PROJECTION_REBASED,NO_VEHICLE_RULE_38,,REAL_CAPACITY_FHWA_MV1_2024_REGISTERED_AUTOMOBILES_AND_STI_V2_INTERSECTIONS,561111.0,1995.0,1.0446169,CAMBIUM_BA_STATE_PATH,NREL_CAMBIUM_2024_MIDCASE_BA_ROLLUP_TO_STATE_ADDITIVE_REBASED_WITH_CLIPPING_ON_REGISTERED_EGRID_S0G,ASYMPTOTIC,ASYMPTOTIC,2075,39792.06147146369,,RIGHT_CENSORED_THROUGH_2075,1.0,REGISTERED_STATUTORY_SCHEDULE_FLOOR_OVER_PUBLISHED_NO_ADDITIONAL_POLICY_MARKET_PROJECTION_ON_AN_AGE_SPECIFIC_SURVIVAL_WEIGHTED_VEHICLE_STOCK,,,,,,,,2057.0,2057,,AUTHOR_POST_CAMBIUM_EXTENSION_NOT_CAMBIUM; 2051-2075 shaded per SHADE_2051_2075_AUTHOR_EXTENSION,AUTHOR_POST_AEO_EXTENSION_NOT_AEO; 2051-2075 shaded per SHADE_2051_2075_AUTHOR_EXTENSION,5,NOT_CARBON_NEUTRALITY_AND_NOT_CUMULATIVE_PAYBACK,NO_STATE_VEHICLE_RULE,EPA_MOVES5_TABLE_C1_PASSENGER_CAR_AGE_SPECIFIC_SURVIVAL_MONOTONE_AGE27_INTERPOLATION_AGE40_PLUS_RATE_REUSED,AEO2026_ALTTRNP_STOCK_SHARE_REBASED_COHORT_INVERTED,none by 2075,No state vehicle policy,No clean electricity policy,No state policy
NH,New Hampshire,PRIMARY_50_STATE,expert_central_v33_candidate_asymptotic_ALTTRNP,ENACTED_STATE_LAW_AS_WRITTEN_OVER_PUBLISHED_NO_ADDITIONAL_POLICY_PROJECTION__ACCII_FEDERAL_WAIVER_DISAPPROVED_PUBL_119_16__NOT_ENFORCEABLE_2026_09_05,PUBLISHED_MARKET_PROJECTION_REBASED,NO_VEHICLE_RULE_38,,REAL_CAPACITY_FHWA_MV1_2024_REGISTERED_AUTOMOBILES_AND_STI_V2_INTERSECTIONS,391064.0,991.0,1.0588975999999999,CAMBIUM_BA_STATE_PATH_WITH_REGISTERED_STATUTORY_FLOOR,NREL_CAMBIUM_2024_MIDCASE_BA_ROLLUP_TO_STATE_ADDITIVE_REBASED_WITH_CLIPPING_ON_REGISTERED_EGRID_S0G_WITH_THE_FIRST_HAND_REGISTERED_ENFORCEABLE_STANDARD_AS_A_FLOOR,ASYMPTOTIC,ASYMPTOTIC,2075,27238.44894575862,,RIGHT_CENSORED_THROUGH_2075,1.0,REGISTERED_STATUTORY_SCHEDULE_FLOOR_OVER_PUBLISHED_NO_ADDITIONAL_POLICY_MARKET_PROJECTION_ON_AN_AGE_SPECIFIC_SURVIVAL_WEIGHTED_VEHICLE_STOCK,,,,,,,,,2061,,AUTHOR_POST_CAMBIUM_EXTENSION_NOT_CAMBIUM; 2051-2075 shaded per SHADE_2051_2075_AUTHOR_EXTENSION,AUTHOR_POST_AEO_EXTENSION_NOT_AEO; 2051-2075 shaded per SHADE_2051_2075_AUTHOR_EXTENSION,5,NOT_CARBON_NEUTRALITY_AND_NOT_CUMULATIVE_PAYBACK,NO_STATE_VEHICLE_RULE,EPA_MOVES5_TABLE_C1_PASSENGER_CAR_AGE_SPECIFIC_SURVIVAL_MONOTONE_AGE27_INTERPOLATION_AGE40_PLUS_RATE_REUSED,AEO2026_ALTTRNP_STOCK_SHARE_REBASED_COHORT_INVERTED,none by 2075,No state vehicle policy,Partial clean electricity policy,No state vehicle policy + Partial clean electricity policy
NJ,New Jersey,PRIMARY_50_STATE,expert_central_v33_candidate_asymptotic_ALTTRNP,ENACTED_STATE_LAW_AS_WRITTEN_OVER_PUBLISHED_NO_ADDITIONAL_POLICY_PROJECTION__ACCII_FEDERAL_WAIVER_DISAPPROVED_PUBL_119_16__NOT_ENFORCEABLE_2026_09_05,POLICY_SCHEDULE_FLOOR_OVER_MARKET_PROJECTION,FULL_SCHEDULE_10,2027.0,REAL_CAPACITY_FHWA_MV1_2024_REGISTERED_AUTOMOBILES_AND_STI_V2_INTERSECTIONS,2275055.0,8896.0,1.0472353500000002,CAMBIUM_BA_STATE_PATH_WITH_REGISTERED_STATUTORY_FLOOR,NREL_CAMBIUM_2024_MIDCASE_BA_ROLLUP_TO_STATE_ADDITIVE_REBASED_WITH_CLIPPING_ON_REGISTERED_EGRID_S0G_WITH_THE_FIRST_HAND_REGISTERED_ENFORCEABLE_STANDARD_AS_A_FLOOR,ASYMPTOTIC,ASYMPTOTIC,2075,31761.083461509224,,RIGHT_CENSORED_THROUGH_2075,1.0,REGISTERED_STATUTORY_SCHEDULE_FLOOR_OVER_PUBLISHED_NO_ADDITIONAL_POLICY_MARKET_PROJECTION_ON_AN_AGE_SPECIFIC_SURVIVAL_WEIGHTED_VEHICLE_STOCK,,,,,,,,,2062,,AUTHOR_POST_CAMBIUM_EXTENSION_NOT_CAMBIUM; 2051-2075 shaded per SHADE_2051_2075_AUTHOR_EXTENSION,AUTHOR_POST_AEO_EXTENSION_NOT_AEO; 2051-2075 shaded per SHADE_2051_2075_AUTHOR_EXTENSION,5,NOT_CARBON_NEUTRALITY_AND_NOT_CUMULATIVE_PAYBACK,ENACTED_STATE_RULE__FEDERAL_WAIVER_DISAPPROVED_PUBL_119_16__NOT_ENFORCEABLE_2026_09_05,EPA_MOVES5_TABLE_C1_PASSENGER_CAR_AGE_SPECIFIC_SURVIVAL_MONOTONE_AGE27_INTERPOLATION_AGE40_PLUS_RATE_REUSED,ACCII_FULL_SCHEDULE_MY2035_100PCT,none by 2075,Advanced Clean Cars II policy,Partial clean electricity policy,Advanced Clean Cars II policy + Partial clean electricity policy
NM,New Mexico,PRIMARY_50_STATE,expert_central_v33_candidate_asymptotic_ALTTRNP,ENACTED_STATE_LAW_AS_WRITTEN_OVER_PUBLISHED_NO_ADDITIONAL_POLICY_PROJECTION__ACCII_FEDERAL_WAIVER_DISAPPROVED_PUBL_119_16__NOT_ENFORCEABLE_2026_09_05,POLICY_SCHEDULE_FLOOR_OVER_MARKET_PROJECTION,CAPPED_82_MY2032_3,2027.0,REAL_CAPACITY_FHWA_MV1_2024_REGISTERED_AUTOMOBILES_AND_STI_V2_INTERSECTIONS,590034.0,1534.0,1.0308577,CAMBIUM_BA_STATE_PATH_WITH_REGISTERED_STATUTORY_FLOOR,NREL_CAMBIUM_2024_MIDCASE_BA_ROLLUP_TO_STATE_ADDITIVE_REBASED_WITH_CLIPPING_ON_REGISTERED_EGRID_S0G_WITH_THE_FIRST_HAND_REGISTERED_ENFORCEABLE_STANDARD_AS_A_FLOOR,ASYMPTOTIC,ASYMPTOTIC,2044,3515.8192559300733,2060.0,IDENTIFIED,0.5240253711061622,REGISTERED_STATUTORY_SCHEDULE_FLOOR_OVER_PUBLISHED_NO_ADDITIONAL_POLICY_MARKET_PROJECTION_ON_AN_AGE_SPECIFIC_SURVIVAL_WEIGHTED_VEHICLE_STOCK,2060.0,2060.0,2060.0,2060.0,2060.0,2060.0,2060.0,2057.0,2057,3.0,AUTHOR_POST_CAMBIUM_EXTENSION_NOT_CAMBIUM; 2051-2075 shaded per SHADE_2051_2075_AUTHOR_EXTENSION,AUTHOR_POST_AEO_EXTENSION_NOT_AEO; 2051-2075 shaded per SHADE_2051_2075_AUTHOR_EXTENSION,5,NOT_CARBON_NEUTRALITY_AND_NOT_CUMULATIVE_PAYBACK,ENACTED_STATE_RULE__FEDERAL_WAIVER_DISAPPROVED_PUBL_119_16__NOT_ENFORCEABLE_2026_09_05,EPA_MOVES5_TABLE_C1_PASSENGER_CAR_AGE_SPECIFIC_SURVIVAL_MONOTONE_AGE27_INTERPOLATION_AGE40_PLUS_RATE_REUSED,ACCII_VARIANT_CAPPED_82PCT_MY2032,2060,Advanced Clean Cars II policy through 2032,100% clean electricity policy,Advanced Clean Cars II policy through 2032 + 100% clean electricity policy
NV,Nevada,PRIMARY_50_STATE,expert_central_v33_candidate_asymptotic_ALTTRNP,ENACTED_STATE_LAW_AS_WRITTEN_OVER_PUBLISHED_NO_ADDITIONAL_POLICY_PROJECTION__ACCII_FEDERAL_WAIVER_DISAPPROVED_PUBL_119_16__NOT_ENFORCEABLE_2026_09_05,PUBLISHED_MARKET_PROJECTION_REBASED,NO_VEHICLE_RULE_38,,REAL_CAPACITY_FHWA_MV1_2024_REGISTERED_AUTOMOBILES_AND_STI_V2_INTERSECTIONS,843099.0,2385.0,1.0272692,CAMBIUM_BA_STATE_PATH_WITH_REGISTERED_STATUTORY_FLOOR,NREL_CAMBIUM_2024_MIDCASE_BA_ROLLUP_TO_STATE_ADDITIVE_REBASED_WITH_CLIPPING_ON_REGISTERED_EGRID_S0G_WITH_THE_FIRST_HAND_REGISTERED_ENFORCEABLE_STANDARD_AS_A_FLOOR,ASYMPTOTIC,ASYMPTOTIC,2075,52557.19212433751,,RIGHT_CENSORED_THROUGH_2075,1.0,REGISTERED_STATUTORY_SCHEDULE_FLOOR_OVER_PUBLISHED_NO_ADDITIONAL_POLICY_MARKET_PROJECTION_ON_AN_AGE_SPECIFIC_SURVIVAL_WEIGHTED_VEHICLE_STOCK,,,,,,,,2057.0,2057,,AUTHOR_POST_CAMBIUM_EXTENSION_NOT_CAMBIUM; 2051-2075 shaded per SHADE_2051_2075_AUTHOR_EXTENSION,AUTHOR_POST_AEO_EXTENSION_NOT_AEO; 2051-2075 shaded per SHADE_2051_2075_AUTHOR_EXTENSION,5,NOT_CARBON_NEUTRALITY_AND_NOT_CUMULATIVE_PAYBACK,NO_STATE_VEHICLE_RULE,EPA_MOVES5_TABLE_C1_PASSENGER_CAR_AGE_SPECIFIC_SURVIVAL_MONOTONE_AGE27_INTERPOLATION_AGE40_PLUS_RATE_REUSED,AEO2026_ALTTRNP_STOCK_SHARE_REBASED_COHORT_INVERTED,none by 2075,No state vehicle policy,100% clean electricity policy,No state vehicle policy + 100% clean electricity policy
NY,New York,PRIMARY_50_STATE,expert_central_v33_candidate_asymptotic_ALTTRNP,ENACTED_STATE_LAW_AS_WRITTEN_OVER_PUBLISHED_NO_ADDITIONAL_POLICY_PROJECTION__ACCII_FEDERAL_WAIVER_DISAPPROVED_PUBL_119_16__NOT_ENFORCEABLE_2026_09_05,POLICY_SCHEDULE_FLOOR_OVER_MARKET_PROJECTION,FULL_SCHEDULE_10,2026.0,REAL_CAPACITY_FHWA_MV1_2024_REGISTERED_AUTOMOBILES_AND_STI_V2_INTERSECTIONS,6474059.0,23645.0,1.06123935,CAMBIUM_BA_STATE_PATH_WITH_REGISTERED_STATUTORY_FLOOR,NREL_CAMBIUM_2024_MIDCASE_BA_ROLLUP_TO_STATE_ADDITIVE_REBASED_WITH_CLIPPING_ON_REGISTERED_EGRID_S0G_WITH_THE_FIRST_HAND_REGISTERED_ENFORCEABLE_STANDARD_AS_A_FLOOR,ASYMPTOTIC,ASYMPTOTIC,2036,20231.36469257503,2036.0,IDENTIFIED,0.00016086019091205884,REGISTERED_STATUTORY_SCHEDULE_FLOOR_OVER_PUBLISHED_NO_ADDITIONAL_POLICY_MARKET_PROJECTION_ON_AN_AGE_SPECIFIC_SURVIVAL_WEIGHTED_VEHICLE_STOCK,2036.0,2036.0,2036.0,2036.0,2036.0,2036.0,2036.0,2057.0,2057,-21.0,AUTHOR_POST_CAMBIUM_EXTENSION_NOT_CAMBIUM; 2051-2075 shaded per SHADE_2051_2075_AUTHOR_EXTENSION,AUTHOR_POST_AEO_EXTENSION_NOT_AEO; 2051-2075 shaded per SHADE_2051_2075_AUTHOR_EXTENSION,5,NOT_CARBON_NEUTRALITY_AND_NOT_CUMULATIVE_PAYBACK,ENACTED_STATE_RULE__FEDERAL_WAIVER_DISAPPROVED_PUBL_119_16__NOT_ENFORCEABLE_2026_09_05,EPA_MOVES5_TABLE_C1_PASSENGER_CAR_AGE_SPECIFIC_SURVIVAL_MONOTONE_AGE27_INTERPOLATION_AGE40_PLUS_RATE_REUSED,ACCII_FULL_SCHEDULE_MY2035_100PCT,2036,Advanced Clean Cars II policy,100% clean electricity policy,Advanced Clean Cars II policy + 100% clean electricity policy
OH,Ohio,PRIMARY_50_STATE,expert_central_v33_candidate_asymptotic_ALTTRNP,ENACTED_STATE_LAW_AS_WRITTEN_OVER_PUBLISHED_NO_ADDITIONAL_POLICY_PROJECTION__ACCII_FEDERAL_WAIVER_DISAPPROVED_PUBL_119_16__NOT_ENFORCEABLE_2026_09_05,PUBLISHED_MARKET_PROJECTION_REBASED,NO_VEHICLE_RULE_38,,REAL_CAPACITY_FHWA_MV1_2024_REGISTERED_AUTOMOBILES_AND_STI_V2_INTERSECTIONS,3805614.0,12767.0,1.05438155,CAMBIUM_BA_STATE_PATH_WITH_REGISTERED_STATUTORY_FLOOR,NREL_CAMBIUM_2024_MIDCASE_BA_ROLLUP_TO_STATE_ADDITIVE_REBASED_WITH_CLIPPING_ON_REGISTERED_EGRID_S0G_WITH_THE_FIRST_HAND_REGISTERED_ENFORCEABLE_STANDARD_AS_A_FLOOR,ASYMPTOTIC,ASYMPTOTIC,2075,287309.3301942488,,RIGHT_CENSORED_THROUGH_2075,1.0,REGISTERED_STATUTORY_SCHEDULE_FLOOR_OVER_PUBLISHED_NO_ADDITIONAL_POLICY_MARKET_PROJECTION_ON_AN_AGE_SPECIFIC_SURVIVAL_WEIGHTED_VEHICLE_STOCK,,,,,,,,,2063,,AUTHOR_POST_CAMBIUM_EXTENSION_NOT_CAMBIUM; 2051-2075 shaded per SHADE_2051_2075_AUTHOR_EXTENSION,AUTHOR_POST_AEO_EXTENSION_NOT_AEO; 2051-2075 shaded per SHADE_2051_2075_AUTHOR_EXTENSION,5,NOT_CARBON_NEUTRALITY_AND_NOT_CUMULATIVE_PAYBACK,NO_STATE_VEHICLE_RULE,EPA_MOVES5_TABLE_C1_PASSENGER_CAR_AGE_SPECIFIC_SURVIVAL_MONOTONE_AGE27_INTERPOLATION_AGE40_PLUS_RATE_REUSED,AEO2026_ALTTRNP_STOCK_SHARE_REBASED_COHORT_INVERTED,none by 2075,No state vehicle policy,Partial clean electricity policy,No state vehicle policy + Partial clean electricity policy
OK,Oklahoma,PRIMARY_50_STATE,expert_central_v33_candidate_asymptotic_ALTTRNP,ENACTED_STATE_LAW_AS_WRITTEN_OVER_PUBLISHED_NO_ADDITIONAL_POLICY_PROJECTION__ACCII_FEDERAL_WAIVER_DISAPPROVED_PUBL_119_16__NOT_ENFORCEABLE_2026_09_05,PUBLISHED_MARKET_PROJECTION_REBASED,NO_VEHICLE_RULE_38,,REAL_CAPACITY_FHWA_MV1_2024_REGISTERED_AUTOMOBILES_AND_STI_V2_INTERSECTIONS,1061114.0,3045.0,1.03846085,CAMBIUM_BA_STATE_PATH,NREL_CAMBIUM_2024_MIDCASE_BA_ROLLUP_TO_STATE_ADDITIVE_REBASED_WITH_CLIPPING_ON_REGISTERED_EGRID_S0G,ASYMPTOTIC,ASYMPTOTIC,2075,72116.52906093036,,RIGHT_CENSORED_THROUGH_2075,1.0,REGISTERED_STATUTORY_SCHEDULE_FLOOR_OVER_PUBLISHED_NO_ADDITIONAL_POLICY_MARKET_PROJECTION_ON_AN_AGE_SPECIFIC_SURVIVAL_WEIGHTED_VEHICLE_STOCK,,,,,,,,2068.0,2062,,AUTHOR_POST_CAMBIUM_EXTENSION_NOT_CAMBIUM; 2051-2075 shaded per SHADE_2051_2075_AUTHOR_EXTENSION,AUTHOR_POST_AEO_EXTENSION_NOT_AEO; 2051-2075 shaded per SHADE_2051_2075_AUTHOR_EXTENSION,5,NOT_CARBON_NEUTRALITY_AND_NOT_CUMULATIVE_PAYBACK,NO_STATE_VEHICLE_RULE,EPA_MOVES5_TABLE_C1_PASSENGER_CAR_AGE_SPECIFIC_SURVIVAL_MONOTONE_AGE27_INTERPOLATION_AGE40_PLUS_RATE_REUSED,AEO2026_ALTTRNP_STOCK_SHARE_REBASED_COHORT_INVERTED,none by 2075,No state vehicle policy,No clean electricity policy,No state policy
OR,Oregon,PRIMARY_50_STATE,expert_central_v33_candidate_asymptotic_ALTTRNP,ENACTED_STATE_LAW_AS_WRITTEN_OVER_PUBLISHED_NO_ADDITIONAL_POLICY_PROJECTION__ACCII_FEDERAL_WAIVER_DISAPPROVED_PUBL_119_16__NOT_ENFORCEABLE_2026_09_05,POLICY_SCHEDULE_FLOOR_OVER_MARKET_PROJECTION,FULL_SCHEDULE_10,2026.0,REAL_CAPACITY_FHWA_MV1_2024_REGISTERED_AUTOMOBILES_AND_STI_V2_INTERSECTIONS,1308985.0,3734.0,1.05006675,CAMBIUM_BA_STATE_PATH_WITH_REGISTERED_STATUTORY_FLOOR,NREL_CAMBIUM_2024_MIDCASE_BA_ROLLUP_TO_STATE_ADDITIVE_REBASED_WITH_CLIPPING_ON_REGISTERED_EGRID_S0G_WITH_THE_FIRST_HAND_REGISTERED_ENFORCEABLE_STANDARD_AS_A_FLOOR,ASYMPTOTIC,ASYMPTOTIC,2039,4825.310229907527,2039.0,IDENTIFIED,0.00013491815491152912,REGISTERED_STATUTORY_SCHEDULE_FLOOR_OVER_PUBLISHED_NO_ADDITIONAL_POLICY_MARKET_PROJECTION_ON_AN_AGE_SPECIFIC_SURVIVAL_WEIGHTED_VEHICLE_STOCK,2039.0,2039.0,2039.0,2039.0,2039.0,2039.0,2039.0,2057.0,2057,-18.0,AUTHOR_POST_CAMBIUM_EXTENSION_NOT_CAMBIUM; 2051-2075 shaded per SHADE_2051_2075_AUTHOR_EXTENSION,AUTHOR_POST_AEO_EXTENSION_NOT_AEO; 2051-2075 shaded per SHADE_2051_2075_AUTHOR_EXTENSION,5,NOT_CARBON_NEUTRALITY_AND_NOT_CUMULATIVE_PAYBACK,ENACTED_STATE_RULE__FEDERAL_WAIVER_DISAPPROVED_PUBL_119_16__NOT_ENFORCEABLE_2026_09_05,EPA_MOVES5_TABLE_C1_PASSENGER_CAR_AGE_SPECIFIC_SURVIVAL_MONOTONE_AGE27_INTERPOLATION_AGE40_PLUS_RATE_REUSED,ACCII_FULL_SCHEDULE_MY2035_100PCT,2039,Advanced Clean Cars II policy,100% clean electricity policy,Advanced Clean Cars II policy + 100% clean electricity policy
PA,Pennsylvania,PRIMARY_50_STATE,expert_central_v33_candidate_asymptotic_ALTTRNP,ENACTED_STATE_LAW_AS_WRITTEN_OVER_PUBLISHED_NO_ADDITIONAL_POLICY_PROJECTION__ACCII_FEDERAL_WAIVER_DISAPPROVED_PUBL_119_16__NOT_ENFORCEABLE_2026_09_05,PUBLISHED_MARKET_PROJECTION_REBASED,NO_VEHICLE_RULE_38,,REAL_CAPACITY_FHWA_MV1_2024_REGISTERED_AUTOMOBILES_AND_STI_V2_INTERSECTIONS,3371581.0,13579.0,1.05363925,CAMBIUM_BA_STATE_PATH_WITH_REGISTERED_STATUTORY_FLOOR,NREL_CAMBIUM_2024_MIDCASE_BA_ROLLUP_TO_STATE_ADDITIVE_REBASED_WITH_CLIPPING_ON_REGISTERED_EGRID_S0G_WITH_THE_FIRST_HAND_REGISTERED_ENFORCEABLE_STANDARD_AS_A_FLOOR,ASYMPTOTIC,ASYMPTOTIC,2075,246953.98304220126,,RIGHT_CENSORED_THROUGH_2075,1.0,REGISTERED_STATUTORY_SCHEDULE_FLOOR_OVER_PUBLISHED_NO_ADDITIONAL_POLICY_MARKET_PROJECTION_ON_AN_AGE_SPECIFIC_SURVIVAL_WEIGHTED_VEHICLE_STOCK,,,,,,,,,2062,,AUTHOR_POST_CAMBIUM_EXTENSION_NOT_CAMBIUM; 2051-2075 shaded per SHADE_2051_2075_AUTHOR_EXTENSION,AUTHOR_POST_AEO_EXTENSION_NOT_AEO; 2051-2075 shaded per SHADE_2051_2075_AUTHOR_EXTENSION,5,NOT_CARBON_NEUTRALITY_AND_NOT_CUMULATIVE_PAYBACK,NO_STATE_VEHICLE_RULE,EPA_MOVES5_TABLE_C1_PASSENGER_CAR_AGE_SPECIFIC_SURVIVAL_MONOTONE_AGE27_INTERPOLATION_AGE40_PLUS_RATE_REUSED,AEO2026_ALTTRNP_STOCK_SHARE_REBASED_COHORT_INVERTED,none by 2075,No state vehicle policy,Partial clean electricity policy,No state vehicle policy + Partial clean electricity policy
RI,Rhode Island,PRIMARY_50_STATE,expert_central_v33_candidate_asymptotic_ALTTRNP,ENACTED_STATE_LAW_AS_WRITTEN_OVER_PUBLISHED_NO_ADDITIONAL_POLICY_PROJECTION__ACCII_FEDERAL_WAIVER_DISAPPROVED_PUBL_119_16__NOT_ENFORCEABLE_2026_09_05,POLICY_SCHEDULE_FLOOR_OVER_MARKET_PROJECTION,FULL_SCHEDULE_10,2027.0,REAL_CAPACITY_FHWA_MV1_2024_REGISTERED_AUTOMOBILES_AND_STI_V2_INTERSECTIONS,308699.0,1023.0,1.05048545,CAMBIUM_BA_STATE_PATH_WITH_REGISTERED_STATUTORY_FLOOR,NREL_CAMBIUM_2024_MIDCASE_BA_ROLLUP_TO_STATE_ADDITIVE_REBASED_WITH_CLIPPING_ON_REGISTERED_EGRID_S0G_WITH_THE_FIRST_HAND_REGISTERED_ENFORCEABLE_STANDARD_AS_A_FLOOR,ASYMPTOTIC,ASYMPTOTIC,2032,817.7917148205253,2035.0,IDENTIFIED,0.00019250638036061115,REGISTERED_STATUTORY_SCHEDULE_FLOOR_OVER_PUBLISHED_NO_ADDITIONAL_POLICY_MARKET_PROJECTION_ON_AN_AGE_SPECIFIC_SURVIVAL_WEIGHTED_VEHICLE_STOCK,2035.0,2035.0,2035.0,2035.0,2035.0,2035.0,2035.0,2057.0,2057,-22.0,AUTHOR_POST_CAMBIUM_EXTENSION_NOT_CAMBIUM; 2051-2075 shaded per SHADE_2051_2075_AUTHOR_EXTENSION,AUTHOR_POST_AEO_EXTENSION_NOT_AEO; 2051-2075 shaded per SHADE_2051_2075_AUTHOR_EXTENSION,5,NOT_CARBON_NEUTRALITY_AND_NOT_CUMULATIVE_PAYBACK,ENACTED_STATE_RULE__FEDERAL_WAIVER_DISAPPROVED_PUBL_119_16__NOT_ENFORCEABLE_2026_09_05,EPA_MOVES5_TABLE_C1_PASSENGER_CAR_AGE_SPECIFIC_SURVIVAL_MONOTONE_AGE27_INTERPOLATION_AGE40_PLUS_RATE_REUSED,ACCII_FULL_SCHEDULE_MY2035_100PCT,2035,Advanced Clean Cars II policy,100% clean electricity policy,Advanced Clean Cars II policy + 100% clean electricity policy
SC,South Carolina,PRIMARY_50_STATE,expert_central_v33_candidate_asymptotic_ALTTRNP,ENACTED_STATE_LAW_AS_WRITTEN_OVER_PUBLISHED_NO_ADDITIONAL_POLICY_PROJECTION__ACCII_FEDERAL_WAIVER_DISAPPROVED_PUBL_119_16__NOT_ENFORCEABLE_2026_09_05,PUBLISHED_MARKET_PROJECTION_REBASED,NO_VEHICLE_RULE_38,,REAL_CAPACITY_FHWA_MV1_2024_REGISTERED_AUTOMOBILES_AND_STI_V2_INTERSECTIONS,1720378.0,4163.0,1.03530495,CAMBIUM_BA_STATE_PATH,NREL_CAMBIUM_2024_MIDCASE_BA_ROLLUP_TO_STATE_ADDITIVE_REBASED_WITH_CLIPPING_ON_REGISTERED_EGRID_S0G,ASYMPTOTIC,ASYMPTOTIC,2075,112246.87990799239,,RIGHT_CENSORED_THROUGH_2075,1.0,REGISTERED_STATUTORY_SCHEDULE_FLOOR_OVER_PUBLISHED_NO_ADDITIONAL_POLICY_MARKET_PROJECTION_ON_AN_AGE_SPECIFIC_SURVIVAL_WEIGHTED_VEHICLE_STOCK,,,,,,,,2053.0,2062,,AUTHOR_POST_CAMBIUM_EXTENSION_NOT_CAMBIUM; 2051-2075 shaded per SHADE_2051_2075_AUTHOR_EXTENSION,AUTHOR_POST_AEO_EXTENSION_NOT_AEO; 2051-2075 shaded per SHADE_2051_2075_AUTHOR_EXTENSION,5,NOT_CARBON_NEUTRALITY_AND_NOT_CUMULATIVE_PAYBACK,NO_STATE_VEHICLE_RULE,EPA_MOVES5_TABLE_C1_PASSENGER_CAR_AGE_SPECIFIC_SURVIVAL_MONOTONE_AGE27_INTERPOLATION_AGE40_PLUS_RATE_REUSED,AEO2026_ALTTRNP_STOCK_SHARE_REBASED_COHORT_INVERTED,none by 2075,No state vehicle policy,No clean electricity policy,No state policy
SD,South Dakota,PRIMARY_50_STATE,expert_central_v33_candidate_asymptotic_ALTTRNP,ENACTED_STATE_LAW_AS_WRITTEN_OVER_PUBLISHED_NO_ADDITIONAL_POLICY_PROJECTION__ACCII_FEDERAL_WAIVER_DISAPPROVED_PUBL_119_16__NOT_ENFORCEABLE_2026_09_05,PUBLISHED_MARKET_PROJECTION_REBASED,NO_VEHICLE_RULE_38,,REAL_CAPACITY_FHWA_MV1_2024_REGISTERED_AUTOMOBILES_AND_STI_V2_INTERSECTIONS,282489.0,672.0,1.0474063,CAMBIUM_BA_STATE_PATH_WITH_REGISTERED_STATUTORY_FLOOR,NREL_CAMBIUM_2024_MIDCASE_BA_ROLLUP_TO_STATE_ADDITIVE_REBASED_WITH_CLIPPING_ON_REGISTERED_EGRID_S0G_WITH_THE_FIRST_HAND_REGISTERED_ENFORCEABLE_STANDARD_AS_A_FLOOR,ASYMPTOTIC,ASYMPTOTIC,2075,19535.883282253475,,RIGHT_CENSORED_THROUGH_2075,1.0,REGISTERED_STATUTORY_SCHEDULE_FLOOR_OVER_PUBLISHED_NO_ADDITIONAL_POLICY_MARKET_PROJECTION_ON_AN_AGE_SPECIFIC_SURVIVAL_WEIGHTED_VEHICLE_STOCK,,,,,,,,,2061,,AUTHOR_POST_CAMBIUM_EXTENSION_NOT_CAMBIUM; 2051-2075 shaded per SHADE_2051_2075_AUTHOR_EXTENSION,AUTHOR_POST_AEO_EXTENSION_NOT_AEO; 2051-2075 shaded per SHADE_2051_2075_AUTHOR_EXTENSION,5,NOT_CARBON_NEUTRALITY_AND_NOT_CUMULATIVE_PAYBACK,NO_STATE_VEHICLE_RULE,EPA_MOVES5_TABLE_C1_PASSENGER_CAR_AGE_SPECIFIC_SURVIVAL_MONOTONE_AGE27_INTERPOLATION_AGE40_PLUS_RATE_REUSED,AEO2026_ALTTRNP_STOCK_SHARE_REBASED_COHORT_INVERTED,none by 2075,No state vehicle policy,Partial clean electricity policy,No state vehicle policy + Partial clean electricity policy
TN,Tennessee,PRIMARY_50_STATE,expert_central_v33_candidate_asymptotic_ALTTRNP,ENACTED_STATE_LAW_AS_WRITTEN_OVER_PUBLISHED_NO_ADDITIONAL_POLICY_PROJECTION__ACCII_FEDERAL_WAIVER_DISAPPROVED_PUBL_119_16__NOT_ENFORCEABLE_2026_09_05,PUBLISHED_MARKET_PROJECTION_REBASED,NO_VEHICLE_RULE_38,,REAL_CAPACITY_FHWA_MV1_2024_REGISTERED_AUTOMOBILES_AND_STI_V2_INTERSECTIONS,2253028.0,5145.0,1.04382515,CAMBIUM_BA_STATE_PATH,NREL_CAMBIUM_2024_MIDCASE_BA_ROLLUP_TO_STATE_ADDITIVE_REBASED_WITH_CLIPPING_ON_REGISTERED_EGRID_S0G,ASYMPTOTIC,ASYMPTOTIC,2075,147758.1982777434,,RIGHT_CENSORED_THROUGH_2075,1.0,REGISTERED_STATUTORY_SCHEDULE_FLOOR_OVER_PUBLISHED_NO_ADDITIONAL_POLICY_MARKET_PROJECTION_ON_AN_AGE_SPECIFIC_SURVIVAL_WEIGHTED_VEHICLE_STOCK,,,,,,,,2057.0,2062,,AUTHOR_POST_CAMBIUM_EXTENSION_NOT_CAMBIUM; 2051-2075 shaded per SHADE_2051_2075_AUTHOR_EXTENSION,AUTHOR_POST_AEO_EXTENSION_NOT_AEO; 2051-2075 shaded per SHADE_2051_2075_AUTHOR_EXTENSION,5,NOT_CARBON_NEUTRALITY_AND_NOT_CUMULATIVE_PAYBACK,NO_STATE_VEHICLE_RULE,EPA_MOVES5_TABLE_C1_PASSENGER_CAR_AGE_SPECIFIC_SURVIVAL_MONOTONE_AGE27_INTERPOLATION_AGE40_PLUS_RATE_REUSED,AEO2026_ALTTRNP_STOCK_SHARE_REBASED_COHORT_INVERTED,none by 2075,No state vehicle policy,No clean electricity policy,No state policy
TX,Texas,PRIMARY_50_STATE,expert_central_v33_candidate_asymptotic_ALTTRNP,ENACTED_STATE_LAW_AS_WRITTEN_OVER_PUBLISHED_NO_ADDITIONAL_POLICY_PROJECTION__ACCII_FEDERAL_WAIVER_DISAPPROVED_PUBL_119_16__NOT_ENFORCEABLE_2026_09_05,PUBLISHED_MARKET_PROJECTION_REBASED,NO_VEHICLE_RULE_38,,REAL_CAPACITY_FHWA_MV1_2024_REGISTERED_AUTOMOBILES_AND_STI_V2_INTERSECTIONS,7281613.0,24007.0,1.0429685499999999,CAMBIUM_BA_STATE_PATH,NREL_CAMBIUM_2024_MIDCASE_BA_ROLLUP_TO_STATE_ADDITIVE_REBASED_WITH_CLIPPING_ON_REGISTERED_EGRID_S0G,ASYMPTOTIC,ASYMPTOTIC,2075,498287.50162793446,,RIGHT_CENSORED_THROUGH_2075,1.0,REGISTERED_STATUTORY_SCHEDULE_FLOOR_OVER_PUBLISHED_NO_ADDITIONAL_POLICY_MARKET_PROJECTION_ON_AN_AGE_SPECIFIC_SURVIVAL_WEIGHTED_VEHICLE_STOCK,,,,,,,,2068.0,2063,,AUTHOR_POST_CAMBIUM_EXTENSION_NOT_CAMBIUM; 2051-2075 shaded per SHADE_2051_2075_AUTHOR_EXTENSION,AUTHOR_POST_AEO_EXTENSION_NOT_AEO; 2051-2075 shaded per SHADE_2051_2075_AUTHOR_EXTENSION,5,NOT_CARBON_NEUTRALITY_AND_NOT_CUMULATIVE_PAYBACK,NO_STATE_VEHICLE_RULE,EPA_MOVES5_TABLE_C1_PASSENGER_CAR_AGE_SPECIFIC_SURVIVAL_MONOTONE_AGE27_INTERPOLATION_AGE40_PLUS_RATE_REUSED,AEO2026_ALTTRNP_STOCK_SHARE_REBASED_COHORT_INVERTED,none by 2075,No state vehicle policy,No clean electricity policy,No state policy
UT,Utah,PRIMARY_50_STATE,expert_central_v33_candidate_asymptotic_ALTTRNP,ENACTED_STATE_LAW_AS_WRITTEN_OVER_PUBLISHED_NO_ADDITIONAL_POLICY_PROJECTION__ACCII_FEDERAL_WAIVER_DISAPPROVED_PUBL_119_16__NOT_ENFORCEABLE_2026_09_05,PUBLISHED_MARKET_PROJECTION_REBASED,NO_VEHICLE_RULE_38,,REAL_CAPACITY_FHWA_MV1_2024_REGISTERED_AUTOMOBILES_AND_STI_V2_INTERSECTIONS,970972.0,2278.0,1.03477785,CAMBIUM_BA_STATE_PATH_WITH_REGISTERED_STATUTORY_FLOOR,NREL_CAMBIUM_2024_MIDCASE_BA_ROLLUP_TO_STATE_ADDITIVE_REBASED_WITH_CLIPPING_ON_REGISTERED_EGRID_S0G_WITH_THE_FIRST_HAND_REGISTERED_ENFORCEABLE_STANDARD_AS_A_FLOOR,ASYMPTOTIC,ASYMPTOTIC,2075,65633.86110455995,,RIGHT_CENSORED_THROUGH_2075,1.0,REGISTERED_STATUTORY_SCHEDULE_FLOOR_OVER_PUBLISHED_NO_ADDITIONAL_POLICY_MARKET_PROJECTION_ON_AN_AGE_SPECIFIC_SURVIVAL_WEIGHTED_VEHICLE_STOCK,,,,,,,,2060.0,2064,,AUTHOR_POST_CAMBIUM_EXTENSION_NOT_CAMBIUM; 2051-2075 shaded per SHADE_2051_2075_AUTHOR_EXTENSION,AUTHOR_POST_AEO_EXTENSION_NOT_AEO; 2051-2075 shaded per SHADE_2051_2075_AUTHOR_EXTENSION,5,NOT_CARBON_NEUTRALITY_AND_NOT_CUMULATIVE_PAYBACK,NO_STATE_VEHICLE_RULE,EPA_MOVES5_TABLE_C1_PASSENGER_CAR_AGE_SPECIFIC_SURVIVAL_MONOTONE_AGE27_INTERPOLATION_AGE40_PLUS_RATE_REUSED,AEO2026_ALTTRNP_STOCK_SHARE_REBASED_COHORT_INVERTED,none by 2075,No state vehicle policy,Partial clean electricity policy,No state vehicle policy + Partial clean electricity policy
VA,Virginia,PRIMARY_50_STATE,expert_central_v33_candidate_asymptotic_ALTTRNP,ENACTED_STATE_LAW_AS_WRITTEN_OVER_PUBLISHED_NO_ADDITIONAL_POLICY_PROJECTION__ACCII_FEDERAL_WAIVER_DISAPPROVED_PUBL_119_16__NOT_ENFORCEABLE_2026_09_05,PUBLISHED_MARKET_PROJECTION_REBASED,NO_VEHICLE_RULE_38,,REAL_CAPACITY_FHWA_MV1_2024_REGISTERED_AUTOMOBILES_AND_STI_V2_INTERSECTIONS,2833864.0,7726.0,1.0497253,CAMBIUM_BA_STATE_PATH_WITH_REGISTERED_STATUTORY_FLOOR,NREL_CAMBIUM_2024_MIDCASE_BA_ROLLUP_TO_STATE_ADDITIVE_REBASED_WITH_CLIPPING_ON_REGISTERED_EGRID_S0G_WITH_THE_FIRST_HAND_REGISTERED_ENFORCEABLE_STANDARD_AS_A_FLOOR,ASYMPTOTIC,ASYMPTOTIC,2075,184599.5161019381,,RIGHT_CENSORED_THROUGH_2075,1.0,REGISTERED_STATUTORY_SCHEDULE_FLOOR_OVER_PUBLISHED_NO_ADDITIONAL_POLICY_MARKET_PROJECTION_ON_AN_AGE_SPECIFIC_SURVIVAL_WEIGHTED_VEHICLE_STOCK,,,,,,,,2057.0,2057,,AUTHOR_POST_CAMBIUM_EXTENSION_NOT_CAMBIUM; 2051-2075 shaded per SHADE_2051_2075_AUTHOR_EXTENSION,AUTHOR_POST_AEO_EXTENSION_NOT_AEO; 2051-2075 shaded per SHADE_2051_2075_AUTHOR_EXTENSION,5,NOT_CARBON_NEUTRALITY_AND_NOT_CUMULATIVE_PAYBACK,NO_STATE_VEHICLE_RULE,EPA_MOVES5_TABLE_C1_PASSENGER_CAR_AGE_SPECIFIC_SURVIVAL_MONOTONE_AGE27_INTERPOLATION_AGE40_PLUS_RATE_REUSED,AEO2026_ALTTRNP_STOCK_SHARE_REBASED_COHORT_INVERTED,none by 2075,No state vehicle policy,100% clean electricity policy,No state vehicle policy + 100% clean electricity policy
VT,Vermont,PRIMARY_50_STATE,expert_central_v33_candidate_asymptotic_ALTTRNP,ENACTED_STATE_LAW_AS_WRITTEN_OVER_PUBLISHED_NO_ADDITIONAL_POLICY_PROJECTION__ACCII_FEDERAL_WAIVER_DISAPPROVED_PUBL_119_16__NOT_ENFORCEABLE_2026_09_05,POLICY_SCHEDULE_FLOOR_OVER_MARKET_PROJECTION,FULL_SCHEDULE_10,2026.0,REAL_CAPACITY_FHWA_MV1_2024_REGISTERED_AUTOMOBILES_AND_STI_V2_INTERSECTIONS,164231.0,309.0,1.0620614000000002,CAMBIUM_BA_STATE_PATH_WITH_REGISTERED_STATUTORY_FLOOR,NREL_CAMBIUM_2024_MIDCASE_BA_ROLLUP_TO_STATE_ADDITIVE_REBASED_WITH_CLIPPING_ON_REGISTERED_EGRID_S0G_WITH_THE_FIRST_HAND_REGISTERED_ENFORCEABLE_STANDARD_AS_A_FLOOR,ASYMPTOTIC,ASYMPTOTIC,2034,396.52255561435743,2034.0,IDENTIFIED,0.00020835340938317145,REGISTERED_STATUTORY_SCHEDULE_FLOOR_OVER_PUBLISHED_NO_ADDITIONAL_POLICY_MARKET_PROJECTION_ON_AN_AGE_SPECIFIC_SURVIVAL_WEIGHTED_VEHICLE_STOCK,2034.0,2034.0,2034.0,2034.0,2034.0,2034.0,2034.0,2057.0,2057,-23.0,AUTHOR_POST_CAMBIUM_EXTENSION_NOT_CAMBIUM; 2051-2075 shaded per SHADE_2051_2075_AUTHOR_EXTENSION,AUTHOR_POST_AEO_EXTENSION_NOT_AEO; 2051-2075 shaded per SHADE_2051_2075_AUTHOR_EXTENSION,5,NOT_CARBON_NEUTRALITY_AND_NOT_CUMULATIVE_PAYBACK,ENACTED_STATE_RULE__FEDERAL_WAIVER_DISAPPROVED_PUBL_119_16__NOT_ENFORCEABLE_2026_09_05,EPA_MOVES5_TABLE_C1_PASSENGER_CAR_AGE_SPECIFIC_SURVIVAL_MONOTONE_AGE27_INTERPOLATION_AGE40_PLUS_RATE_REUSED,ACCII_FULL_SCHEDULE_MY2035_100PCT,2034,Advanced Clean Cars II policy,100% clean electricity policy,Advanced Clean Cars II policy + 100% clean electricity policy
WA,Washington,PRIMARY_50_STATE,expert_central_v33_candidate_asymptotic_ALTTRNP,ENACTED_STATE_LAW_AS_WRITTEN_OVER_PUBLISHED_NO_ADDITIONAL_POLICY_PROJECTION__ACCII_FEDERAL_WAIVER_DISAPPROVED_PUBL_119_16__NOT_ENFORCEABLE_2026_09_05,POLICY_SCHEDULE_FLOOR_OVER_MARKET_PROJECTION,FULL_SCHEDULE_10,2026.0,REAL_CAPACITY_FHWA_MV1_2024_REGISTERED_AUTOMOBILES_AND_STI_V2_INTERSECTIONS,2535919.0,6253.0,1.04828915,CAMBIUM_BA_STATE_PATH_WITH_REGISTERED_STATUTORY_FLOOR,NREL_CAMBIUM_2024_MIDCASE_BA_ROLLUP_TO_STATE_ADDITIVE_REBASED_WITH_CLIPPING_ON_REGISTERED_EGRID_S0G_WITH_THE_FIRST_HAND_REGISTERED_ENFORCEABLE_STANDARD_AS_A_FLOOR,ASYMPTOTIC,ASYMPTOTIC,2041,8617.019072976247,2041.0,IDENTIFIED,0.00014609434138698667,REGISTERED_STATUTORY_SCHEDULE_FLOOR_OVER_PUBLISHED_NO_ADDITIONAL_POLICY_MARKET_PROJECTION_ON_AN_AGE_SPECIFIC_SURVIVAL_WEIGHTED_VEHICLE_STOCK,2041.0,2041.0,2041.0,2041.0,2041.0,2041.0,2041.0,2057.0,2057,-16.0,AUTHOR_POST_CAMBIUM_EXTENSION_NOT_CAMBIUM; 2051-2075 shaded per SHADE_2051_2075_AUTHOR_EXTENSION,AUTHOR_POST_AEO_EXTENSION_NOT_AEO; 2051-2075 shaded per SHADE_2051_2075_AUTHOR_EXTENSION,5,NOT_CARBON_NEUTRALITY_AND_NOT_CUMULATIVE_PAYBACK,ENACTED_STATE_RULE__FEDERAL_WAIVER_DISAPPROVED_PUBL_119_16__NOT_ENFORCEABLE_2026_09_05,EPA_MOVES5_TABLE_C1_PASSENGER_CAR_AGE_SPECIFIC_SURVIVAL_MONOTONE_AGE27_INTERPOLATION_AGE40_PLUS_RATE_REUSED,ACCII_FULL_SCHEDULE_MY2035_100PCT,2041,Advanced Clean Cars II policy,100% clean electricity policy,Advanced Clean Cars II policy + 100% clean electricity policy
WI,Wisconsin,PRIMARY_50_STATE,expert_central_v33_candidate_asymptotic_ALTTRNP,ENACTED_STATE_LAW_AS_WRITTEN_OVER_PUBLISHED_NO_ADDITIONAL_POLICY_PROJECTION__ACCII_FEDERAL_WAIVER_DISAPPROVED_PUBL_119_16__NOT_ENFORCEABLE_2026_09_05,PUBLISHED_MARKET_PROJECTION_REBASED,NO_VEHICLE_RULE_38,,REAL_CAPACITY_FHWA_MV1_2024_REGISTERED_AUTOMOBILES_AND_STI_V2_INTERSECTIONS,1626951.0,4305.0,1.0523929,CAMBIUM_BA_STATE_PATH_WITH_REGISTERED_STATUTORY_FLOOR,NREL_CAMBIUM_2024_MIDCASE_BA_ROLLUP_TO_STATE_ADDITIVE_REBASED_WITH_CLIPPING_ON_REGISTERED_EGRID_S0G_WITH_THE_FIRST_HAND_REGISTERED_ENFORCEABLE_STANDARD_AS_A_FLOOR,ASYMPTOTIC,ASYMPTOTIC,2075,121621.95933347353,,RIGHT_CENSORED_THROUGH_2075,1.0,REGISTERED_STATUTORY_SCHEDULE_FLOOR_OVER_PUBLISHED_NO_ADDITIONAL_POLICY_MARKET_PROJECTION_ON_AN_AGE_SPECIFIC_SURVIVAL_WEIGHTED_VEHICLE_STOCK,,,,,,,,,2063,,AUTHOR_POST_CAMBIUM_EXTENSION_NOT_CAMBIUM; 2051-2075 shaded per SHADE_2051_2075_AUTHOR_EXTENSION,AUTHOR_POST_AEO_EXTENSION_NOT_AEO; 2051-2075 shaded per SHADE_2051_2075_AUTHOR_EXTENSION,5,NOT_CARBON_NEUTRALITY_AND_NOT_CUMULATIVE_PAYBACK,NO_STATE_VEHICLE_RULE,EPA_MOVES5_TABLE_C1_PASSENGER_CAR_AGE_SPECIFIC_SURVIVAL_MONOTONE_AGE27_INTERPOLATION_AGE40_PLUS_RATE_REUSED,AEO2026_ALTTRNP_STOCK_SHARE_REBASED_COHORT_INVERTED,none by 2075,No state vehicle policy,Partial clean electricity policy,No state vehicle policy + Partial clean electricity policy
WV,West Virginia,PRIMARY_50_STATE,expert_central_v33_candidate_asymptotic_ALTTRNP,ENACTED_STATE_LAW_AS_WRITTEN_OVER_PUBLISHED_NO_ADDITIONAL_POLICY_PROJECTION__ACCII_FEDERAL_WAIVER_DISAPPROVED_PUBL_119_16__NOT_ENFORCEABLE_2026_09_05,PUBLISHED_MARKET_PROJECTION_REBASED,NO_VEHICLE_RULE_38,,REAL_CAPACITY_FHWA_MV1_2024_REGISTERED_AUTOMOBILES_AND_STI_V2_INTERSECTIONS,398614.0,1068.0,1.0497592,CAMBIUM_BA_STATE_PATH,NREL_CAMBIUM_2024_MIDCASE_BA_ROLLUP_TO_STATE_ADDITIVE_REBASED_WITH_CLIPPING_ON_REGISTERED_EGRID_S0G,ASYMPTOTIC,ASYMPTOTIC,2075,27162.840842343172,,RIGHT_CENSORED_THROUGH_2075,1.0,REGISTERED_STATUTORY_SCHEDULE_FLOOR_OVER_PUBLISHED_NO_ADDITIONAL_POLICY_MARKET_PROJECTION_ON_AN_AGE_SPECIFIC_SURVIVAL_WEIGHTED_VEHICLE_STOCK,,,,,,,,2060.0,2064,,AUTHOR_POST_CAMBIUM_EXTENSION_NOT_CAMBIUM; 2051-2075 shaded per SHADE_2051_2075_AUTHOR_EXTENSION,AUTHOR_POST_AEO_EXTENSION_NOT_AEO; 2051-2075 shaded per SHADE_2051_2075_AUTHOR_EXTENSION,5,NOT_CARBON_NEUTRALITY_AND_NOT_CUMULATIVE_PAYBACK,NO_STATE_VEHICLE_RULE,EPA_MOVES5_TABLE_C1_PASSENGER_CAR_AGE_SPECIFIC_SURVIVAL_MONOTONE_AGE27_INTERPOLATION_AGE40_PLUS_RATE_REUSED,AEO2026_ALTTRNP_STOCK_SHARE_REBASED_COHORT_INVERTED,none by 2075,No state vehicle policy,No clean electricity policy,No state policy
WY,Wyoming,PRIMARY_50_STATE,expert_central_v33_candidate_asymptotic_ALTTRNP,ENACTED_STATE_LAW_AS_WRITTEN_OVER_PUBLISHED_NO_ADDITIONAL_POLICY_PROJECTION__ACCII_FEDERAL_WAIVER_DISAPPROVED_PUBL_119_16__NOT_ENFORCEABLE_2026_09_05,PUBLISHED_MARKET_PROJECTION_REBASED,NO_VEHICLE_RULE_38,,REAL_CAPACITY_FHWA_MV1_2024_REGISTERED_AUTOMOBILES_AND_STI_V2_INTERSECTIONS,166107.0,431.0,1.04531405,CAMBIUM_BA_STATE_PATH,NREL_CAMBIUM_2024_MIDCASE_BA_ROLLUP_TO_STATE_ADDITIVE_REBASED_WITH_CLIPPING_ON_REGISTERED_EGRID_S0G,ASYMPTOTIC,ASYMPTOTIC,2075,12799.550478389125,,RIGHT_CENSORED_THROUGH_2075,1.0,REGISTERED_STATUTORY_SCHEDULE_FLOOR_OVER_PUBLISHED_NO_ADDITIONAL_POLICY_MARKET_PROJECTION_ON_AN_AGE_SPECIFIC_SURVIVAL_WEIGHTED_VEHICLE_STOCK,,,,,,,,,2064,,AUTHOR_POST_CAMBIUM_EXTENSION_NOT_CAMBIUM; 2051-2075 shaded per SHADE_2051_2075_AUTHOR_EXTENSION,AUTHOR_POST_AEO_EXTENSION_NOT_AEO; 2051-2075 shaded per SHADE_2051_2075_AUTHOR_EXTENSION,5,NOT_CARBON_NEUTRALITY_AND_NOT_CUMULATIVE_PAYBACK,NO_STATE_VEHICLE_RULE,EPA_MOVES5_TABLE_C1_PASSENGER_CAR_AGE_SPECIFIC_SURVIVAL_MONOTONE_AGE27_INTERPOLATION_AGE40_PLUS_RATE_REUSED,AEO2026_ALTTRNP_STOCK_SHARE_REBASED_COHORT_INVERTED,none by 2075,No state vehicle policy,No clean electricity policy,No state policy
