scenario,entry,vehicle_group,sustained_nonincrease_onset_year,peak_year,ratio_2075_over_peak
central,AK,NO_VEHICLE_RULE_38,,2075,1.0
central,AL,NO_VEHICLE_RULE_38,,2075,1.0
central,AR,NO_VEHICLE_RULE_38,,2075,1.0
central,AZ,NO_VEHICLE_RULE_38,,2075,1.0
central,CA,FULL_SCHEDULE_10,2038,2034,0.00016835862317191112
central,CO,CAPPED_82_MY2032_3,2060,2049,0.35595938443968245
central,CT,NO_VEHICLE_RULE_38,,2075,1.0
central,DC,FULL_SCHEDULE_10,2035,2031,0.0002004698156133552
central,DE,CAPPED_82_MY2032_3,,2075,1.0
central,FL,NO_VEHICLE_RULE_38,,2075,1.0
central,GA,NO_VEHICLE_RULE_38,,2075,1.0
central,HI,NO_VEHICLE_RULE_38,,2075,1.0
central,IA,NO_VEHICLE_RULE_38,,2075,1.0
central,ID,NO_VEHICLE_RULE_38,,2075,1.0
central,IL,NO_VEHICLE_RULE_38,,2075,1.0
central,IN,NO_VEHICLE_RULE_38,,2075,1.0
central,KS,NO_VEHICLE_RULE_38,,2075,1.0
central,KY,NO_VEHICLE_RULE_38,,2075,1.0
central,LA,NO_VEHICLE_RULE_38,,2075,1.0
central,MA,FULL_SCHEDULE_10,,2075,1.0
central,MD,FULL_SCHEDULE_10,,2075,1.0
central,ME,NO_VEHICLE_RULE_38,,2075,1.0
central,MI,NO_VEHICLE_RULE_38,,2075,1.0
central,MN,NO_VEHICLE_RULE_38,,2075,1.0
central,MO,NO_VEHICLE_RULE_38,,2075,1.0
central,MS,NO_VEHICLE_RULE_38,,2075,1.0
central,MT,NO_VEHICLE_RULE_38,,2075,1.0
central,NC,NO_VEHICLE_RULE_38,,2075,1.0
central,ND,NO_VEHICLE_RULE_38,,2075,1.0
central,NE,NO_VEHICLE_RULE_38,,2075,1.0
central,NH,NO_VEHICLE_RULE_38,,2075,1.0
central,NJ,FULL_SCHEDULE_10,,2075,1.0
central,NM,CAPPED_82_MY2032_3,2060,2044,0.5240253711061629
central,NV,NO_VEHICLE_RULE_38,,2075,1.0
central,NY,FULL_SCHEDULE_10,2036,2036,0.00016086019091205884
central,OH,NO_VEHICLE_RULE_38,,2075,1.0
central,OK,NO_VEHICLE_RULE_38,,2075,1.0
central,OR,FULL_SCHEDULE_10,2039,2039,0.00013491815491152912
central,PA,NO_VEHICLE_RULE_38,,2075,1.0
central,RI,FULL_SCHEDULE_10,2035,2032,0.00019250638036061115
central,SC,NO_VEHICLE_RULE_38,,2075,1.0
central,SD,NO_VEHICLE_RULE_38,,2075,1.0
central,TN,NO_VEHICLE_RULE_38,,2075,1.0
central,TX,NO_VEHICLE_RULE_38,,2075,1.0
central,UT,NO_VEHICLE_RULE_38,,2075,1.0
central,VA,NO_VEHICLE_RULE_38,,2075,1.0
central,VT,FULL_SCHEDULE_10,2034,2034,0.00020835340938317145
central,WA,FULL_SCHEDULE_10,2041,2041,0.00014609434138698667
central,WI,NO_VEHICLE_RULE_38,,2075,1.0
central,WV,NO_VEHICLE_RULE_38,,2075,1.0
central,WY,NO_VEHICLE_RULE_38,,2075,1.0
vehicle_post_2050_FROZEN,AK,NO_VEHICLE_RULE_38,,2075,1.0
vehicle_post_2050_FROZEN,AL,NO_VEHICLE_RULE_38,,2075,1.0
vehicle_post_2050_FROZEN,AR,NO_VEHICLE_RULE_38,,2075,1.0
vehicle_post_2050_FROZEN,AZ,NO_VEHICLE_RULE_38,,2075,1.0
vehicle_post_2050_FROZEN,CA,FULL_SCHEDULE_10,2038,2034,0.00016835862317191112
vehicle_post_2050_FROZEN,CO,CAPPED_82_MY2032_3,2060,2049,0.35595938443968245
vehicle_post_2050_FROZEN,CT,NO_VEHICLE_RULE_38,,2075,1.0
vehicle_post_2050_FROZEN,DC,FULL_SCHEDULE_10,2035,2031,0.0002004698156133552
vehicle_post_2050_FROZEN,DE,CAPPED_82_MY2032_3,,2075,1.0
vehicle_post_2050_FROZEN,FL,NO_VEHICLE_RULE_38,,2075,1.0
vehicle_post_2050_FROZEN,GA,NO_VEHICLE_RULE_38,,2075,1.0
vehicle_post_2050_FROZEN,HI,NO_VEHICLE_RULE_38,,2075,1.0
vehicle_post_2050_FROZEN,IA,NO_VEHICLE_RULE_38,,2075,1.0
vehicle_post_2050_FROZEN,ID,NO_VEHICLE_RULE_38,,2075,1.0
vehicle_post_2050_FROZEN,IL,NO_VEHICLE_RULE_38,,2075,1.0
vehicle_post_2050_FROZEN,IN,NO_VEHICLE_RULE_38,,2075,1.0
vehicle_post_2050_FROZEN,KS,NO_VEHICLE_RULE_38,,2075,1.0
vehicle_post_2050_FROZEN,KY,NO_VEHICLE_RULE_38,,2075,1.0
vehicle_post_2050_FROZEN,LA,NO_VEHICLE_RULE_38,,2075,1.0
vehicle_post_2050_FROZEN,MA,FULL_SCHEDULE_10,,2075,1.0
vehicle_post_2050_FROZEN,MD,FULL_SCHEDULE_10,,2075,1.0
vehicle_post_2050_FROZEN,ME,NO_VEHICLE_RULE_38,,2075,1.0
vehicle_post_2050_FROZEN,MI,NO_VEHICLE_RULE_38,,2075,1.0
vehicle_post_2050_FROZEN,MN,NO_VEHICLE_RULE_38,,2075,1.0
vehicle_post_2050_FROZEN,MO,NO_VEHICLE_RULE_38,,2075,1.0
vehicle_post_2050_FROZEN,MS,NO_VEHICLE_RULE_38,,2075,1.0
vehicle_post_2050_FROZEN,MT,NO_VEHICLE_RULE_38,,2075,1.0
vehicle_post_2050_FROZEN,NC,NO_VEHICLE_RULE_38,,2075,1.0
vehicle_post_2050_FROZEN,ND,NO_VEHICLE_RULE_38,,2075,1.0
vehicle_post_2050_FROZEN,NE,NO_VEHICLE_RULE_38,,2075,1.0
vehicle_post_2050_FROZEN,NH,NO_VEHICLE_RULE_38,,2075,1.0
vehicle_post_2050_FROZEN,NJ,FULL_SCHEDULE_10,,2075,1.0
vehicle_post_2050_FROZEN,NM,CAPPED_82_MY2032_3,2060,2044,0.5240253711061629
vehicle_post_2050_FROZEN,NV,NO_VEHICLE_RULE_38,,2075,1.0
vehicle_post_2050_FROZEN,NY,FULL_SCHEDULE_10,2036,2036,0.00016086019091205884
vehicle_post_2050_FROZEN,OH,NO_VEHICLE_RULE_38,,2075,1.0
vehicle_post_2050_FROZEN,OK,NO_VEHICLE_RULE_38,,2075,1.0
vehicle_post_2050_FROZEN,OR,FULL_SCHEDULE_10,2039,2039,0.00013491815491152912
vehicle_post_2050_FROZEN,PA,NO_VEHICLE_RULE_38,,2075,1.0
vehicle_post_2050_FROZEN,RI,FULL_SCHEDULE_10,2035,2032,0.00019250638036061115
vehicle_post_2050_FROZEN,SC,NO_VEHICLE_RULE_38,,2075,1.0
vehicle_post_2050_FROZEN,SD,NO_VEHICLE_RULE_38,,2075,1.0
vehicle_post_2050_FROZEN,TN,NO_VEHICLE_RULE_38,,2075,1.0
vehicle_post_2050_FROZEN,TX,NO_VEHICLE_RULE_38,,2075,1.0
vehicle_post_2050_FROZEN,UT,NO_VEHICLE_RULE_38,,2075,1.0
vehicle_post_2050_FROZEN,VA,NO_VEHICLE_RULE_38,,2075,1.0
vehicle_post_2050_FROZEN,VT,FULL_SCHEDULE_10,2034,2034,0.00020835340938317145
vehicle_post_2050_FROZEN,WA,FULL_SCHEDULE_10,2041,2041,0.00014609434138698667
vehicle_post_2050_FROZEN,WI,NO_VEHICLE_RULE_38,,2075,1.0
vehicle_post_2050_FROZEN,WV,NO_VEHICLE_RULE_38,,2075,1.0
vehicle_post_2050_FROZEN,WY,NO_VEHICLE_RULE_38,,2075,1.0
vehicle_post_2050_TREND,AK,NO_VEHICLE_RULE_38,,2075,1.0
vehicle_post_2050_TREND,AL,NO_VEHICLE_RULE_38,,2075,1.0
vehicle_post_2050_TREND,AR,NO_VEHICLE_RULE_38,,2075,1.0
vehicle_post_2050_TREND,AZ,NO_VEHICLE_RULE_38,,2075,1.0
vehicle_post_2050_TREND,CA,FULL_SCHEDULE_10,2038,2034,0.00016835862317191112
vehicle_post_2050_TREND,CO,CAPPED_82_MY2032_3,2060,2049,0.35595938443968245
vehicle_post_2050_TREND,CT,NO_VEHICLE_RULE_38,,2075,1.0
vehicle_post_2050_TREND,DC,FULL_SCHEDULE_10,2035,2031,0.0002004698156133552
vehicle_post_2050_TREND,DE,CAPPED_82_MY2032_3,,2075,1.0
vehicle_post_2050_TREND,FL,NO_VEHICLE_RULE_38,,2075,1.0
vehicle_post_2050_TREND,GA,NO_VEHICLE_RULE_38,,2075,1.0
vehicle_post_2050_TREND,HI,NO_VEHICLE_RULE_38,,2075,1.0
vehicle_post_2050_TREND,IA,NO_VEHICLE_RULE_38,,2075,1.0
vehicle_post_2050_TREND,ID,NO_VEHICLE_RULE_38,,2075,1.0
vehicle_post_2050_TREND,IL,NO_VEHICLE_RULE_38,,2075,1.0
vehicle_post_2050_TREND,IN,NO_VEHICLE_RULE_38,,2075,1.0
vehicle_post_2050_TREND,KS,NO_VEHICLE_RULE_38,,2075,1.0
vehicle_post_2050_TREND,KY,NO_VEHICLE_RULE_38,,2075,1.0
vehicle_post_2050_TREND,LA,NO_VEHICLE_RULE_38,,2075,1.0
vehicle_post_2050_TREND,MA,FULL_SCHEDULE_10,,2075,1.0
vehicle_post_2050_TREND,MD,FULL_SCHEDULE_10,,2075,1.0
vehicle_post_2050_TREND,ME,NO_VEHICLE_RULE_38,,2075,1.0
vehicle_post_2050_TREND,MI,NO_VEHICLE_RULE_38,,2075,1.0
vehicle_post_2050_TREND,MN,NO_VEHICLE_RULE_38,,2075,1.0
vehicle_post_2050_TREND,MO,NO_VEHICLE_RULE_38,,2075,1.0
vehicle_post_2050_TREND,MS,NO_VEHICLE_RULE_38,,2075,1.0
vehicle_post_2050_TREND,MT,NO_VEHICLE_RULE_38,,2075,1.0
vehicle_post_2050_TREND,NC,NO_VEHICLE_RULE_38,,2075,1.0
vehicle_post_2050_TREND,ND,NO_VEHICLE_RULE_38,,2075,1.0
vehicle_post_2050_TREND,NE,NO_VEHICLE_RULE_38,,2075,1.0
vehicle_post_2050_TREND,NH,NO_VEHICLE_RULE_38,,2075,1.0
vehicle_post_2050_TREND,NJ,FULL_SCHEDULE_10,,2075,1.0
vehicle_post_2050_TREND,NM,CAPPED_82_MY2032_3,2060,2044,0.5240253711061629
vehicle_post_2050_TREND,NV,NO_VEHICLE_RULE_38,,2075,1.0
vehicle_post_2050_TREND,NY,FULL_SCHEDULE_10,2036,2036,0.00016086019091205884
vehicle_post_2050_TREND,OH,NO_VEHICLE_RULE_38,,2075,1.0
vehicle_post_2050_TREND,OK,NO_VEHICLE_RULE_38,,2075,1.0
vehicle_post_2050_TREND,OR,FULL_SCHEDULE_10,2039,2039,0.00013491815491152912
vehicle_post_2050_TREND,PA,NO_VEHICLE_RULE_38,,2075,1.0
vehicle_post_2050_TREND,RI,FULL_SCHEDULE_10,2035,2032,0.00019250638036061115
vehicle_post_2050_TREND,SC,NO_VEHICLE_RULE_38,,2075,1.0
vehicle_post_2050_TREND,SD,NO_VEHICLE_RULE_38,,2075,1.0
vehicle_post_2050_TREND,TN,NO_VEHICLE_RULE_38,,2075,1.0
vehicle_post_2050_TREND,TX,NO_VEHICLE_RULE_38,,2075,1.0
vehicle_post_2050_TREND,UT,NO_VEHICLE_RULE_38,,2075,1.0
vehicle_post_2050_TREND,VA,NO_VEHICLE_RULE_38,,2075,1.0
vehicle_post_2050_TREND,VT,FULL_SCHEDULE_10,2034,2034,0.00020835340938317145
vehicle_post_2050_TREND,WA,FULL_SCHEDULE_10,2041,2041,0.00014609434138698667
vehicle_post_2050_TREND,WI,NO_VEHICLE_RULE_38,,2075,1.0
vehicle_post_2050_TREND,WV,NO_VEHICLE_RULE_38,,2075,1.0
vehicle_post_2050_TREND,WY,NO_VEHICLE_RULE_38,,2075,1.0
post_regulatory_FROZEN_82,AK,NO_VEHICLE_RULE_38,,2075,1.0
post_regulatory_FROZEN_82,AL,NO_VEHICLE_RULE_38,,2075,1.0
post_regulatory_FROZEN_82,AR,NO_VEHICLE_RULE_38,,2075,1.0
post_regulatory_FROZEN_82,AZ,NO_VEHICLE_RULE_38,,2075,1.0
post_regulatory_FROZEN_82,CA,FULL_SCHEDULE_10,2038,2034,0.00016835862317191112
post_regulatory_FROZEN_82,CO,CAPPED_82_MY2032_3,,2075,1.0
post_regulatory_FROZEN_82,CT,NO_VEHICLE_RULE_38,,2075,1.0
post_regulatory_FROZEN_82,DC,FULL_SCHEDULE_10,2035,2031,0.0002004698156133552
post_regulatory_FROZEN_82,DE,CAPPED_82_MY2032_3,,2075,1.0
post_regulatory_FROZEN_82,FL,NO_VEHICLE_RULE_38,,2075,1.0
post_regulatory_FROZEN_82,GA,NO_VEHICLE_RULE_38,,2075,1.0
post_regulatory_FROZEN_82,HI,NO_VEHICLE_RULE_38,,2075,1.0
post_regulatory_FROZEN_82,IA,NO_VEHICLE_RULE_38,,2075,1.0
post_regulatory_FROZEN_82,ID,NO_VEHICLE_RULE_38,,2075,1.0
post_regulatory_FROZEN_82,IL,NO_VEHICLE_RULE_38,,2075,1.0
post_regulatory_FROZEN_82,IN,NO_VEHICLE_RULE_38,,2075,1.0
post_regulatory_FROZEN_82,KS,NO_VEHICLE_RULE_38,,2075,1.0
post_regulatory_FROZEN_82,KY,NO_VEHICLE_RULE_38,,2075,1.0
post_regulatory_FROZEN_82,LA,NO_VEHICLE_RULE_38,,2075,1.0
post_regulatory_FROZEN_82,MA,FULL_SCHEDULE_10,,2075,1.0
post_regulatory_FROZEN_82,MD,FULL_SCHEDULE_10,,2075,1.0
post_regulatory_FROZEN_82,ME,NO_VEHICLE_RULE_38,,2075,1.0
post_regulatory_FROZEN_82,MI,NO_VEHICLE_RULE_38,,2075,1.0
post_regulatory_FROZEN_82,MN,NO_VEHICLE_RULE_38,,2075,1.0
post_regulatory_FROZEN_82,MO,NO_VEHICLE_RULE_38,,2075,1.0
post_regulatory_FROZEN_82,MS,NO_VEHICLE_RULE_38,,2075,1.0
post_regulatory_FROZEN_82,MT,NO_VEHICLE_RULE_38,,2075,1.0
post_regulatory_FROZEN_82,NC,NO_VEHICLE_RULE_38,,2075,1.0
post_regulatory_FROZEN_82,ND,NO_VEHICLE_RULE_38,,2075,1.0
post_regulatory_FROZEN_82,NE,NO_VEHICLE_RULE_38,,2075,1.0
post_regulatory_FROZEN_82,NH,NO_VEHICLE_RULE_38,,2075,1.0
post_regulatory_FROZEN_82,NJ,FULL_SCHEDULE_10,,2075,1.0
post_regulatory_FROZEN_82,NM,CAPPED_82_MY2032_3,,2075,1.0
post_regulatory_FROZEN_82,NV,NO_VEHICLE_RULE_38,,2075,1.0
post_regulatory_FROZEN_82,NY,FULL_SCHEDULE_10,2036,2036,0.00016086019091205884
post_regulatory_FROZEN_82,OH,NO_VEHICLE_RULE_38,,2075,1.0
post_regulatory_FROZEN_82,OK,NO_VEHICLE_RULE_38,,2075,1.0
post_regulatory_FROZEN_82,OR,FULL_SCHEDULE_10,2039,2039,0.00013491815491152912
post_regulatory_FROZEN_82,PA,NO_VEHICLE_RULE_38,,2075,1.0
post_regulatory_FROZEN_82,RI,FULL_SCHEDULE_10,2035,2032,0.00019250638036061115
post_regulatory_FROZEN_82,SC,NO_VEHICLE_RULE_38,,2075,1.0
post_regulatory_FROZEN_82,SD,NO_VEHICLE_RULE_38,,2075,1.0
post_regulatory_FROZEN_82,TN,NO_VEHICLE_RULE_38,,2075,1.0
post_regulatory_FROZEN_82,TX,NO_VEHICLE_RULE_38,,2075,1.0
post_regulatory_FROZEN_82,UT,NO_VEHICLE_RULE_38,,2075,1.0
post_regulatory_FROZEN_82,VA,NO_VEHICLE_RULE_38,,2075,1.0
post_regulatory_FROZEN_82,VT,FULL_SCHEDULE_10,2034,2034,0.00020835340938317145
post_regulatory_FROZEN_82,WA,FULL_SCHEDULE_10,2041,2041,0.00014609434138698667
post_regulatory_FROZEN_82,WI,NO_VEHICLE_RULE_38,,2075,1.0
post_regulatory_FROZEN_82,WV,NO_VEHICLE_RULE_38,,2075,1.0
post_regulatory_FROZEN_82,WY,NO_VEHICLE_RULE_38,,2075,1.0
market_case_ELECTRNP,AK,NO_VEHICLE_RULE_38,,2075,1.0
market_case_ELECTRNP,AL,NO_VEHICLE_RULE_38,,2075,1.0
market_case_ELECTRNP,AR,NO_VEHICLE_RULE_38,,2075,1.0
market_case_ELECTRNP,AZ,NO_VEHICLE_RULE_38,,2075,1.0
market_case_ELECTRNP,CA,FULL_SCHEDULE_10,2038,2034,0.00016835862317191112
market_case_ELECTRNP,CO,CAPPED_82_MY2032_3,2060,2049,0.3559593776156623
market_case_ELECTRNP,CT,NO_VEHICLE_RULE_38,,2075,1.0
market_case_ELECTRNP,DC,FULL_SCHEDULE_10,2035,2031,0.00020046975015642788
market_case_ELECTRNP,DE,CAPPED_82_MY2032_3,,2075,1.0
market_case_ELECTRNP,FL,NO_VEHICLE_RULE_38,,2075,1.0
market_case_ELECTRNP,GA,NO_VEHICLE_RULE_38,,2075,1.0
market_case_ELECTRNP,HI,NO_VEHICLE_RULE_38,,2075,1.0
market_case_ELECTRNP,IA,NO_VEHICLE_RULE_38,,2075,1.0
market_case_ELECTRNP,ID,NO_VEHICLE_RULE_38,,2075,1.0
market_case_ELECTRNP,IL,NO_VEHICLE_RULE_38,,2075,1.0
market_case_ELECTRNP,IN,NO_VEHICLE_RULE_38,,2075,1.0
market_case_ELECTRNP,KS,NO_VEHICLE_RULE_38,,2075,1.0
market_case_ELECTRNP,KY,NO_VEHICLE_RULE_38,,2075,1.0
market_case_ELECTRNP,LA,NO_VEHICLE_RULE_38,,2075,1.0
market_case_ELECTRNP,MA,FULL_SCHEDULE_10,,2075,1.0
market_case_ELECTRNP,MD,FULL_SCHEDULE_10,,2075,1.0
market_case_ELECTRNP,ME,NO_VEHICLE_RULE_38,,2075,1.0
market_case_ELECTRNP,MI,NO_VEHICLE_RULE_38,,2075,1.0
market_case_ELECTRNP,MN,NO_VEHICLE_RULE_38,,2075,1.0
market_case_ELECTRNP,MO,NO_VEHICLE_RULE_38,,2075,1.0
market_case_ELECTRNP,MS,NO_VEHICLE_RULE_38,,2075,1.0
market_case_ELECTRNP,MT,NO_VEHICLE_RULE_38,,2075,1.0
market_case_ELECTRNP,NC,NO_VEHICLE_RULE_38,,2075,1.0
market_case_ELECTRNP,ND,NO_VEHICLE_RULE_38,,2075,1.0
market_case_ELECTRNP,NE,NO_VEHICLE_RULE_38,,2075,1.0
market_case_ELECTRNP,NH,NO_VEHICLE_RULE_38,,2075,1.0
market_case_ELECTRNP,NJ,FULL_SCHEDULE_10,,2075,1.0
market_case_ELECTRNP,NM,CAPPED_82_MY2032_3,2060,2044,0.5240253189671618
market_case_ELECTRNP,NV,NO_VEHICLE_RULE_38,,2075,1.0
market_case_ELECTRNP,NY,FULL_SCHEDULE_10,2036,2036,0.00016086019091205884
market_case_ELECTRNP,OH,NO_VEHICLE_RULE_38,,2075,1.0
market_case_ELECTRNP,OK,NO_VEHICLE_RULE_38,,2075,1.0
market_case_ELECTRNP,OR,FULL_SCHEDULE_10,2039,2039,0.00013491815491152912
market_case_ELECTRNP,PA,NO_VEHICLE_RULE_38,,2075,1.0
market_case_ELECTRNP,RI,FULL_SCHEDULE_10,2035,2032,0.0001925063160597805
market_case_ELECTRNP,SC,NO_VEHICLE_RULE_38,,2075,1.0
market_case_ELECTRNP,SD,NO_VEHICLE_RULE_38,,2075,1.0
market_case_ELECTRNP,TN,NO_VEHICLE_RULE_38,,2075,1.0
market_case_ELECTRNP,TX,NO_VEHICLE_RULE_38,,2075,1.0
market_case_ELECTRNP,UT,NO_VEHICLE_RULE_38,,2075,1.0
market_case_ELECTRNP,VA,NO_VEHICLE_RULE_38,,2075,1.0
market_case_ELECTRNP,VT,FULL_SCHEDULE_10,2034,2034,0.00020835340938317145
market_case_ELECTRNP,WA,FULL_SCHEDULE_10,2041,2041,0.00014609434138698667
market_case_ELECTRNP,WI,NO_VEHICLE_RULE_38,,2075,1.0
market_case_ELECTRNP,WV,NO_VEHICLE_RULE_38,,2075,1.0
market_case_ELECTRNP,WY,NO_VEHICLE_RULE_38,,2075,1.0
market_case_CB2026_alternative,AK,NO_VEHICLE_RULE_38,,2074,0.9981969643944655
market_case_CB2026_alternative,AL,NO_VEHICLE_RULE_38,,2071,0.9864444735432768
market_case_CB2026_alternative,AR,NO_VEHICLE_RULE_38,2070,2070,0.978244696125426
market_case_CB2026_alternative,AZ,NO_VEHICLE_RULE_38,,2074,0.9956403608454041
market_case_CB2026_alternative,CA,FULL_SCHEDULE_10,2038,2034,0.00016835862317191112
market_case_CB2026_alternative,CO,CAPPED_82_MY2032_3,2060,2049,0.3559599187504178
market_case_CB2026_alternative,CT,NO_VEHICLE_RULE_38,2070,2070,0.9748901466556515
market_case_CB2026_alternative,DC,FULL_SCHEDULE_10,2035,2031,0.00020047494105441055
market_case_CB2026_alternative,DE,CAPPED_82_MY2032_3,,2075,1.0
market_case_CB2026_alternative,FL,NO_VEHICLE_RULE_38,,2074,0.9983376317730668
market_case_CB2026_alternative,GA,NO_VEHICLE_RULE_38,,2074,0.9968173142698908
market_case_CB2026_alternative,HI,NO_VEHICLE_RULE_38,2070,2070,0.9823280366299666
market_case_CB2026_alternative,IA,NO_VEHICLE_RULE_38,,2071,0.9890645891320335
market_case_CB2026_alternative,ID,NO_VEHICLE_RULE_38,,2074,0.9964723856221167
market_case_CB2026_alternative,IL,NO_VEHICLE_RULE_38,2070,2070,0.9750764894578275
market_case_CB2026_alternative,IN,NO_VEHICLE_RULE_38,,2074,0.9978588260048356
market_case_CB2026_alternative,KS,NO_VEHICLE_RULE_38,,2071,0.9934642266888702
market_case_CB2026_alternative,KY,NO_VEHICLE_RULE_38,2070,2070,0.9833025517089875
market_case_CB2026_alternative,LA,NO_VEHICLE_RULE_38,,2075,1.0
market_case_CB2026_alternative,MA,FULL_SCHEDULE_10,,2075,1.0
market_case_CB2026_alternative,MD,FULL_SCHEDULE_10,,2075,1.0
market_case_CB2026_alternative,ME,NO_VEHICLE_RULE_38,2070,2070,0.977544515133449
market_case_CB2026_alternative,MI,NO_VEHICLE_RULE_38,2070,2070,0.9762126287033249
market_case_CB2026_alternative,MN,NO_VEHICLE_RULE_38,2070,2070,0.976797099483116
market_case_CB2026_alternative,MO,NO_VEHICLE_RULE_38,2070,2070,0.9787085444762512
market_case_CB2026_alternative,MS,NO_VEHICLE_RULE_38,2070,2070,0.9771936356499877
market_case_CB2026_alternative,MT,NO_VEHICLE_RULE_38,,2075,1.0
market_case_CB2026_alternative,NC,NO_VEHICLE_RULE_38,2070,2070,0.9761980756125581
market_case_CB2026_alternative,ND,NO_VEHICLE_RULE_38,,2075,1.0
market_case_CB2026_alternative,NE,NO_VEHICLE_RULE_38,,2075,1.0
market_case_CB2026_alternative,NH,NO_VEHICLE_RULE_38,,2074,0.9965239419178289
market_case_CB2026_alternative,NJ,FULL_SCHEDULE_10,,2075,1.0
market_case_CB2026_alternative,NM,CAPPED_82_MY2032_3,2060,2044,0.5240294535392922
market_case_CB2026_alternative,NV,NO_VEHICLE_RULE_38,2069,2069,0.967671116325575
market_case_CB2026_alternative,NY,FULL_SCHEDULE_10,2036,2036,0.00016086019091205884
market_case_CB2026_alternative,OH,NO_VEHICLE_RULE_38,,2075,1.0
market_case_CB2026_alternative,OK,NO_VEHICLE_RULE_38,,2074,0.9947216208075338
market_case_CB2026_alternative,OR,FULL_SCHEDULE_10,2039,2039,0.00013491815491152912
market_case_CB2026_alternative,PA,NO_VEHICLE_RULE_38,,2075,1.0
market_case_CB2026_alternative,RI,FULL_SCHEDULE_10,2035,2032,0.00019251141527903048
market_case_CB2026_alternative,SC,NO_VEHICLE_RULE_38,2070,2070,0.9770337916043468
market_case_CB2026_alternative,SD,NO_VEHICLE_RULE_38,,2074,0.9972500001004779
market_case_CB2026_alternative,TN,NO_VEHICLE_RULE_38,2070,2070,0.9778869731332616
market_case_CB2026_alternative,TX,NO_VEHICLE_RULE_38,,2074,0.9948642644724606
market_case_CB2026_alternative,UT,NO_VEHICLE_RULE_38,2070,2070,0.9774989373113521
market_case_CB2026_alternative,VA,NO_VEHICLE_RULE_38,2070,2070,0.9746788362419292
market_case_CB2026_alternative,VT,FULL_SCHEDULE_10,2034,2034,0.00020835340938317145
market_case_CB2026_alternative,WA,FULL_SCHEDULE_10,2041,2041,0.00014609434138698667
market_case_CB2026_alternative,WI,NO_VEHICLE_RULE_38,,2075,1.0
market_case_CB2026_alternative,WV,NO_VEHICLE_RULE_38,2070,2070,0.9825628255860956
market_case_CB2026_alternative,WY,NO_VEHICLE_RULE_38,,2075,1.0
compliance_level_PHEV_20PCT_CAP,AK,NO_VEHICLE_RULE_38,,2075,1.0
compliance_level_PHEV_20PCT_CAP,AL,NO_VEHICLE_RULE_38,,2075,1.0
compliance_level_PHEV_20PCT_CAP,AR,NO_VEHICLE_RULE_38,,2075,1.0
compliance_level_PHEV_20PCT_CAP,AZ,NO_VEHICLE_RULE_38,,2075,1.0
compliance_level_PHEV_20PCT_CAP,CA,FULL_SCHEDULE_10,,2075,1.0
compliance_level_PHEV_20PCT_CAP,CO,CAPPED_82_MY2032_3,,2075,1.0
compliance_level_PHEV_20PCT_CAP,CT,NO_VEHICLE_RULE_38,,2075,1.0
compliance_level_PHEV_20PCT_CAP,DC,FULL_SCHEDULE_10,,2075,1.0
compliance_level_PHEV_20PCT_CAP,DE,CAPPED_82_MY2032_3,,2075,1.0
compliance_level_PHEV_20PCT_CAP,FL,NO_VEHICLE_RULE_38,,2075,1.0
compliance_level_PHEV_20PCT_CAP,GA,NO_VEHICLE_RULE_38,,2075,1.0
compliance_level_PHEV_20PCT_CAP,HI,NO_VEHICLE_RULE_38,,2075,1.0
compliance_level_PHEV_20PCT_CAP,IA,NO_VEHICLE_RULE_38,,2075,1.0
compliance_level_PHEV_20PCT_CAP,ID,NO_VEHICLE_RULE_38,,2075,1.0
compliance_level_PHEV_20PCT_CAP,IL,NO_VEHICLE_RULE_38,,2075,1.0
compliance_level_PHEV_20PCT_CAP,IN,NO_VEHICLE_RULE_38,,2075,1.0
compliance_level_PHEV_20PCT_CAP,KS,NO_VEHICLE_RULE_38,,2075,1.0
compliance_level_PHEV_20PCT_CAP,KY,NO_VEHICLE_RULE_38,,2075,1.0
compliance_level_PHEV_20PCT_CAP,LA,NO_VEHICLE_RULE_38,,2075,1.0
compliance_level_PHEV_20PCT_CAP,MA,FULL_SCHEDULE_10,,2075,1.0
compliance_level_PHEV_20PCT_CAP,MD,FULL_SCHEDULE_10,,2075,1.0
compliance_level_PHEV_20PCT_CAP,ME,NO_VEHICLE_RULE_38,,2075,1.0
compliance_level_PHEV_20PCT_CAP,MI,NO_VEHICLE_RULE_38,,2075,1.0
compliance_level_PHEV_20PCT_CAP,MN,NO_VEHICLE_RULE_38,,2075,1.0
compliance_level_PHEV_20PCT_CAP,MO,NO_VEHICLE_RULE_38,,2075,1.0
compliance_level_PHEV_20PCT_CAP,MS,NO_VEHICLE_RULE_38,,2075,1.0
compliance_level_PHEV_20PCT_CAP,MT,NO_VEHICLE_RULE_38,,2075,1.0
compliance_level_PHEV_20PCT_CAP,NC,NO_VEHICLE_RULE_38,,2075,1.0
compliance_level_PHEV_20PCT_CAP,ND,NO_VEHICLE_RULE_38,,2075,1.0
compliance_level_PHEV_20PCT_CAP,NE,NO_VEHICLE_RULE_38,,2075,1.0
compliance_level_PHEV_20PCT_CAP,NH,NO_VEHICLE_RULE_38,,2075,1.0
compliance_level_PHEV_20PCT_CAP,NJ,FULL_SCHEDULE_10,,2075,1.0
compliance_level_PHEV_20PCT_CAP,NM,CAPPED_82_MY2032_3,,2075,1.0
compliance_level_PHEV_20PCT_CAP,NV,NO_VEHICLE_RULE_38,,2075,1.0
compliance_level_PHEV_20PCT_CAP,NY,FULL_SCHEDULE_10,,2075,1.0
compliance_level_PHEV_20PCT_CAP,OH,NO_VEHICLE_RULE_38,,2075,1.0
compliance_level_PHEV_20PCT_CAP,OK,NO_VEHICLE_RULE_38,,2075,1.0
compliance_level_PHEV_20PCT_CAP,OR,FULL_SCHEDULE_10,,2075,1.0
compliance_level_PHEV_20PCT_CAP,PA,NO_VEHICLE_RULE_38,,2075,1.0
compliance_level_PHEV_20PCT_CAP,RI,FULL_SCHEDULE_10,,2075,1.0
compliance_level_PHEV_20PCT_CAP,SC,NO_VEHICLE_RULE_38,,2075,1.0
compliance_level_PHEV_20PCT_CAP,SD,NO_VEHICLE_RULE_38,,2075,1.0
compliance_level_PHEV_20PCT_CAP,TN,NO_VEHICLE_RULE_38,,2075,1.0
compliance_level_PHEV_20PCT_CAP,TX,NO_VEHICLE_RULE_38,,2075,1.0
compliance_level_PHEV_20PCT_CAP,UT,NO_VEHICLE_RULE_38,,2075,1.0
compliance_level_PHEV_20PCT_CAP,VA,NO_VEHICLE_RULE_38,,2075,1.0
compliance_level_PHEV_20PCT_CAP,VT,FULL_SCHEDULE_10,,2075,1.0
compliance_level_PHEV_20PCT_CAP,WA,FULL_SCHEDULE_10,,2075,1.0
compliance_level_PHEV_20PCT_CAP,WI,NO_VEHICLE_RULE_38,,2075,1.0
compliance_level_PHEV_20PCT_CAP,WV,NO_VEHICLE_RULE_38,,2075,1.0
compliance_level_PHEV_20PCT_CAP,WY,NO_VEHICLE_RULE_38,,2075,1.0
regulation_not_enforced,AK,NO_VEHICLE_RULE_38,,2075,1.0
regulation_not_enforced,AL,NO_VEHICLE_RULE_38,,2075,1.0
regulation_not_enforced,AR,NO_VEHICLE_RULE_38,,2075,1.0
regulation_not_enforced,AZ,NO_VEHICLE_RULE_38,,2075,1.0
regulation_not_enforced,CA,FULL_SCHEDULE_10,,2075,1.0
regulation_not_enforced,CO,CAPPED_82_MY2032_3,,2075,1.0
regulation_not_enforced,CT,NO_VEHICLE_RULE_38,,2075,1.0
regulation_not_enforced,DC,FULL_SCHEDULE_10,,2075,1.0
regulation_not_enforced,DE,CAPPED_82_MY2032_3,,2075,1.0
regulation_not_enforced,FL,NO_VEHICLE_RULE_38,,2075,1.0
regulation_not_enforced,GA,NO_VEHICLE_RULE_38,,2075,1.0
regulation_not_enforced,HI,NO_VEHICLE_RULE_38,,2075,1.0
regulation_not_enforced,IA,NO_VEHICLE_RULE_38,,2075,1.0
regulation_not_enforced,ID,NO_VEHICLE_RULE_38,,2075,1.0
regulation_not_enforced,IL,NO_VEHICLE_RULE_38,,2075,1.0
regulation_not_enforced,IN,NO_VEHICLE_RULE_38,,2075,1.0
regulation_not_enforced,KS,NO_VEHICLE_RULE_38,,2075,1.0
regulation_not_enforced,KY,NO_VEHICLE_RULE_38,,2075,1.0
regulation_not_enforced,LA,NO_VEHICLE_RULE_38,,2075,1.0
regulation_not_enforced,MA,FULL_SCHEDULE_10,,2075,1.0
regulation_not_enforced,MD,FULL_SCHEDULE_10,,2075,1.0
regulation_not_enforced,ME,NO_VEHICLE_RULE_38,,2075,1.0
regulation_not_enforced,MI,NO_VEHICLE_RULE_38,,2075,1.0
regulation_not_enforced,MN,NO_VEHICLE_RULE_38,,2075,1.0
regulation_not_enforced,MO,NO_VEHICLE_RULE_38,,2075,1.0
regulation_not_enforced,MS,NO_VEHICLE_RULE_38,,2075,1.0
regulation_not_enforced,MT,NO_VEHICLE_RULE_38,,2075,1.0
regulation_not_enforced,NC,NO_VEHICLE_RULE_38,,2075,1.0
regulation_not_enforced,ND,NO_VEHICLE_RULE_38,,2075,1.0
regulation_not_enforced,NE,NO_VEHICLE_RULE_38,,2075,1.0
regulation_not_enforced,NH,NO_VEHICLE_RULE_38,,2075,1.0
regulation_not_enforced,NJ,FULL_SCHEDULE_10,,2075,1.0
regulation_not_enforced,NM,CAPPED_82_MY2032_3,,2075,1.0
regulation_not_enforced,NV,NO_VEHICLE_RULE_38,,2075,1.0
regulation_not_enforced,NY,FULL_SCHEDULE_10,,2075,1.0
regulation_not_enforced,OH,NO_VEHICLE_RULE_38,,2075,1.0
regulation_not_enforced,OK,NO_VEHICLE_RULE_38,,2075,1.0
regulation_not_enforced,OR,FULL_SCHEDULE_10,,2075,1.0
regulation_not_enforced,PA,NO_VEHICLE_RULE_38,,2075,1.0
regulation_not_enforced,RI,FULL_SCHEDULE_10,,2075,1.0
regulation_not_enforced,SC,NO_VEHICLE_RULE_38,,2075,1.0
regulation_not_enforced,SD,NO_VEHICLE_RULE_38,,2075,1.0
regulation_not_enforced,TN,NO_VEHICLE_RULE_38,,2075,1.0
regulation_not_enforced,TX,NO_VEHICLE_RULE_38,,2075,1.0
regulation_not_enforced,UT,NO_VEHICLE_RULE_38,,2075,1.0
regulation_not_enforced,VA,NO_VEHICLE_RULE_38,,2075,1.0
regulation_not_enforced,VT,FULL_SCHEDULE_10,,2075,1.0
regulation_not_enforced,WA,FULL_SCHEDULE_10,,2075,1.0
regulation_not_enforced,WI,NO_VEHICLE_RULE_38,,2075,1.0
regulation_not_enforced,WV,NO_VEHICLE_RULE_38,,2075,1.0
regulation_not_enforced,WY,NO_VEHICLE_RULE_38,,2075,1.0
rebasing_MULTIPLICATIVE,AK,NO_VEHICLE_RULE_38,,2075,1.0
rebasing_MULTIPLICATIVE,AL,NO_VEHICLE_RULE_38,,2075,1.0
rebasing_MULTIPLICATIVE,AR,NO_VEHICLE_RULE_38,,2075,1.0
rebasing_MULTIPLICATIVE,AZ,NO_VEHICLE_RULE_38,,2075,1.0
rebasing_MULTIPLICATIVE,CA,FULL_SCHEDULE_10,2038,2034,0.00016835862317191112
rebasing_MULTIPLICATIVE,CO,CAPPED_82_MY2032_3,2060,2049,0.3559592923929802
rebasing_MULTIPLICATIVE,CT,NO_VEHICLE_RULE_38,,2075,1.0
rebasing_MULTIPLICATIVE,DC,FULL_SCHEDULE_10,2035,2031,0.00020046755221976668
rebasing_MULTIPLICATIVE,DE,CAPPED_82_MY2032_3,,2075,1.0
rebasing_MULTIPLICATIVE,FL,NO_VEHICLE_RULE_38,,2075,1.0
rebasing_MULTIPLICATIVE,GA,NO_VEHICLE_RULE_38,,2075,1.0
rebasing_MULTIPLICATIVE,HI,NO_VEHICLE_RULE_38,,2075,1.0
rebasing_MULTIPLICATIVE,IA,NO_VEHICLE_RULE_38,,2075,1.0
rebasing_MULTIPLICATIVE,ID,NO_VEHICLE_RULE_38,,2075,1.0
rebasing_MULTIPLICATIVE,IL,NO_VEHICLE_RULE_38,,2075,1.0
rebasing_MULTIPLICATIVE,IN,NO_VEHICLE_RULE_38,,2075,1.0
rebasing_MULTIPLICATIVE,KS,NO_VEHICLE_RULE_38,,2075,1.0
rebasing_MULTIPLICATIVE,KY,NO_VEHICLE_RULE_38,,2075,1.0
rebasing_MULTIPLICATIVE,LA,NO_VEHICLE_RULE_38,,2075,1.0
rebasing_MULTIPLICATIVE,MA,FULL_SCHEDULE_10,,2075,1.0
rebasing_MULTIPLICATIVE,MD,FULL_SCHEDULE_10,,2075,1.0
rebasing_MULTIPLICATIVE,ME,NO_VEHICLE_RULE_38,,2075,1.0
rebasing_MULTIPLICATIVE,MI,NO_VEHICLE_RULE_38,,2075,1.0
rebasing_MULTIPLICATIVE,MN,NO_VEHICLE_RULE_38,,2075,1.0
rebasing_MULTIPLICATIVE,MO,NO_VEHICLE_RULE_38,,2075,1.0
rebasing_MULTIPLICATIVE,MS,NO_VEHICLE_RULE_38,,2075,1.0
rebasing_MULTIPLICATIVE,MT,NO_VEHICLE_RULE_38,,2075,1.0
rebasing_MULTIPLICATIVE,NC,NO_VEHICLE_RULE_38,,2075,1.0
rebasing_MULTIPLICATIVE,ND,NO_VEHICLE_RULE_38,,2075,1.0
rebasing_MULTIPLICATIVE,NE,NO_VEHICLE_RULE_38,,2075,1.0
rebasing_MULTIPLICATIVE,NH,NO_VEHICLE_RULE_38,,2075,1.0
rebasing_MULTIPLICATIVE,NJ,FULL_SCHEDULE_10,,2075,1.0
rebasing_MULTIPLICATIVE,NM,CAPPED_82_MY2032_3,2060,2044,0.5240264054725903
rebasing_MULTIPLICATIVE,NV,NO_VEHICLE_RULE_38,,2075,1.0
rebasing_MULTIPLICATIVE,NY,FULL_SCHEDULE_10,2036,2036,0.00016086019091205884
rebasing_MULTIPLICATIVE,OH,NO_VEHICLE_RULE_38,,2075,1.0
rebasing_MULTIPLICATIVE,OK,NO_VEHICLE_RULE_38,,2075,1.0
rebasing_MULTIPLICATIVE,OR,FULL_SCHEDULE_10,2039,2039,0.00013491815491152912
rebasing_MULTIPLICATIVE,PA,NO_VEHICLE_RULE_38,,2075,1.0
rebasing_MULTIPLICATIVE,RI,FULL_SCHEDULE_10,2035,2032,0.0001925072657707372
rebasing_MULTIPLICATIVE,SC,NO_VEHICLE_RULE_38,,2075,1.0
rebasing_MULTIPLICATIVE,SD,NO_VEHICLE_RULE_38,,2075,1.0
rebasing_MULTIPLICATIVE,TN,NO_VEHICLE_RULE_38,,2075,1.0
rebasing_MULTIPLICATIVE,TX,NO_VEHICLE_RULE_38,,2075,1.0
rebasing_MULTIPLICATIVE,UT,NO_VEHICLE_RULE_38,,2075,1.0
rebasing_MULTIPLICATIVE,VA,NO_VEHICLE_RULE_38,,2075,1.0
rebasing_MULTIPLICATIVE,VT,FULL_SCHEDULE_10,2034,2034,0.00020835340938317145
rebasing_MULTIPLICATIVE,WA,FULL_SCHEDULE_10,2041,2041,0.00014609434138698667
rebasing_MULTIPLICATIVE,WI,NO_VEHICLE_RULE_38,,2075,1.0
rebasing_MULTIPLICATIVE,WV,NO_VEHICLE_RULE_38,,2075,1.0
rebasing_MULTIPLICATIVE,WY,NO_VEHICLE_RULE_38,,2075,1.0
base_year_2024,AK,NO_VEHICLE_RULE_38,,2075,1.0
base_year_2024,AL,NO_VEHICLE_RULE_38,,2075,1.0
base_year_2024,AR,NO_VEHICLE_RULE_38,,2075,1.0
base_year_2024,AZ,NO_VEHICLE_RULE_38,,2075,1.0
base_year_2024,CA,FULL_SCHEDULE_10,2038,2034,0.00016834769512008766
base_year_2024,CO,CAPPED_82_MY2032_3,2060,2049,0.35595637333162294
base_year_2024,CT,NO_VEHICLE_RULE_38,,2075,1.0
base_year_2024,DC,FULL_SCHEDULE_10,2035,2031,0.00020036578275408747
base_year_2024,DE,CAPPED_82_MY2032_3,,2075,1.0
base_year_2024,FL,NO_VEHICLE_RULE_38,,2075,1.0
base_year_2024,GA,NO_VEHICLE_RULE_38,,2075,1.0
base_year_2024,HI,NO_VEHICLE_RULE_38,,2075,1.0
base_year_2024,IA,NO_VEHICLE_RULE_38,,2075,1.0
base_year_2024,ID,NO_VEHICLE_RULE_38,,2075,1.0
base_year_2024,IL,NO_VEHICLE_RULE_38,,2075,1.0
base_year_2024,IN,NO_VEHICLE_RULE_38,,2075,1.0
base_year_2024,KS,NO_VEHICLE_RULE_38,,2075,1.0
base_year_2024,KY,NO_VEHICLE_RULE_38,,2075,1.0
base_year_2024,LA,NO_VEHICLE_RULE_38,,2075,1.0
base_year_2024,MA,FULL_SCHEDULE_10,,2075,1.0
base_year_2024,MD,FULL_SCHEDULE_10,,2075,1.0
base_year_2024,ME,NO_VEHICLE_RULE_38,,2075,1.0
base_year_2024,MI,NO_VEHICLE_RULE_38,,2075,1.0
base_year_2024,MN,NO_VEHICLE_RULE_38,,2075,1.0
base_year_2024,MO,NO_VEHICLE_RULE_38,,2075,1.0
base_year_2024,MS,NO_VEHICLE_RULE_38,,2075,1.0
base_year_2024,MT,NO_VEHICLE_RULE_38,,2075,1.0
base_year_2024,NC,NO_VEHICLE_RULE_38,,2075,1.0
base_year_2024,ND,NO_VEHICLE_RULE_38,,2075,1.0
base_year_2024,NE,NO_VEHICLE_RULE_38,,2075,1.0
base_year_2024,NH,NO_VEHICLE_RULE_38,,2075,1.0
base_year_2024,NJ,FULL_SCHEDULE_10,,2075,1.0
base_year_2024,NM,CAPPED_82_MY2032_3,2060,2044,0.5240651344731406
base_year_2024,NV,NO_VEHICLE_RULE_38,,2075,1.0
base_year_2024,NY,FULL_SCHEDULE_10,2036,2036,0.00016086308126163763
base_year_2024,OH,NO_VEHICLE_RULE_38,,2075,1.0
base_year_2024,OK,NO_VEHICLE_RULE_38,,2075,1.0
base_year_2024,OR,FULL_SCHEDULE_10,2039,2039,0.00013491755721684934
base_year_2024,PA,NO_VEHICLE_RULE_38,,2075,1.0
base_year_2024,RI,FULL_SCHEDULE_10,2035,2032,0.00019254283173155331
base_year_2024,SC,NO_VEHICLE_RULE_38,,2075,1.0
base_year_2024,SD,NO_VEHICLE_RULE_38,,2075,1.0
base_year_2024,TN,NO_VEHICLE_RULE_38,,2075,1.0
base_year_2024,TX,NO_VEHICLE_RULE_38,,2075,1.0
base_year_2024,UT,NO_VEHICLE_RULE_38,,2075,1.0
base_year_2024,VA,NO_VEHICLE_RULE_38,,2075,1.0
base_year_2024,VT,FULL_SCHEDULE_10,2034,2034,0.00020836263353848607
base_year_2024,WA,FULL_SCHEDULE_10,2041,2041,0.00014609394818953164
base_year_2024,WI,NO_VEHICLE_RULE_38,,2075,1.0
base_year_2024,WV,NO_VEHICLE_RULE_38,,2075,1.0
base_year_2024,WY,NO_VEHICLE_RULE_38,,2075,1.0
model_year_plus_one,AK,NO_VEHICLE_RULE_38,,2075,1.0
model_year_plus_one,AL,NO_VEHICLE_RULE_38,,2075,1.0
model_year_plus_one,AR,NO_VEHICLE_RULE_38,,2075,1.0
model_year_plus_one,AZ,NO_VEHICLE_RULE_38,,2075,1.0
model_year_plus_one,CA,FULL_SCHEDULE_10,2038,2034,0.0002071901681590381
model_year_plus_one,CO,CAPPED_82_MY2032_3,2061,2049,0.390254452882948
model_year_plus_one,CT,NO_VEHICLE_RULE_38,,2075,1.0
model_year_plus_one,DC,FULL_SCHEDULE_10,2035,2035,0.00022892626966258123
model_year_plus_one,DE,CAPPED_82_MY2032_3,,2075,1.0
model_year_plus_one,FL,NO_VEHICLE_RULE_38,,2075,1.0
model_year_plus_one,GA,NO_VEHICLE_RULE_38,,2075,1.0
model_year_plus_one,HI,NO_VEHICLE_RULE_38,,2075,1.0
model_year_plus_one,IA,NO_VEHICLE_RULE_38,,2075,1.0
model_year_plus_one,ID,NO_VEHICLE_RULE_38,,2075,1.0
model_year_plus_one,IL,NO_VEHICLE_RULE_38,,2075,1.0
model_year_plus_one,IN,NO_VEHICLE_RULE_38,,2075,1.0
model_year_plus_one,KS,NO_VEHICLE_RULE_38,,2075,1.0
model_year_plus_one,KY,NO_VEHICLE_RULE_38,,2075,1.0
model_year_plus_one,LA,NO_VEHICLE_RULE_38,,2075,1.0
model_year_plus_one,MA,FULL_SCHEDULE_10,,2075,1.0
model_year_plus_one,MD,FULL_SCHEDULE_10,,2075,1.0
model_year_plus_one,ME,NO_VEHICLE_RULE_38,,2075,1.0
model_year_plus_one,MI,NO_VEHICLE_RULE_38,,2075,1.0
model_year_plus_one,MN,NO_VEHICLE_RULE_38,,2075,1.0
model_year_plus_one,MO,NO_VEHICLE_RULE_38,,2075,1.0
model_year_plus_one,MS,NO_VEHICLE_RULE_38,,2075,1.0
model_year_plus_one,MT,NO_VEHICLE_RULE_38,,2075,1.0
model_year_plus_one,NC,NO_VEHICLE_RULE_38,,2075,1.0
model_year_plus_one,ND,NO_VEHICLE_RULE_38,,2075,1.0
model_year_plus_one,NE,NO_VEHICLE_RULE_38,,2075,1.0
model_year_plus_one,NH,NO_VEHICLE_RULE_38,,2075,1.0
model_year_plus_one,NJ,FULL_SCHEDULE_10,,2075,1.0
model_year_plus_one,NM,CAPPED_82_MY2032_3,2061,2044,0.5525688682461316
model_year_plus_one,NV,NO_VEHICLE_RULE_38,,2075,1.0
model_year_plus_one,NY,FULL_SCHEDULE_10,2036,2036,0.00019527082465630442
model_year_plus_one,OH,NO_VEHICLE_RULE_38,,2075,1.0
model_year_plus_one,OK,NO_VEHICLE_RULE_38,,2075,1.0
model_year_plus_one,OR,FULL_SCHEDULE_10,2039,2039,0.0001698928080756459
model_year_plus_one,PA,NO_VEHICLE_RULE_38,,2075,1.0
model_year_plus_one,RI,FULL_SCHEDULE_10,2035,2035,0.00022742773250650276
model_year_plus_one,SC,NO_VEHICLE_RULE_38,,2075,1.0
model_year_plus_one,SD,NO_VEHICLE_RULE_38,,2075,1.0
model_year_plus_one,TN,NO_VEHICLE_RULE_38,,2075,1.0
model_year_plus_one,TX,NO_VEHICLE_RULE_38,,2075,1.0
model_year_plus_one,UT,NO_VEHICLE_RULE_38,,2075,1.0
model_year_plus_one,VA,NO_VEHICLE_RULE_38,,2075,1.0
model_year_plus_one,VT,FULL_SCHEDULE_10,2035,2035,0.0002360941283442608
model_year_plus_one,WA,FULL_SCHEDULE_10,2040,2040,0.00018280827102112564
model_year_plus_one,WI,NO_VEHICLE_RULE_38,,2075,1.0
model_year_plus_one,WV,NO_VEHICLE_RULE_38,,2075,1.0
model_year_plus_one,WY,NO_VEHICLE_RULE_38,,2075,1.0
grid_post_2050_TREND,AK,NO_VEHICLE_RULE_38,,2075,1.0
grid_post_2050_TREND,AL,NO_VEHICLE_RULE_38,,2075,1.0
grid_post_2050_TREND,AR,NO_VEHICLE_RULE_38,,2075,1.0
grid_post_2050_TREND,AZ,NO_VEHICLE_RULE_38,,2075,1.0
grid_post_2050_TREND,CA,FULL_SCHEDULE_10,2038,2034,0.00016835862317191112
grid_post_2050_TREND,CO,CAPPED_82_MY2032_3,2060,2049,0.35595938443968245
grid_post_2050_TREND,CT,NO_VEHICLE_RULE_38,,2075,1.0
grid_post_2050_TREND,DC,FULL_SCHEDULE_10,2035,2031,0.0002004698156133552
grid_post_2050_TREND,DE,CAPPED_82_MY2032_3,,2075,1.0
grid_post_2050_TREND,FL,NO_VEHICLE_RULE_38,,2075,1.0
grid_post_2050_TREND,GA,NO_VEHICLE_RULE_38,,2075,1.0
grid_post_2050_TREND,HI,NO_VEHICLE_RULE_38,,2075,1.0
grid_post_2050_TREND,IA,NO_VEHICLE_RULE_38,,2075,1.0
grid_post_2050_TREND,ID,NO_VEHICLE_RULE_38,,2075,1.0
grid_post_2050_TREND,IL,NO_VEHICLE_RULE_38,,2075,1.0
grid_post_2050_TREND,IN,NO_VEHICLE_RULE_38,,2075,1.0
grid_post_2050_TREND,KS,NO_VEHICLE_RULE_38,,2075,1.0
grid_post_2050_TREND,KY,NO_VEHICLE_RULE_38,,2075,1.0
grid_post_2050_TREND,LA,NO_VEHICLE_RULE_38,,2075,1.0
grid_post_2050_TREND,MA,FULL_SCHEDULE_10,,2075,1.0
grid_post_2050_TREND,MD,FULL_SCHEDULE_10,,2075,1.0
grid_post_2050_TREND,ME,NO_VEHICLE_RULE_38,,2075,1.0
grid_post_2050_TREND,MI,NO_VEHICLE_RULE_38,,2075,1.0
grid_post_2050_TREND,MN,NO_VEHICLE_RULE_38,,2075,1.0
grid_post_2050_TREND,MO,NO_VEHICLE_RULE_38,,2075,1.0
grid_post_2050_TREND,MS,NO_VEHICLE_RULE_38,,2075,1.0
grid_post_2050_TREND,MT,NO_VEHICLE_RULE_38,,2075,1.0
grid_post_2050_TREND,NC,NO_VEHICLE_RULE_38,,2075,1.0
grid_post_2050_TREND,ND,NO_VEHICLE_RULE_38,,2075,1.0
grid_post_2050_TREND,NE,NO_VEHICLE_RULE_38,,2075,1.0
grid_post_2050_TREND,NH,NO_VEHICLE_RULE_38,,2075,1.0
grid_post_2050_TREND,NJ,FULL_SCHEDULE_10,,2075,1.0
grid_post_2050_TREND,NM,CAPPED_82_MY2032_3,2060,2044,0.5240253711061629
grid_post_2050_TREND,NV,NO_VEHICLE_RULE_38,,2075,1.0
grid_post_2050_TREND,NY,FULL_SCHEDULE_10,2036,2036,0.00016086019091205884
grid_post_2050_TREND,OH,NO_VEHICLE_RULE_38,,2075,1.0
grid_post_2050_TREND,OK,NO_VEHICLE_RULE_38,,2075,1.0
grid_post_2050_TREND,OR,FULL_SCHEDULE_10,2039,2039,0.00013491815491152912
grid_post_2050_TREND,PA,NO_VEHICLE_RULE_38,,2075,1.0
grid_post_2050_TREND,RI,FULL_SCHEDULE_10,2035,2032,0.00019250638036061115
grid_post_2050_TREND,SC,NO_VEHICLE_RULE_38,,2075,1.0
grid_post_2050_TREND,SD,NO_VEHICLE_RULE_38,,2075,1.0
grid_post_2050_TREND,TN,NO_VEHICLE_RULE_38,,2075,1.0
grid_post_2050_TREND,TX,NO_VEHICLE_RULE_38,,2075,1.0
grid_post_2050_TREND,UT,NO_VEHICLE_RULE_38,,2075,1.0
grid_post_2050_TREND,VA,NO_VEHICLE_RULE_38,,2075,1.0
grid_post_2050_TREND,VT,FULL_SCHEDULE_10,2034,2034,0.00020835340938317145
grid_post_2050_TREND,WA,FULL_SCHEDULE_10,2041,2041,0.00014609434138698667
grid_post_2050_TREND,WI,NO_VEHICLE_RULE_38,,2075,1.0
grid_post_2050_TREND,WV,NO_VEHICLE_RULE_38,,2075,1.0
grid_post_2050_TREND,WY,NO_VEHICLE_RULE_38,,2075,1.0
grid_post_2050_FROZEN,AK,NO_VEHICLE_RULE_38,,2075,1.0
grid_post_2050_FROZEN,AL,NO_VEHICLE_RULE_38,,2075,1.0
grid_post_2050_FROZEN,AR,NO_VEHICLE_RULE_38,,2075,1.0
grid_post_2050_FROZEN,AZ,NO_VEHICLE_RULE_38,,2075,1.0
grid_post_2050_FROZEN,CA,FULL_SCHEDULE_10,2038,2034,0.00016835862317191112
grid_post_2050_FROZEN,CO,CAPPED_82_MY2032_3,2060,2049,0.35595938443968245
grid_post_2050_FROZEN,CT,NO_VEHICLE_RULE_38,,2075,1.0
grid_post_2050_FROZEN,DC,FULL_SCHEDULE_10,2035,2031,0.0002004698156133552
grid_post_2050_FROZEN,DE,CAPPED_82_MY2032_3,,2075,1.0
grid_post_2050_FROZEN,FL,NO_VEHICLE_RULE_38,,2075,1.0
grid_post_2050_FROZEN,GA,NO_VEHICLE_RULE_38,,2075,1.0
grid_post_2050_FROZEN,HI,NO_VEHICLE_RULE_38,,2075,1.0
grid_post_2050_FROZEN,IA,NO_VEHICLE_RULE_38,,2075,1.0
grid_post_2050_FROZEN,ID,NO_VEHICLE_RULE_38,,2075,1.0
grid_post_2050_FROZEN,IL,NO_VEHICLE_RULE_38,,2075,1.0
grid_post_2050_FROZEN,IN,NO_VEHICLE_RULE_38,,2075,1.0
grid_post_2050_FROZEN,KS,NO_VEHICLE_RULE_38,,2075,1.0
grid_post_2050_FROZEN,KY,NO_VEHICLE_RULE_38,,2075,1.0
grid_post_2050_FROZEN,LA,NO_VEHICLE_RULE_38,,2075,1.0
grid_post_2050_FROZEN,MA,FULL_SCHEDULE_10,,2075,1.0
grid_post_2050_FROZEN,MD,FULL_SCHEDULE_10,,2075,1.0
grid_post_2050_FROZEN,ME,NO_VEHICLE_RULE_38,,2075,1.0
grid_post_2050_FROZEN,MI,NO_VEHICLE_RULE_38,,2075,1.0
grid_post_2050_FROZEN,MN,NO_VEHICLE_RULE_38,,2075,1.0
grid_post_2050_FROZEN,MO,NO_VEHICLE_RULE_38,,2075,1.0
grid_post_2050_FROZEN,MS,NO_VEHICLE_RULE_38,,2075,1.0
grid_post_2050_FROZEN,MT,NO_VEHICLE_RULE_38,,2075,1.0
grid_post_2050_FROZEN,NC,NO_VEHICLE_RULE_38,,2075,1.0
grid_post_2050_FROZEN,ND,NO_VEHICLE_RULE_38,,2075,1.0
grid_post_2050_FROZEN,NE,NO_VEHICLE_RULE_38,,2075,1.0
grid_post_2050_FROZEN,NH,NO_VEHICLE_RULE_38,,2075,1.0
grid_post_2050_FROZEN,NJ,FULL_SCHEDULE_10,,2075,1.0
grid_post_2050_FROZEN,NM,CAPPED_82_MY2032_3,2060,2044,0.5240253711061629
grid_post_2050_FROZEN,NV,NO_VEHICLE_RULE_38,,2075,1.0
grid_post_2050_FROZEN,NY,FULL_SCHEDULE_10,2036,2036,0.00016086019091205884
grid_post_2050_FROZEN,OH,NO_VEHICLE_RULE_38,,2075,1.0
grid_post_2050_FROZEN,OK,NO_VEHICLE_RULE_38,,2075,1.0
grid_post_2050_FROZEN,OR,FULL_SCHEDULE_10,2039,2039,0.00013491815491152912
grid_post_2050_FROZEN,PA,NO_VEHICLE_RULE_38,,2075,1.0
grid_post_2050_FROZEN,RI,FULL_SCHEDULE_10,2035,2032,0.00019250638036061115
grid_post_2050_FROZEN,SC,NO_VEHICLE_RULE_38,,2075,1.0
grid_post_2050_FROZEN,SD,NO_VEHICLE_RULE_38,,2075,1.0
grid_post_2050_FROZEN,TN,NO_VEHICLE_RULE_38,,2075,1.0
grid_post_2050_FROZEN,TX,NO_VEHICLE_RULE_38,,2075,1.0
grid_post_2050_FROZEN,UT,NO_VEHICLE_RULE_38,,2075,1.0
grid_post_2050_FROZEN,VA,NO_VEHICLE_RULE_38,,2075,1.0
grid_post_2050_FROZEN,VT,FULL_SCHEDULE_10,2034,2034,0.00020835340938317145
grid_post_2050_FROZEN,WA,FULL_SCHEDULE_10,2041,2041,0.00014609434138698667
grid_post_2050_FROZEN,WI,NO_VEHICLE_RULE_38,,2075,1.0
grid_post_2050_FROZEN,WV,NO_VEHICLE_RULE_38,,2075,1.0
grid_post_2050_FROZEN,WY,NO_VEHICLE_RULE_38,,2075,1.0
grid_post_2050_STATUTE,AK,NO_VEHICLE_RULE_38,,2075,1.0
grid_post_2050_STATUTE,AL,NO_VEHICLE_RULE_38,,2075,1.0
grid_post_2050_STATUTE,AR,NO_VEHICLE_RULE_38,,2075,1.0
grid_post_2050_STATUTE,AZ,NO_VEHICLE_RULE_38,,2075,1.0
grid_post_2050_STATUTE,CA,FULL_SCHEDULE_10,2038,2034,0.00016835862317191112
grid_post_2050_STATUTE,CO,CAPPED_82_MY2032_3,2060,2049,0.35595938443968245
grid_post_2050_STATUTE,CT,NO_VEHICLE_RULE_38,,2075,1.0
grid_post_2050_STATUTE,DC,FULL_SCHEDULE_10,2035,2031,0.0002004698156133552
grid_post_2050_STATUTE,DE,CAPPED_82_MY2032_3,,2075,1.0
grid_post_2050_STATUTE,FL,NO_VEHICLE_RULE_38,,2075,1.0
grid_post_2050_STATUTE,GA,NO_VEHICLE_RULE_38,,2075,1.0
grid_post_2050_STATUTE,HI,NO_VEHICLE_RULE_38,,2075,1.0
grid_post_2050_STATUTE,IA,NO_VEHICLE_RULE_38,,2075,1.0
grid_post_2050_STATUTE,ID,NO_VEHICLE_RULE_38,,2075,1.0
grid_post_2050_STATUTE,IL,NO_VEHICLE_RULE_38,,2075,1.0
grid_post_2050_STATUTE,IN,NO_VEHICLE_RULE_38,,2075,1.0
grid_post_2050_STATUTE,KS,NO_VEHICLE_RULE_38,,2075,1.0
grid_post_2050_STATUTE,KY,NO_VEHICLE_RULE_38,,2075,1.0
grid_post_2050_STATUTE,LA,NO_VEHICLE_RULE_38,,2075,1.0
grid_post_2050_STATUTE,MA,FULL_SCHEDULE_10,,2075,1.0
grid_post_2050_STATUTE,MD,FULL_SCHEDULE_10,,2075,1.0
grid_post_2050_STATUTE,ME,NO_VEHICLE_RULE_38,,2075,1.0
grid_post_2050_STATUTE,MI,NO_VEHICLE_RULE_38,,2075,1.0
grid_post_2050_STATUTE,MN,NO_VEHICLE_RULE_38,,2075,1.0
grid_post_2050_STATUTE,MO,NO_VEHICLE_RULE_38,,2075,1.0
grid_post_2050_STATUTE,MS,NO_VEHICLE_RULE_38,,2075,1.0
grid_post_2050_STATUTE,MT,NO_VEHICLE_RULE_38,,2075,1.0
grid_post_2050_STATUTE,NC,NO_VEHICLE_RULE_38,,2075,1.0
grid_post_2050_STATUTE,ND,NO_VEHICLE_RULE_38,,2075,1.0
grid_post_2050_STATUTE,NE,NO_VEHICLE_RULE_38,,2075,1.0
grid_post_2050_STATUTE,NH,NO_VEHICLE_RULE_38,,2075,1.0
grid_post_2050_STATUTE,NJ,FULL_SCHEDULE_10,,2075,1.0
grid_post_2050_STATUTE,NM,CAPPED_82_MY2032_3,2060,2044,0.5240253711061629
grid_post_2050_STATUTE,NV,NO_VEHICLE_RULE_38,,2075,1.0
grid_post_2050_STATUTE,NY,FULL_SCHEDULE_10,2036,2036,0.00016086019091205884
grid_post_2050_STATUTE,OH,NO_VEHICLE_RULE_38,,2075,1.0
grid_post_2050_STATUTE,OK,NO_VEHICLE_RULE_38,,2075,1.0
grid_post_2050_STATUTE,OR,FULL_SCHEDULE_10,2039,2039,0.00013491815491152912
grid_post_2050_STATUTE,PA,NO_VEHICLE_RULE_38,,2075,1.0
grid_post_2050_STATUTE,RI,FULL_SCHEDULE_10,2035,2032,0.00019250638036061115
grid_post_2050_STATUTE,SC,NO_VEHICLE_RULE_38,,2075,1.0
grid_post_2050_STATUTE,SD,NO_VEHICLE_RULE_38,,2075,1.0
grid_post_2050_STATUTE,TN,NO_VEHICLE_RULE_38,,2075,1.0
grid_post_2050_STATUTE,TX,NO_VEHICLE_RULE_38,,2075,1.0
grid_post_2050_STATUTE,UT,NO_VEHICLE_RULE_38,,2075,1.0
grid_post_2050_STATUTE,VA,NO_VEHICLE_RULE_38,,2075,1.0
grid_post_2050_STATUTE,VT,FULL_SCHEDULE_10,2034,2034,0.00020835340938317145
grid_post_2050_STATUTE,WA,FULL_SCHEDULE_10,2041,2041,0.00014609434138698667
grid_post_2050_STATUTE,WI,NO_VEHICLE_RULE_38,,2075,1.0
grid_post_2050_STATUTE,WV,NO_VEHICLE_RULE_38,,2075,1.0
grid_post_2050_STATUTE,WY,NO_VEHICLE_RULE_38,,2075,1.0
grid_statutory_floor_OFF,AK,NO_VEHICLE_RULE_38,,2075,1.0
grid_statutory_floor_OFF,AL,NO_VEHICLE_RULE_38,,2075,1.0
grid_statutory_floor_OFF,AR,NO_VEHICLE_RULE_38,,2075,1.0
grid_statutory_floor_OFF,AZ,NO_VEHICLE_RULE_38,,2075,1.0
grid_statutory_floor_OFF,CA,FULL_SCHEDULE_10,,2075,1.0
grid_statutory_floor_OFF,CO,CAPPED_82_MY2032_3,2070,2070,0.9706434649955622
grid_statutory_floor_OFF,CT,NO_VEHICLE_RULE_38,,2075,1.0
grid_statutory_floor_OFF,DC,FULL_SCHEDULE_10,,2075,1.0
grid_statutory_floor_OFF,DE,CAPPED_82_MY2032_3,,2075,1.0
grid_statutory_floor_OFF,FL,NO_VEHICLE_RULE_38,,2075,1.0
grid_statutory_floor_OFF,GA,NO_VEHICLE_RULE_38,,2075,1.0
grid_statutory_floor_OFF,HI,NO_VEHICLE_RULE_38,,2075,1.0
grid_statutory_floor_OFF,IA,NO_VEHICLE_RULE_38,,2075,1.0
grid_statutory_floor_OFF,ID,NO_VEHICLE_RULE_38,,2075,1.0
grid_statutory_floor_OFF,IL,NO_VEHICLE_RULE_38,,2075,1.0
grid_statutory_floor_OFF,IN,NO_VEHICLE_RULE_38,,2075,1.0
grid_statutory_floor_OFF,KS,NO_VEHICLE_RULE_38,,2075,1.0
grid_statutory_floor_OFF,KY,NO_VEHICLE_RULE_38,,2075,1.0
grid_statutory_floor_OFF,LA,NO_VEHICLE_RULE_38,,2075,1.0
grid_statutory_floor_OFF,MA,FULL_SCHEDULE_10,,2074,0.9982473725428883
grid_statutory_floor_OFF,MD,FULL_SCHEDULE_10,,2075,1.0
grid_statutory_floor_OFF,ME,NO_VEHICLE_RULE_38,,2075,1.0
grid_statutory_floor_OFF,MI,NO_VEHICLE_RULE_38,,2075,1.0
grid_statutory_floor_OFF,MN,NO_VEHICLE_RULE_38,,2075,1.0
grid_statutory_floor_OFF,MO,NO_VEHICLE_RULE_38,,2075,1.0
grid_statutory_floor_OFF,MS,NO_VEHICLE_RULE_38,,2075,1.0
grid_statutory_floor_OFF,MT,NO_VEHICLE_RULE_38,,2075,1.0
grid_statutory_floor_OFF,NC,NO_VEHICLE_RULE_38,,2075,1.0
grid_statutory_floor_OFF,ND,NO_VEHICLE_RULE_38,,2075,1.0
grid_statutory_floor_OFF,NE,NO_VEHICLE_RULE_38,,2075,1.0
grid_statutory_floor_OFF,NH,NO_VEHICLE_RULE_38,,2075,1.0
grid_statutory_floor_OFF,NJ,FULL_SCHEDULE_10,,2075,1.0
grid_statutory_floor_OFF,NM,CAPPED_82_MY2032_3,,2071,0.977194387664757
grid_statutory_floor_OFF,NV,NO_VEHICLE_RULE_38,,2075,1.0
grid_statutory_floor_OFF,NY,FULL_SCHEDULE_10,,2075,1.0
grid_statutory_floor_OFF,OH,NO_VEHICLE_RULE_38,,2075,1.0
grid_statutory_floor_OFF,OK,NO_VEHICLE_RULE_38,,2075,1.0
grid_statutory_floor_OFF,OR,FULL_SCHEDULE_10,,2075,1.0
grid_statutory_floor_OFF,PA,NO_VEHICLE_RULE_38,,2075,1.0
grid_statutory_floor_OFF,RI,FULL_SCHEDULE_10,,2072,0.9900203203676056
grid_statutory_floor_OFF,SC,NO_VEHICLE_RULE_38,,2075,1.0
grid_statutory_floor_OFF,SD,NO_VEHICLE_RULE_38,,2075,1.0
grid_statutory_floor_OFF,TN,NO_VEHICLE_RULE_38,,2075,1.0
grid_statutory_floor_OFF,TX,NO_VEHICLE_RULE_38,,2075,1.0
grid_statutory_floor_OFF,UT,NO_VEHICLE_RULE_38,,2075,1.0
grid_statutory_floor_OFF,VA,NO_VEHICLE_RULE_38,,2075,1.0
grid_statutory_floor_OFF,VT,FULL_SCHEDULE_10,,2035,0.0731861128229326
grid_statutory_floor_OFF,WA,FULL_SCHEDULE_10,,2075,1.0
grid_statutory_floor_OFF,WI,NO_VEHICLE_RULE_38,,2075,1.0
grid_statutory_floor_OFF,WV,NO_VEHICLE_RULE_38,,2075,1.0
grid_statutory_floor_OFF,WY,NO_VEHICLE_RULE_38,,2075,1.0
grid_v30_statute_as_assignment,AK,NO_VEHICLE_RULE_38,,2075,1.0
grid_v30_statute_as_assignment,AL,NO_VEHICLE_RULE_38,,2075,1.0
grid_v30_statute_as_assignment,AR,NO_VEHICLE_RULE_38,,2075,1.0
grid_v30_statute_as_assignment,AZ,NO_VEHICLE_RULE_38,,2075,1.0
grid_v30_statute_as_assignment,CA,FULL_SCHEDULE_10,2036,2034,0.0001900258829478451
grid_v30_statute_as_assignment,CO,CAPPED_82_MY2032_3,2067,2067,0.9059421118600384
grid_v30_statute_as_assignment,CT,NO_VEHICLE_RULE_38,,2075,1.0
grid_v30_statute_as_assignment,DC,FULL_SCHEDULE_10,2035,2035,0.00020276335244927846
grid_v30_statute_as_assignment,DE,CAPPED_82_MY2032_3,,2075,1.0
grid_v30_statute_as_assignment,FL,NO_VEHICLE_RULE_38,,2075,1.0
grid_v30_statute_as_assignment,GA,NO_VEHICLE_RULE_38,,2075,1.0
grid_v30_statute_as_assignment,HI,NO_VEHICLE_RULE_38,,2075,1.0
grid_v30_statute_as_assignment,IA,NO_VEHICLE_RULE_38,,2075,1.0
grid_v30_statute_as_assignment,ID,NO_VEHICLE_RULE_38,,2075,1.0
grid_v30_statute_as_assignment,IL,NO_VEHICLE_RULE_38,,2075,1.0
grid_v30_statute_as_assignment,IN,NO_VEHICLE_RULE_38,,2075,1.0
grid_v30_statute_as_assignment,KS,NO_VEHICLE_RULE_38,,2075,1.0
grid_v30_statute_as_assignment,KY,NO_VEHICLE_RULE_38,,2075,1.0
grid_v30_statute_as_assignment,LA,NO_VEHICLE_RULE_38,,2075,1.0
grid_v30_statute_as_assignment,MA,FULL_SCHEDULE_10,2039,2039,0.0001270709161472905
grid_v30_statute_as_assignment,MD,FULL_SCHEDULE_10,,2075,1.0
grid_v30_statute_as_assignment,ME,NO_VEHICLE_RULE_38,,2075,1.0
grid_v30_statute_as_assignment,MI,NO_VEHICLE_RULE_38,,2075,1.0
grid_v30_statute_as_assignment,MN,NO_VEHICLE_RULE_38,,2075,1.0
grid_v30_statute_as_assignment,MO,NO_VEHICLE_RULE_38,,2075,1.0
grid_v30_statute_as_assignment,MS,NO_VEHICLE_RULE_38,,2075,1.0
grid_v30_statute_as_assignment,MT,NO_VEHICLE_RULE_38,,2075,1.0
grid_v30_statute_as_assignment,NC,NO_VEHICLE_RULE_38,,2075,1.0
grid_v30_statute_as_assignment,ND,NO_VEHICLE_RULE_38,,2075,1.0
grid_v30_statute_as_assignment,NE,NO_VEHICLE_RULE_38,,2075,1.0
grid_v30_statute_as_assignment,NH,NO_VEHICLE_RULE_38,,2075,1.0
grid_v30_statute_as_assignment,NJ,FULL_SCHEDULE_10,,2075,1.0
grid_v30_statute_as_assignment,NM,CAPPED_82_MY2032_3,2060,2060,0.572512235256965
grid_v30_statute_as_assignment,NV,NO_VEHICLE_RULE_38,,2075,1.0
grid_v30_statute_as_assignment,NY,FULL_SCHEDULE_10,2035,2035,0.00018069850071655903
grid_v30_statute_as_assignment,OH,NO_VEHICLE_RULE_38,,2075,1.0
grid_v30_statute_as_assignment,OK,NO_VEHICLE_RULE_38,,2075,1.0
grid_v30_statute_as_assignment,OR,FULL_SCHEDULE_10,2035,2035,0.0001863708931505407
grid_v30_statute_as_assignment,PA,NO_VEHICLE_RULE_38,,2075,1.0
grid_v30_statute_as_assignment,RI,FULL_SCHEDULE_10,2035,2035,0.00020195158003937324
grid_v30_statute_as_assignment,SC,NO_VEHICLE_RULE_38,,2075,1.0
grid_v30_statute_as_assignment,SD,NO_VEHICLE_RULE_38,,2075,1.0
grid_v30_statute_as_assignment,TN,NO_VEHICLE_RULE_38,,2075,1.0
grid_v30_statute_as_assignment,TX,NO_VEHICLE_RULE_38,,2075,1.0
grid_v30_statute_as_assignment,UT,NO_VEHICLE_RULE_38,,2075,1.0
grid_v30_statute_as_assignment,VA,NO_VEHICLE_RULE_38,,2075,1.0
grid_v30_statute_as_assignment,VT,FULL_SCHEDULE_10,2035,2035,0.00020877784393069453
grid_v30_statute_as_assignment,WA,FULL_SCHEDULE_10,2035,2035,0.0002088855388555955
grid_v30_statute_as_assignment,WI,NO_VEHICLE_RULE_38,,2075,1.0
grid_v30_statute_as_assignment,WV,NO_VEHICLE_RULE_38,,2075,1.0
grid_v30_statute_as_assignment,WY,NO_VEHICLE_RULE_38,,2075,1.0
fossil_factor_uncapped,AK,NO_VEHICLE_RULE_38,,2075,1.0
fossil_factor_uncapped,AL,NO_VEHICLE_RULE_38,,2075,1.0
fossil_factor_uncapped,AR,NO_VEHICLE_RULE_38,,2075,1.0
fossil_factor_uncapped,AZ,NO_VEHICLE_RULE_38,,2075,1.0
fossil_factor_uncapped,CA,FULL_SCHEDULE_10,2038,2034,0.00016835862317191112
fossil_factor_uncapped,CO,CAPPED_82_MY2032_3,2060,2049,0.35595938443968245
fossil_factor_uncapped,CT,NO_VEHICLE_RULE_38,,2075,1.0
fossil_factor_uncapped,DC,FULL_SCHEDULE_10,2035,2031,0.0002004698156133552
fossil_factor_uncapped,DE,CAPPED_82_MY2032_3,,2075,1.0
fossil_factor_uncapped,FL,NO_VEHICLE_RULE_38,,2075,1.0
fossil_factor_uncapped,GA,NO_VEHICLE_RULE_38,,2075,1.0
fossil_factor_uncapped,HI,NO_VEHICLE_RULE_38,,2075,1.0
fossil_factor_uncapped,IA,NO_VEHICLE_RULE_38,,2075,1.0
fossil_factor_uncapped,ID,NO_VEHICLE_RULE_38,,2075,1.0
fossil_factor_uncapped,IL,NO_VEHICLE_RULE_38,,2075,1.0
fossil_factor_uncapped,IN,NO_VEHICLE_RULE_38,,2075,1.0
fossil_factor_uncapped,KS,NO_VEHICLE_RULE_38,,2075,1.0
fossil_factor_uncapped,KY,NO_VEHICLE_RULE_38,,2075,1.0
fossil_factor_uncapped,LA,NO_VEHICLE_RULE_38,,2075,1.0
fossil_factor_uncapped,MA,FULL_SCHEDULE_10,,2075,1.0
fossil_factor_uncapped,MD,FULL_SCHEDULE_10,,2075,1.0
fossil_factor_uncapped,ME,NO_VEHICLE_RULE_38,,2075,1.0
fossil_factor_uncapped,MI,NO_VEHICLE_RULE_38,,2075,1.0
fossil_factor_uncapped,MN,NO_VEHICLE_RULE_38,,2075,1.0
fossil_factor_uncapped,MO,NO_VEHICLE_RULE_38,,2075,1.0
fossil_factor_uncapped,MS,NO_VEHICLE_RULE_38,,2075,1.0
fossil_factor_uncapped,MT,NO_VEHICLE_RULE_38,,2075,1.0
fossil_factor_uncapped,NC,NO_VEHICLE_RULE_38,,2075,1.0
fossil_factor_uncapped,ND,NO_VEHICLE_RULE_38,,2075,1.0
fossil_factor_uncapped,NE,NO_VEHICLE_RULE_38,,2075,1.0
fossil_factor_uncapped,NH,NO_VEHICLE_RULE_38,,2075,1.0
fossil_factor_uncapped,NJ,FULL_SCHEDULE_10,,2075,1.0
fossil_factor_uncapped,NM,CAPPED_82_MY2032_3,2060,2044,0.5240253711061629
fossil_factor_uncapped,NV,NO_VEHICLE_RULE_38,,2075,1.0
fossil_factor_uncapped,NY,FULL_SCHEDULE_10,2036,2036,0.00016086019091205884
fossil_factor_uncapped,OH,NO_VEHICLE_RULE_38,,2075,1.0
fossil_factor_uncapped,OK,NO_VEHICLE_RULE_38,,2075,1.0
fossil_factor_uncapped,OR,FULL_SCHEDULE_10,2039,2039,0.00013491815491152912
fossil_factor_uncapped,PA,NO_VEHICLE_RULE_38,,2075,1.0
fossil_factor_uncapped,RI,FULL_SCHEDULE_10,2035,2032,0.00019250638036061115
fossil_factor_uncapped,SC,NO_VEHICLE_RULE_38,,2075,1.0
fossil_factor_uncapped,SD,NO_VEHICLE_RULE_38,,2075,1.0
fossil_factor_uncapped,TN,NO_VEHICLE_RULE_38,,2075,1.0
fossil_factor_uncapped,TX,NO_VEHICLE_RULE_38,,2075,1.0
fossil_factor_uncapped,UT,NO_VEHICLE_RULE_38,,2075,1.0
fossil_factor_uncapped,VA,NO_VEHICLE_RULE_38,,2075,1.0
fossil_factor_uncapped,VT,FULL_SCHEDULE_10,2034,2034,0.00020174047539005428
fossil_factor_uncapped,WA,FULL_SCHEDULE_10,2041,2041,0.00014609434138698667
fossil_factor_uncapped,WI,NO_VEHICLE_RULE_38,,2075,1.0
fossil_factor_uncapped,WV,NO_VEHICLE_RULE_38,,2075,1.0
fossil_factor_uncapped,WY,NO_VEHICLE_RULE_38,,2075,1.0
weather_off,AK,NO_VEHICLE_RULE_38,,2075,1.0
weather_off,AL,NO_VEHICLE_RULE_38,,2075,1.0
weather_off,AR,NO_VEHICLE_RULE_38,,2075,1.0
weather_off,AZ,NO_VEHICLE_RULE_38,,2075,1.0
weather_off,CA,FULL_SCHEDULE_10,2038,2034,0.00016833648305488258
weather_off,CO,CAPPED_82_MY2032_3,2060,2049,0.35586154098335704
weather_off,CT,NO_VEHICLE_RULE_38,,2075,1.0
weather_off,DC,FULL_SCHEDULE_10,2035,2031,0.000200416100680037
weather_off,DE,CAPPED_82_MY2032_3,,2075,1.0
weather_off,FL,NO_VEHICLE_RULE_38,,2075,1.0
weather_off,GA,NO_VEHICLE_RULE_38,,2075,1.0
weather_off,HI,NO_VEHICLE_RULE_38,,2075,1.0
weather_off,IA,NO_VEHICLE_RULE_38,,2075,1.0
weather_off,ID,NO_VEHICLE_RULE_38,,2075,1.0
weather_off,IL,NO_VEHICLE_RULE_38,,2075,1.0
weather_off,IN,NO_VEHICLE_RULE_38,,2075,1.0
weather_off,KS,NO_VEHICLE_RULE_38,,2075,1.0
weather_off,KY,NO_VEHICLE_RULE_38,,2075,1.0
weather_off,LA,NO_VEHICLE_RULE_38,,2075,1.0
weather_off,MA,FULL_SCHEDULE_10,,2075,1.0
weather_off,MD,FULL_SCHEDULE_10,,2075,1.0
weather_off,ME,NO_VEHICLE_RULE_38,,2075,1.0
weather_off,MI,NO_VEHICLE_RULE_38,,2075,1.0
weather_off,MN,NO_VEHICLE_RULE_38,,2075,1.0
weather_off,MO,NO_VEHICLE_RULE_38,,2075,1.0
weather_off,MS,NO_VEHICLE_RULE_38,,2075,1.0
weather_off,MT,NO_VEHICLE_RULE_38,,2075,1.0
weather_off,NC,NO_VEHICLE_RULE_38,,2075,1.0
weather_off,ND,NO_VEHICLE_RULE_38,,2075,1.0
weather_off,NE,NO_VEHICLE_RULE_38,,2075,1.0
weather_off,NH,NO_VEHICLE_RULE_38,,2075,1.0
weather_off,NJ,FULL_SCHEDULE_10,,2075,1.0
weather_off,NM,CAPPED_82_MY2032_3,2060,2044,0.5239588850319566
weather_off,NV,NO_VEHICLE_RULE_38,,2075,1.0
weather_off,NY,FULL_SCHEDULE_10,2036,2036,0.00016081878960521313
weather_off,OH,NO_VEHICLE_RULE_38,,2075,1.0
weather_off,OK,NO_VEHICLE_RULE_38,,2075,1.0
weather_off,OR,FULL_SCHEDULE_10,2039,2039,0.0001348833736305665
weather_off,PA,NO_VEHICLE_RULE_38,,2075,1.0
weather_off,RI,FULL_SCHEDULE_10,2035,2032,0.00019247891613228762
weather_off,SC,NO_VEHICLE_RULE_38,,2075,1.0
weather_off,SD,NO_VEHICLE_RULE_38,,2075,1.0
weather_off,TN,NO_VEHICLE_RULE_38,,2075,1.0
weather_off,TX,NO_VEHICLE_RULE_38,,2075,1.0
weather_off,UT,NO_VEHICLE_RULE_38,,2075,1.0
weather_off,VA,NO_VEHICLE_RULE_38,,2075,1.0
weather_off,VT,FULL_SCHEDULE_10,2034,2034,0.0002083281080576875
weather_off,WA,FULL_SCHEDULE_10,2041,2041,0.00014605916690059342
weather_off,WI,NO_VEHICLE_RULE_38,,2075,1.0
weather_off,WV,NO_VEHICLE_RULE_38,,2075,1.0
weather_off,WY,NO_VEHICLE_RULE_38,,2075,1.0
equal_size_2988,AK,NO_VEHICLE_RULE_38,,2075,1.0
equal_size_2988,AL,NO_VEHICLE_RULE_38,,2075,1.0
equal_size_2988,AR,NO_VEHICLE_RULE_38,,2075,1.0
equal_size_2988,AZ,NO_VEHICLE_RULE_38,,2075,1.0
equal_size_2988,CA,FULL_SCHEDULE_10,2038,2034,0.00016840618445315453
equal_size_2988,CO,CAPPED_82_MY2032_3,2060,2049,0.3587484520539394
equal_size_2988,CT,NO_VEHICLE_RULE_38,,2075,1.0
equal_size_2988,DC,FULL_SCHEDULE_10,2035,2035,0.00020276335244927832
equal_size_2988,DE,CAPPED_82_MY2032_3,,2075,1.0
equal_size_2988,FL,NO_VEHICLE_RULE_38,,2075,1.0
equal_size_2988,GA,NO_VEHICLE_RULE_38,,2075,1.0
equal_size_2988,HI,NO_VEHICLE_RULE_38,,2075,1.0
equal_size_2988,IA,NO_VEHICLE_RULE_38,,2075,1.0
equal_size_2988,ID,NO_VEHICLE_RULE_38,,2075,1.0
equal_size_2988,IL,NO_VEHICLE_RULE_38,,2075,1.0
equal_size_2988,IN,NO_VEHICLE_RULE_38,,2075,1.0
equal_size_2988,KS,NO_VEHICLE_RULE_38,,2075,1.0
equal_size_2988,KY,NO_VEHICLE_RULE_38,,2075,1.0
equal_size_2988,LA,NO_VEHICLE_RULE_38,,2075,1.0
equal_size_2988,MA,FULL_SCHEDULE_10,,2075,1.0
equal_size_2988,MD,FULL_SCHEDULE_10,,2075,1.0
equal_size_2988,ME,NO_VEHICLE_RULE_38,,2075,1.0
equal_size_2988,MI,NO_VEHICLE_RULE_38,,2075,1.0
equal_size_2988,MN,NO_VEHICLE_RULE_38,,2075,1.0
equal_size_2988,MO,NO_VEHICLE_RULE_38,,2075,1.0
equal_size_2988,MS,NO_VEHICLE_RULE_38,,2075,1.0
equal_size_2988,MT,NO_VEHICLE_RULE_38,,2075,1.0
equal_size_2988,NC,NO_VEHICLE_RULE_38,,2075,1.0
equal_size_2988,ND,NO_VEHICLE_RULE_38,,2075,1.0
equal_size_2988,NE,NO_VEHICLE_RULE_38,,2075,1.0
equal_size_2988,NH,NO_VEHICLE_RULE_38,,2075,1.0
equal_size_2988,NJ,FULL_SCHEDULE_10,,2075,1.0
equal_size_2988,NM,CAPPED_82_MY2032_3,2060,2044,0.5232329658722071
equal_size_2988,NV,NO_VEHICLE_RULE_38,,2075,1.0
equal_size_2988,NY,FULL_SCHEDULE_10,2036,2036,0.0001611664237967918
equal_size_2988,OH,NO_VEHICLE_RULE_38,,2075,1.0
equal_size_2988,OK,NO_VEHICLE_RULE_38,,2075,1.0
equal_size_2988,OR,FULL_SCHEDULE_10,2039,2039,0.0001348386869118249
equal_size_2988,PA,NO_VEHICLE_RULE_38,,2075,1.0
equal_size_2988,RI,FULL_SCHEDULE_10,2035,2032,0.00019261804436806123
equal_size_2988,SC,NO_VEHICLE_RULE_38,,2075,1.0
equal_size_2988,SD,NO_VEHICLE_RULE_38,,2075,1.0
equal_size_2988,TN,NO_VEHICLE_RULE_38,,2075,1.0
equal_size_2988,TX,NO_VEHICLE_RULE_38,,2075,1.0
equal_size_2988,UT,NO_VEHICLE_RULE_38,,2075,1.0
equal_size_2988,VA,NO_VEHICLE_RULE_38,,2075,1.0
equal_size_2988,VT,FULL_SCHEDULE_10,2034,2034,0.00020834111146157954
equal_size_2988,WA,FULL_SCHEDULE_10,2041,2041,0.00014576569778111407
equal_size_2988,WI,NO_VEHICLE_RULE_38,,2075,1.0
equal_size_2988,WV,NO_VEHICLE_RULE_38,,2075,1.0
equal_size_2988,WY,NO_VEHICLE_RULE_38,,2075,1.0
equal_size_1000_v30_convention,AK,NO_VEHICLE_RULE_38,,2075,1.0
equal_size_1000_v30_convention,AL,NO_VEHICLE_RULE_38,,2075,1.0
equal_size_1000_v30_convention,AR,NO_VEHICLE_RULE_38,,2075,1.0
equal_size_1000_v30_convention,AZ,NO_VEHICLE_RULE_38,,2075,1.0
equal_size_1000_v30_convention,CA,FULL_SCHEDULE_10,2038,2034,0.00016929181866843287
equal_size_1000_v30_convention,CO,CAPPED_82_MY2032_3,2060,2049,0.362544520358215
equal_size_1000_v30_convention,CT,NO_VEHICLE_RULE_38,,2075,1.0
equal_size_1000_v30_convention,DC,FULL_SCHEDULE_10,2035,2035,0.00020276335244927832
equal_size_1000_v30_convention,DE,CAPPED_82_MY2032_3,,2075,1.0
equal_size_1000_v30_convention,FL,NO_VEHICLE_RULE_38,,2075,1.0
equal_size_1000_v30_convention,GA,NO_VEHICLE_RULE_38,,2075,1.0
equal_size_1000_v30_convention,HI,NO_VEHICLE_RULE_38,,2075,1.0
equal_size_1000_v30_convention,IA,NO_VEHICLE_RULE_38,,2075,1.0
equal_size_1000_v30_convention,ID,NO_VEHICLE_RULE_38,,2075,1.0
equal_size_1000_v30_convention,IL,NO_VEHICLE_RULE_38,,2075,1.0
equal_size_1000_v30_convention,IN,NO_VEHICLE_RULE_38,,2075,1.0
equal_size_1000_v30_convention,KS,NO_VEHICLE_RULE_38,,2075,1.0
equal_size_1000_v30_convention,KY,NO_VEHICLE_RULE_38,,2075,1.0
equal_size_1000_v30_convention,LA,NO_VEHICLE_RULE_38,,2075,1.0
equal_size_1000_v30_convention,MA,FULL_SCHEDULE_10,,2075,1.0
equal_size_1000_v30_convention,MD,FULL_SCHEDULE_10,,2075,1.0
equal_size_1000_v30_convention,ME,NO_VEHICLE_RULE_38,,2075,1.0
equal_size_1000_v30_convention,MI,NO_VEHICLE_RULE_38,,2075,1.0
equal_size_1000_v30_convention,MN,NO_VEHICLE_RULE_38,,2075,1.0
equal_size_1000_v30_convention,MO,NO_VEHICLE_RULE_38,,2075,1.0
equal_size_1000_v30_convention,MS,NO_VEHICLE_RULE_38,,2075,1.0
equal_size_1000_v30_convention,MT,NO_VEHICLE_RULE_38,,2075,1.0
equal_size_1000_v30_convention,NC,NO_VEHICLE_RULE_38,,2075,1.0
equal_size_1000_v30_convention,ND,NO_VEHICLE_RULE_38,,2075,1.0
equal_size_1000_v30_convention,NE,NO_VEHICLE_RULE_38,,2075,1.0
equal_size_1000_v30_convention,NH,NO_VEHICLE_RULE_38,,2075,1.0
equal_size_1000_v30_convention,NJ,FULL_SCHEDULE_10,,2075,1.0
equal_size_1000_v30_convention,NM,CAPPED_82_MY2032_3,2060,2044,0.5273145838848643
equal_size_1000_v30_convention,NV,NO_VEHICLE_RULE_38,,2075,1.0
equal_size_1000_v30_convention,NY,FULL_SCHEDULE_10,2036,2036,0.0001620904308534742
equal_size_1000_v30_convention,OH,NO_VEHICLE_RULE_38,,2075,1.0
equal_size_1000_v30_convention,OK,NO_VEHICLE_RULE_38,,2075,1.0
equal_size_1000_v30_convention,OR,FULL_SCHEDULE_10,2039,2039,0.00013601262559341529
equal_size_1000_v30_convention,PA,NO_VEHICLE_RULE_38,,2075,1.0
equal_size_1000_v30_convention,RI,FULL_SCHEDULE_10,2035,2032,0.00019330267713278744
equal_size_1000_v30_convention,SC,NO_VEHICLE_RULE_38,,2075,1.0
equal_size_1000_v30_convention,SD,NO_VEHICLE_RULE_38,,2075,1.0
equal_size_1000_v30_convention,TN,NO_VEHICLE_RULE_38,,2075,1.0
equal_size_1000_v30_convention,TX,NO_VEHICLE_RULE_38,,2075,1.0
equal_size_1000_v30_convention,UT,NO_VEHICLE_RULE_38,,2075,1.0
equal_size_1000_v30_convention,VA,NO_VEHICLE_RULE_38,,2075,1.0
equal_size_1000_v30_convention,VT,FULL_SCHEDULE_10,2034,2034,0.00020836320510701819
equal_size_1000_v30_convention,WA,FULL_SCHEDULE_10,2041,2041,0.0001470242398090603
equal_size_1000_v30_convention,WI,NO_VEHICLE_RULE_38,,2075,1.0
equal_size_1000_v30_convention,WV,NO_VEHICLE_RULE_38,,2075,1.0
equal_size_1000_v30_convention,WY,NO_VEHICLE_RULE_38,,2075,1.0
both_axes_post_2050_TREND,AK,NO_VEHICLE_RULE_38,,2075,1.0
both_axes_post_2050_TREND,AL,NO_VEHICLE_RULE_38,,2075,1.0
both_axes_post_2050_TREND,AR,NO_VEHICLE_RULE_38,,2075,1.0
both_axes_post_2050_TREND,AZ,NO_VEHICLE_RULE_38,,2075,1.0
both_axes_post_2050_TREND,CA,FULL_SCHEDULE_10,2038,2034,0.00016835862317191112
both_axes_post_2050_TREND,CO,CAPPED_82_MY2032_3,2060,2049,0.35595938443968245
both_axes_post_2050_TREND,CT,NO_VEHICLE_RULE_38,,2075,1.0
both_axes_post_2050_TREND,DC,FULL_SCHEDULE_10,2035,2031,0.0002004698156133552
both_axes_post_2050_TREND,DE,CAPPED_82_MY2032_3,,2075,1.0
both_axes_post_2050_TREND,FL,NO_VEHICLE_RULE_38,,2075,1.0
both_axes_post_2050_TREND,GA,NO_VEHICLE_RULE_38,,2075,1.0
both_axes_post_2050_TREND,HI,NO_VEHICLE_RULE_38,,2075,1.0
both_axes_post_2050_TREND,IA,NO_VEHICLE_RULE_38,,2075,1.0
both_axes_post_2050_TREND,ID,NO_VEHICLE_RULE_38,,2075,1.0
both_axes_post_2050_TREND,IL,NO_VEHICLE_RULE_38,,2075,1.0
both_axes_post_2050_TREND,IN,NO_VEHICLE_RULE_38,,2075,1.0
both_axes_post_2050_TREND,KS,NO_VEHICLE_RULE_38,,2075,1.0
both_axes_post_2050_TREND,KY,NO_VEHICLE_RULE_38,,2075,1.0
both_axes_post_2050_TREND,LA,NO_VEHICLE_RULE_38,,2075,1.0
both_axes_post_2050_TREND,MA,FULL_SCHEDULE_10,,2075,1.0
both_axes_post_2050_TREND,MD,FULL_SCHEDULE_10,,2075,1.0
both_axes_post_2050_TREND,ME,NO_VEHICLE_RULE_38,,2075,1.0
both_axes_post_2050_TREND,MI,NO_VEHICLE_RULE_38,,2075,1.0
both_axes_post_2050_TREND,MN,NO_VEHICLE_RULE_38,,2075,1.0
both_axes_post_2050_TREND,MO,NO_VEHICLE_RULE_38,,2075,1.0
both_axes_post_2050_TREND,MS,NO_VEHICLE_RULE_38,,2075,1.0
both_axes_post_2050_TREND,MT,NO_VEHICLE_RULE_38,,2075,1.0
both_axes_post_2050_TREND,NC,NO_VEHICLE_RULE_38,,2075,1.0
both_axes_post_2050_TREND,ND,NO_VEHICLE_RULE_38,,2075,1.0
both_axes_post_2050_TREND,NE,NO_VEHICLE_RULE_38,,2075,1.0
both_axes_post_2050_TREND,NH,NO_VEHICLE_RULE_38,,2075,1.0
both_axes_post_2050_TREND,NJ,FULL_SCHEDULE_10,,2075,1.0
both_axes_post_2050_TREND,NM,CAPPED_82_MY2032_3,2060,2044,0.5240253711061629
both_axes_post_2050_TREND,NV,NO_VEHICLE_RULE_38,,2075,1.0
both_axes_post_2050_TREND,NY,FULL_SCHEDULE_10,2036,2036,0.00016086019091205884
both_axes_post_2050_TREND,OH,NO_VEHICLE_RULE_38,,2075,1.0
both_axes_post_2050_TREND,OK,NO_VEHICLE_RULE_38,,2075,1.0
both_axes_post_2050_TREND,OR,FULL_SCHEDULE_10,2039,2039,0.00013491815491152912
both_axes_post_2050_TREND,PA,NO_VEHICLE_RULE_38,,2075,1.0
both_axes_post_2050_TREND,RI,FULL_SCHEDULE_10,2035,2032,0.00019250638036061115
both_axes_post_2050_TREND,SC,NO_VEHICLE_RULE_38,,2075,1.0
both_axes_post_2050_TREND,SD,NO_VEHICLE_RULE_38,,2075,1.0
both_axes_post_2050_TREND,TN,NO_VEHICLE_RULE_38,,2075,1.0
both_axes_post_2050_TREND,TX,NO_VEHICLE_RULE_38,,2075,1.0
both_axes_post_2050_TREND,UT,NO_VEHICLE_RULE_38,,2075,1.0
both_axes_post_2050_TREND,VA,NO_VEHICLE_RULE_38,,2075,1.0
both_axes_post_2050_TREND,VT,FULL_SCHEDULE_10,2034,2034,0.00020835340938317145
both_axes_post_2050_TREND,WA,FULL_SCHEDULE_10,2041,2041,0.00014609434138698667
both_axes_post_2050_TREND,WI,NO_VEHICLE_RULE_38,,2075,1.0
both_axes_post_2050_TREND,WV,NO_VEHICLE_RULE_38,,2075,1.0
both_axes_post_2050_TREND,WY,NO_VEHICLE_RULE_38,,2075,1.0
both_axes_post_2050_FROZEN,AK,NO_VEHICLE_RULE_38,,2075,1.0
both_axes_post_2050_FROZEN,AL,NO_VEHICLE_RULE_38,,2075,1.0
both_axes_post_2050_FROZEN,AR,NO_VEHICLE_RULE_38,,2075,1.0
both_axes_post_2050_FROZEN,AZ,NO_VEHICLE_RULE_38,,2075,1.0
both_axes_post_2050_FROZEN,CA,FULL_SCHEDULE_10,2038,2034,0.00016835862317191112
both_axes_post_2050_FROZEN,CO,CAPPED_82_MY2032_3,2060,2049,0.35595938443968245
both_axes_post_2050_FROZEN,CT,NO_VEHICLE_RULE_38,,2075,1.0
both_axes_post_2050_FROZEN,DC,FULL_SCHEDULE_10,2035,2031,0.0002004698156133552
both_axes_post_2050_FROZEN,DE,CAPPED_82_MY2032_3,,2075,1.0
both_axes_post_2050_FROZEN,FL,NO_VEHICLE_RULE_38,,2075,1.0
both_axes_post_2050_FROZEN,GA,NO_VEHICLE_RULE_38,,2075,1.0
both_axes_post_2050_FROZEN,HI,NO_VEHICLE_RULE_38,,2075,1.0
both_axes_post_2050_FROZEN,IA,NO_VEHICLE_RULE_38,,2075,1.0
both_axes_post_2050_FROZEN,ID,NO_VEHICLE_RULE_38,,2075,1.0
both_axes_post_2050_FROZEN,IL,NO_VEHICLE_RULE_38,,2075,1.0
both_axes_post_2050_FROZEN,IN,NO_VEHICLE_RULE_38,,2075,1.0
both_axes_post_2050_FROZEN,KS,NO_VEHICLE_RULE_38,,2075,1.0
both_axes_post_2050_FROZEN,KY,NO_VEHICLE_RULE_38,,2075,1.0
both_axes_post_2050_FROZEN,LA,NO_VEHICLE_RULE_38,,2075,1.0
both_axes_post_2050_FROZEN,MA,FULL_SCHEDULE_10,,2075,1.0
both_axes_post_2050_FROZEN,MD,FULL_SCHEDULE_10,,2075,1.0
both_axes_post_2050_FROZEN,ME,NO_VEHICLE_RULE_38,,2075,1.0
both_axes_post_2050_FROZEN,MI,NO_VEHICLE_RULE_38,,2075,1.0
both_axes_post_2050_FROZEN,MN,NO_VEHICLE_RULE_38,,2075,1.0
both_axes_post_2050_FROZEN,MO,NO_VEHICLE_RULE_38,,2075,1.0
both_axes_post_2050_FROZEN,MS,NO_VEHICLE_RULE_38,,2075,1.0
both_axes_post_2050_FROZEN,MT,NO_VEHICLE_RULE_38,,2075,1.0
both_axes_post_2050_FROZEN,NC,NO_VEHICLE_RULE_38,,2075,1.0
both_axes_post_2050_FROZEN,ND,NO_VEHICLE_RULE_38,,2075,1.0
both_axes_post_2050_FROZEN,NE,NO_VEHICLE_RULE_38,,2075,1.0
both_axes_post_2050_FROZEN,NH,NO_VEHICLE_RULE_38,,2075,1.0
both_axes_post_2050_FROZEN,NJ,FULL_SCHEDULE_10,,2075,1.0
both_axes_post_2050_FROZEN,NM,CAPPED_82_MY2032_3,2060,2044,0.5240253711061629
both_axes_post_2050_FROZEN,NV,NO_VEHICLE_RULE_38,,2075,1.0
both_axes_post_2050_FROZEN,NY,FULL_SCHEDULE_10,2036,2036,0.00016086019091205884
both_axes_post_2050_FROZEN,OH,NO_VEHICLE_RULE_38,,2075,1.0
both_axes_post_2050_FROZEN,OK,NO_VEHICLE_RULE_38,,2075,1.0
both_axes_post_2050_FROZEN,OR,FULL_SCHEDULE_10,2039,2039,0.00013491815491152912
both_axes_post_2050_FROZEN,PA,NO_VEHICLE_RULE_38,,2075,1.0
both_axes_post_2050_FROZEN,RI,FULL_SCHEDULE_10,2035,2032,0.00019250638036061115
both_axes_post_2050_FROZEN,SC,NO_VEHICLE_RULE_38,,2075,1.0
both_axes_post_2050_FROZEN,SD,NO_VEHICLE_RULE_38,,2075,1.0
both_axes_post_2050_FROZEN,TN,NO_VEHICLE_RULE_38,,2075,1.0
both_axes_post_2050_FROZEN,TX,NO_VEHICLE_RULE_38,,2075,1.0
both_axes_post_2050_FROZEN,UT,NO_VEHICLE_RULE_38,,2075,1.0
both_axes_post_2050_FROZEN,VA,NO_VEHICLE_RULE_38,,2075,1.0
both_axes_post_2050_FROZEN,VT,FULL_SCHEDULE_10,2034,2034,0.00020835340938317145
both_axes_post_2050_FROZEN,WA,FULL_SCHEDULE_10,2041,2041,0.00014609434138698667
both_axes_post_2050_FROZEN,WI,NO_VEHICLE_RULE_38,,2075,1.0
both_axes_post_2050_FROZEN,WV,NO_VEHICLE_RULE_38,,2075,1.0
both_axes_post_2050_FROZEN,WY,NO_VEHICLE_RULE_38,,2075,1.0
retirement_TWELVE_YEAR_WHOLE_COHORT_STEP,AK,NO_VEHICLE_RULE_38,,2075,1.0
retirement_TWELVE_YEAR_WHOLE_COHORT_STEP,AL,NO_VEHICLE_RULE_38,,2075,1.0
retirement_TWELVE_YEAR_WHOLE_COHORT_STEP,AR,NO_VEHICLE_RULE_38,,2075,1.0
retirement_TWELVE_YEAR_WHOLE_COHORT_STEP,AZ,NO_VEHICLE_RULE_38,,2075,1.0
retirement_TWELVE_YEAR_WHOLE_COHORT_STEP,CA,FULL_SCHEDULE_10,2036,2034,0.0
retirement_TWELVE_YEAR_WHOLE_COHORT_STEP,CO,CAPPED_82_MY2032_3,2059,2049,0.2560297526840148
retirement_TWELVE_YEAR_WHOLE_COHORT_STEP,CT,NO_VEHICLE_RULE_38,,2075,1.0
retirement_TWELVE_YEAR_WHOLE_COHORT_STEP,DC,FULL_SCHEDULE_10,2036,2036,0.0
retirement_TWELVE_YEAR_WHOLE_COHORT_STEP,DE,CAPPED_82_MY2032_3,,2074,0.9995443442150176
retirement_TWELVE_YEAR_WHOLE_COHORT_STEP,FL,NO_VEHICLE_RULE_38,,2075,1.0
retirement_TWELVE_YEAR_WHOLE_COHORT_STEP,GA,NO_VEHICLE_RULE_38,,2075,1.0
retirement_TWELVE_YEAR_WHOLE_COHORT_STEP,HI,NO_VEHICLE_RULE_38,,2075,1.0
retirement_TWELVE_YEAR_WHOLE_COHORT_STEP,IA,NO_VEHICLE_RULE_38,,2075,1.0
retirement_TWELVE_YEAR_WHOLE_COHORT_STEP,ID,NO_VEHICLE_RULE_38,,2075,1.0
retirement_TWELVE_YEAR_WHOLE_COHORT_STEP,IL,NO_VEHICLE_RULE_38,,2075,1.0
retirement_TWELVE_YEAR_WHOLE_COHORT_STEP,IN,NO_VEHICLE_RULE_38,,2075,1.0
retirement_TWELVE_YEAR_WHOLE_COHORT_STEP,KS,NO_VEHICLE_RULE_38,,2075,1.0
retirement_TWELVE_YEAR_WHOLE_COHORT_STEP,KY,NO_VEHICLE_RULE_38,,2075,1.0
retirement_TWELVE_YEAR_WHOLE_COHORT_STEP,LA,NO_VEHICLE_RULE_38,,2075,1.0
retirement_TWELVE_YEAR_WHOLE_COHORT_STEP,MA,FULL_SCHEDULE_10,,2075,1.0
retirement_TWELVE_YEAR_WHOLE_COHORT_STEP,MD,FULL_SCHEDULE_10,,2075,1.0
retirement_TWELVE_YEAR_WHOLE_COHORT_STEP,ME,NO_VEHICLE_RULE_38,,2075,1.0
retirement_TWELVE_YEAR_WHOLE_COHORT_STEP,MI,NO_VEHICLE_RULE_38,,2075,1.0
retirement_TWELVE_YEAR_WHOLE_COHORT_STEP,MN,NO_VEHICLE_RULE_38,,2075,1.0
retirement_TWELVE_YEAR_WHOLE_COHORT_STEP,MO,NO_VEHICLE_RULE_38,,2075,1.0
retirement_TWELVE_YEAR_WHOLE_COHORT_STEP,MS,NO_VEHICLE_RULE_38,,2075,1.0
retirement_TWELVE_YEAR_WHOLE_COHORT_STEP,MT,NO_VEHICLE_RULE_38,,2075,1.0
retirement_TWELVE_YEAR_WHOLE_COHORT_STEP,NC,NO_VEHICLE_RULE_38,,2075,1.0
retirement_TWELVE_YEAR_WHOLE_COHORT_STEP,ND,NO_VEHICLE_RULE_38,,2075,1.0
retirement_TWELVE_YEAR_WHOLE_COHORT_STEP,NE,NO_VEHICLE_RULE_38,,2075,1.0
retirement_TWELVE_YEAR_WHOLE_COHORT_STEP,NH,NO_VEHICLE_RULE_38,,2075,1.0
retirement_TWELVE_YEAR_WHOLE_COHORT_STEP,NJ,FULL_SCHEDULE_10,,2075,1.0
retirement_TWELVE_YEAR_WHOLE_COHORT_STEP,NM,CAPPED_82_MY2032_3,2059,2044,0.42919537868110696
retirement_TWELVE_YEAR_WHOLE_COHORT_STEP,NV,NO_VEHICLE_RULE_38,,2075,1.0
retirement_TWELVE_YEAR_WHOLE_COHORT_STEP,NY,FULL_SCHEDULE_10,2036,2036,0.0
retirement_TWELVE_YEAR_WHOLE_COHORT_STEP,OH,NO_VEHICLE_RULE_38,,2075,1.0
retirement_TWELVE_YEAR_WHOLE_COHORT_STEP,OK,NO_VEHICLE_RULE_38,,2075,1.0
retirement_TWELVE_YEAR_WHOLE_COHORT_STEP,OR,FULL_SCHEDULE_10,2037,2037,0.0
retirement_TWELVE_YEAR_WHOLE_COHORT_STEP,PA,NO_VEHICLE_RULE_38,,2075,1.0
retirement_TWELVE_YEAR_WHOLE_COHORT_STEP,RI,FULL_SCHEDULE_10,2036,2036,0.0
retirement_TWELVE_YEAR_WHOLE_COHORT_STEP,SC,NO_VEHICLE_RULE_38,,2075,1.0
retirement_TWELVE_YEAR_WHOLE_COHORT_STEP,SD,NO_VEHICLE_RULE_38,,2075,1.0
retirement_TWELVE_YEAR_WHOLE_COHORT_STEP,TN,NO_VEHICLE_RULE_38,,2075,1.0
retirement_TWELVE_YEAR_WHOLE_COHORT_STEP,TX,NO_VEHICLE_RULE_38,,2075,1.0
retirement_TWELVE_YEAR_WHOLE_COHORT_STEP,UT,NO_VEHICLE_RULE_38,,2075,1.0
retirement_TWELVE_YEAR_WHOLE_COHORT_STEP,VA,NO_VEHICLE_RULE_38,,2075,1.0
retirement_TWELVE_YEAR_WHOLE_COHORT_STEP,VT,FULL_SCHEDULE_10,2036,2036,0.0
retirement_TWELVE_YEAR_WHOLE_COHORT_STEP,WA,FULL_SCHEDULE_10,2044,2037,0.0
retirement_TWELVE_YEAR_WHOLE_COHORT_STEP,WI,NO_VEHICLE_RULE_38,,2075,1.0
retirement_TWELVE_YEAR_WHOLE_COHORT_STEP,WV,NO_VEHICLE_RULE_38,,2075,1.0
retirement_TWELVE_YEAR_WHOLE_COHORT_STEP,WY,NO_VEHICLE_RULE_38,,2075,1.0
survival_shape_MOVES5_LIGHT_DUTY_TRUCK,AK,NO_VEHICLE_RULE_38,,2075,1.0
survival_shape_MOVES5_LIGHT_DUTY_TRUCK,AL,NO_VEHICLE_RULE_38,,2075,1.0
survival_shape_MOVES5_LIGHT_DUTY_TRUCK,AR,NO_VEHICLE_RULE_38,,2075,1.0
survival_shape_MOVES5_LIGHT_DUTY_TRUCK,AZ,NO_VEHICLE_RULE_38,,2075,1.0
survival_shape_MOVES5_LIGHT_DUTY_TRUCK,CA,FULL_SCHEDULE_10,2037,2034,0.015363715758053701
survival_shape_MOVES5_LIGHT_DUTY_TRUCK,CO,CAPPED_82_MY2032_3,2061,2049,0.4182505171347236
survival_shape_MOVES5_LIGHT_DUTY_TRUCK,CT,NO_VEHICLE_RULE_38,,2075,1.0
survival_shape_MOVES5_LIGHT_DUTY_TRUCK,DC,FULL_SCHEDULE_10,2034,2031,0.018321217506320528
survival_shape_MOVES5_LIGHT_DUTY_TRUCK,DE,CAPPED_82_MY2032_3,,2075,1.0
survival_shape_MOVES5_LIGHT_DUTY_TRUCK,FL,NO_VEHICLE_RULE_38,,2075,1.0
survival_shape_MOVES5_LIGHT_DUTY_TRUCK,GA,NO_VEHICLE_RULE_38,,2075,1.0
survival_shape_MOVES5_LIGHT_DUTY_TRUCK,HI,NO_VEHICLE_RULE_38,,2075,1.0
survival_shape_MOVES5_LIGHT_DUTY_TRUCK,IA,NO_VEHICLE_RULE_38,,2075,1.0
survival_shape_MOVES5_LIGHT_DUTY_TRUCK,ID,NO_VEHICLE_RULE_38,,2075,1.0
survival_shape_MOVES5_LIGHT_DUTY_TRUCK,IL,NO_VEHICLE_RULE_38,,2075,1.0
survival_shape_MOVES5_LIGHT_DUTY_TRUCK,IN,NO_VEHICLE_RULE_38,,2075,1.0
survival_shape_MOVES5_LIGHT_DUTY_TRUCK,KS,NO_VEHICLE_RULE_38,,2075,1.0
survival_shape_MOVES5_LIGHT_DUTY_TRUCK,KY,NO_VEHICLE_RULE_38,,2075,1.0
survival_shape_MOVES5_LIGHT_DUTY_TRUCK,LA,NO_VEHICLE_RULE_38,,2075,1.0
survival_shape_MOVES5_LIGHT_DUTY_TRUCK,MA,FULL_SCHEDULE_10,,2075,1.0
survival_shape_MOVES5_LIGHT_DUTY_TRUCK,MD,FULL_SCHEDULE_10,,2075,1.0
survival_shape_MOVES5_LIGHT_DUTY_TRUCK,ME,NO_VEHICLE_RULE_38,,2075,1.0
survival_shape_MOVES5_LIGHT_DUTY_TRUCK,MI,NO_VEHICLE_RULE_38,,2075,1.0
survival_shape_MOVES5_LIGHT_DUTY_TRUCK,MN,NO_VEHICLE_RULE_38,,2075,1.0
survival_shape_MOVES5_LIGHT_DUTY_TRUCK,MO,NO_VEHICLE_RULE_38,,2075,1.0
survival_shape_MOVES5_LIGHT_DUTY_TRUCK,MS,NO_VEHICLE_RULE_38,,2075,1.0
survival_shape_MOVES5_LIGHT_DUTY_TRUCK,MT,NO_VEHICLE_RULE_38,,2075,1.0
survival_shape_MOVES5_LIGHT_DUTY_TRUCK,NC,NO_VEHICLE_RULE_38,,2075,1.0
survival_shape_MOVES5_LIGHT_DUTY_TRUCK,ND,NO_VEHICLE_RULE_38,,2075,1.0
survival_shape_MOVES5_LIGHT_DUTY_TRUCK,NE,NO_VEHICLE_RULE_38,,2075,1.0
survival_shape_MOVES5_LIGHT_DUTY_TRUCK,NH,NO_VEHICLE_RULE_38,,2075,1.0
survival_shape_MOVES5_LIGHT_DUTY_TRUCK,NJ,FULL_SCHEDULE_10,,2075,1.0
survival_shape_MOVES5_LIGHT_DUTY_TRUCK,NM,CAPPED_82_MY2032_3,2061,2044,0.6259172432930026
survival_shape_MOVES5_LIGHT_DUTY_TRUCK,NV,NO_VEHICLE_RULE_38,,2075,1.0
survival_shape_MOVES5_LIGHT_DUTY_TRUCK,NY,FULL_SCHEDULE_10,2035,2035,0.014874295132690878
survival_shape_MOVES5_LIGHT_DUTY_TRUCK,OH,NO_VEHICLE_RULE_38,,2075,1.0
survival_shape_MOVES5_LIGHT_DUTY_TRUCK,OK,NO_VEHICLE_RULE_38,,2075,1.0
survival_shape_MOVES5_LIGHT_DUTY_TRUCK,OR,FULL_SCHEDULE_10,2039,2039,0.012597712621042085
survival_shape_MOVES5_LIGHT_DUTY_TRUCK,PA,NO_VEHICLE_RULE_38,,2075,1.0
survival_shape_MOVES5_LIGHT_DUTY_TRUCK,RI,FULL_SCHEDULE_10,2034,2032,0.017719952985000387
survival_shape_MOVES5_LIGHT_DUTY_TRUCK,SC,NO_VEHICLE_RULE_38,,2075,1.0
survival_shape_MOVES5_LIGHT_DUTY_TRUCK,SD,NO_VEHICLE_RULE_38,,2075,1.0
survival_shape_MOVES5_LIGHT_DUTY_TRUCK,TN,NO_VEHICLE_RULE_38,,2075,1.0
survival_shape_MOVES5_LIGHT_DUTY_TRUCK,TX,NO_VEHICLE_RULE_38,,2075,1.0
survival_shape_MOVES5_LIGHT_DUTY_TRUCK,UT,NO_VEHICLE_RULE_38,,2075,1.0
survival_shape_MOVES5_LIGHT_DUTY_TRUCK,VA,NO_VEHICLE_RULE_38,,2075,1.0
survival_shape_MOVES5_LIGHT_DUTY_TRUCK,VT,FULL_SCHEDULE_10,2034,2034,0.019129192164302353
survival_shape_MOVES5_LIGHT_DUTY_TRUCK,WA,FULL_SCHEDULE_10,2044,2044,0.01256505997660858
survival_shape_MOVES5_LIGHT_DUTY_TRUCK,WI,NO_VEHICLE_RULE_38,,2075,1.0
survival_shape_MOVES5_LIGHT_DUTY_TRUCK,WV,NO_VEHICLE_RULE_38,,2075,1.0
survival_shape_MOVES5_LIGHT_DUTY_TRUCK,WY,NO_VEHICLE_RULE_38,,2075,1.0
survival_shape_NHTSA_2006_SHORT_LIFE,AK,NO_VEHICLE_RULE_38,,2075,1.0
survival_shape_NHTSA_2006_SHORT_LIFE,AL,NO_VEHICLE_RULE_38,,2075,1.0
survival_shape_NHTSA_2006_SHORT_LIFE,AR,NO_VEHICLE_RULE_38,,2075,1.0
survival_shape_NHTSA_2006_SHORT_LIFE,AZ,NO_VEHICLE_RULE_38,,2075,1.0
survival_shape_NHTSA_2006_SHORT_LIFE,CA,FULL_SCHEDULE_10,2037,2034,0.00021029652428172194
survival_shape_NHTSA_2006_SHORT_LIFE,CO,CAPPED_82_MY2032_3,2060,2049,0.3291067077800898
survival_shape_NHTSA_2006_SHORT_LIFE,CT,NO_VEHICLE_RULE_38,,2075,1.0
survival_shape_NHTSA_2006_SHORT_LIFE,DC,FULL_SCHEDULE_10,2034,2031,0.00024613735185755736
survival_shape_NHTSA_2006_SHORT_LIFE,DE,CAPPED_82_MY2032_3,,2075,1.0
survival_shape_NHTSA_2006_SHORT_LIFE,FL,NO_VEHICLE_RULE_38,,2075,1.0
survival_shape_NHTSA_2006_SHORT_LIFE,GA,NO_VEHICLE_RULE_38,,2075,1.0
survival_shape_NHTSA_2006_SHORT_LIFE,HI,NO_VEHICLE_RULE_38,,2075,1.0
survival_shape_NHTSA_2006_SHORT_LIFE,IA,NO_VEHICLE_RULE_38,,2075,1.0
survival_shape_NHTSA_2006_SHORT_LIFE,ID,NO_VEHICLE_RULE_38,,2075,1.0
survival_shape_NHTSA_2006_SHORT_LIFE,IL,NO_VEHICLE_RULE_38,,2075,1.0
survival_shape_NHTSA_2006_SHORT_LIFE,IN,NO_VEHICLE_RULE_38,,2075,1.0
survival_shape_NHTSA_2006_SHORT_LIFE,KS,NO_VEHICLE_RULE_38,,2075,1.0
survival_shape_NHTSA_2006_SHORT_LIFE,KY,NO_VEHICLE_RULE_38,,2075,1.0
survival_shape_NHTSA_2006_SHORT_LIFE,LA,NO_VEHICLE_RULE_38,,2075,1.0
survival_shape_NHTSA_2006_SHORT_LIFE,MA,FULL_SCHEDULE_10,,2075,1.0
survival_shape_NHTSA_2006_SHORT_LIFE,MD,FULL_SCHEDULE_10,,2075,1.0
survival_shape_NHTSA_2006_SHORT_LIFE,ME,NO_VEHICLE_RULE_38,,2075,1.0
survival_shape_NHTSA_2006_SHORT_LIFE,MI,NO_VEHICLE_RULE_38,,2075,1.0
survival_shape_NHTSA_2006_SHORT_LIFE,MN,NO_VEHICLE_RULE_38,,2075,1.0
survival_shape_NHTSA_2006_SHORT_LIFE,MO,NO_VEHICLE_RULE_38,,2075,1.0
survival_shape_NHTSA_2006_SHORT_LIFE,MS,NO_VEHICLE_RULE_38,,2075,1.0
survival_shape_NHTSA_2006_SHORT_LIFE,MT,NO_VEHICLE_RULE_38,,2075,1.0
survival_shape_NHTSA_2006_SHORT_LIFE,NC,NO_VEHICLE_RULE_38,,2075,1.0
survival_shape_NHTSA_2006_SHORT_LIFE,ND,NO_VEHICLE_RULE_38,,2075,1.0
survival_shape_NHTSA_2006_SHORT_LIFE,NE,NO_VEHICLE_RULE_38,,2075,1.0
survival_shape_NHTSA_2006_SHORT_LIFE,NH,NO_VEHICLE_RULE_38,,2075,1.0
survival_shape_NHTSA_2006_SHORT_LIFE,NJ,FULL_SCHEDULE_10,,2075,1.0
survival_shape_NHTSA_2006_SHORT_LIFE,NM,CAPPED_82_MY2032_3,2060,2044,0.5028287640246398
survival_shape_NHTSA_2006_SHORT_LIFE,NV,NO_VEHICLE_RULE_38,,2075,1.0
survival_shape_NHTSA_2006_SHORT_LIFE,NY,FULL_SCHEDULE_10,2035,2035,0.00020309282947500774
survival_shape_NHTSA_2006_SHORT_LIFE,OH,NO_VEHICLE_RULE_38,,2075,1.0
survival_shape_NHTSA_2006_SHORT_LIFE,OK,NO_VEHICLE_RULE_38,,2075,1.0
survival_shape_NHTSA_2006_SHORT_LIFE,OR,FULL_SCHEDULE_10,2039,2039,0.00017478666601690796
survival_shape_NHTSA_2006_SHORT_LIFE,PA,NO_VEHICLE_RULE_38,,2075,1.0
survival_shape_NHTSA_2006_SHORT_LIFE,RI,FULL_SCHEDULE_10,2034,2032,0.00023897156405213224
survival_shape_NHTSA_2006_SHORT_LIFE,SC,NO_VEHICLE_RULE_38,,2075,1.0
survival_shape_NHTSA_2006_SHORT_LIFE,SD,NO_VEHICLE_RULE_38,,2075,1.0
survival_shape_NHTSA_2006_SHORT_LIFE,TN,NO_VEHICLE_RULE_38,,2075,1.0
survival_shape_NHTSA_2006_SHORT_LIFE,TX,NO_VEHICLE_RULE_38,,2075,1.0
survival_shape_NHTSA_2006_SHORT_LIFE,UT,NO_VEHICLE_RULE_38,,2075,1.0
survival_shape_NHTSA_2006_SHORT_LIFE,VA,NO_VEHICLE_RULE_38,,2075,1.0
survival_shape_NHTSA_2006_SHORT_LIFE,VT,FULL_SCHEDULE_10,2034,2034,0.0002632990679018296
survival_shape_NHTSA_2006_SHORT_LIFE,WA,FULL_SCHEDULE_10,2040,2040,0.0001948741729990155
survival_shape_NHTSA_2006_SHORT_LIFE,WI,NO_VEHICLE_RULE_38,,2075,1.0
survival_shape_NHTSA_2006_SHORT_LIFE,WV,NO_VEHICLE_RULE_38,,2075,1.0
survival_shape_NHTSA_2006_SHORT_LIFE,WY,NO_VEHICLE_RULE_38,,2075,1.0
survival_shape_AGE27_LITERAL_PRINTED_0_567,AK,NO_VEHICLE_RULE_38,,2075,1.0
survival_shape_AGE27_LITERAL_PRINTED_0_567,AL,NO_VEHICLE_RULE_38,,2075,1.0
survival_shape_AGE27_LITERAL_PRINTED_0_567,AR,NO_VEHICLE_RULE_38,,2075,1.0
survival_shape_AGE27_LITERAL_PRINTED_0_567,AZ,NO_VEHICLE_RULE_38,,2075,1.0
survival_shape_AGE27_LITERAL_PRINTED_0_567,CA,FULL_SCHEDULE_10,2038,2034,0.00012677203099398883
survival_shape_AGE27_LITERAL_PRINTED_0_567,CO,CAPPED_82_MY2032_3,2060,2049,0.35529880273593023
survival_shape_AGE27_LITERAL_PRINTED_0_567,CT,NO_VEHICLE_RULE_38,,2075,1.0
survival_shape_AGE27_LITERAL_PRINTED_0_567,DC,FULL_SCHEDULE_10,2035,2031,0.00015095137510328337
survival_shape_AGE27_LITERAL_PRINTED_0_567,DE,CAPPED_82_MY2032_3,,2075,1.0
survival_shape_AGE27_LITERAL_PRINTED_0_567,FL,NO_VEHICLE_RULE_38,,2075,1.0
survival_shape_AGE27_LITERAL_PRINTED_0_567,GA,NO_VEHICLE_RULE_38,,2075,1.0
survival_shape_AGE27_LITERAL_PRINTED_0_567,HI,NO_VEHICLE_RULE_38,,2075,1.0
survival_shape_AGE27_LITERAL_PRINTED_0_567,IA,NO_VEHICLE_RULE_38,,2075,1.0
survival_shape_AGE27_LITERAL_PRINTED_0_567,ID,NO_VEHICLE_RULE_38,,2075,1.0
survival_shape_AGE27_LITERAL_PRINTED_0_567,IL,NO_VEHICLE_RULE_38,,2075,1.0
survival_shape_AGE27_LITERAL_PRINTED_0_567,IN,NO_VEHICLE_RULE_38,,2075,1.0
survival_shape_AGE27_LITERAL_PRINTED_0_567,KS,NO_VEHICLE_RULE_38,,2075,1.0
survival_shape_AGE27_LITERAL_PRINTED_0_567,KY,NO_VEHICLE_RULE_38,,2075,1.0
survival_shape_AGE27_LITERAL_PRINTED_0_567,LA,NO_VEHICLE_RULE_38,,2075,1.0
survival_shape_AGE27_LITERAL_PRINTED_0_567,MA,FULL_SCHEDULE_10,,2075,1.0
survival_shape_AGE27_LITERAL_PRINTED_0_567,MD,FULL_SCHEDULE_10,,2075,1.0
survival_shape_AGE27_LITERAL_PRINTED_0_567,ME,NO_VEHICLE_RULE_38,,2075,1.0
survival_shape_AGE27_LITERAL_PRINTED_0_567,MI,NO_VEHICLE_RULE_38,,2075,1.0
survival_shape_AGE27_LITERAL_PRINTED_0_567,MN,NO_VEHICLE_RULE_38,,2075,1.0
survival_shape_AGE27_LITERAL_PRINTED_0_567,MO,NO_VEHICLE_RULE_38,,2075,1.0
survival_shape_AGE27_LITERAL_PRINTED_0_567,MS,NO_VEHICLE_RULE_38,,2075,1.0
survival_shape_AGE27_LITERAL_PRINTED_0_567,MT,NO_VEHICLE_RULE_38,,2075,1.0
survival_shape_AGE27_LITERAL_PRINTED_0_567,NC,NO_VEHICLE_RULE_38,,2075,1.0
survival_shape_AGE27_LITERAL_PRINTED_0_567,ND,NO_VEHICLE_RULE_38,,2075,1.0
survival_shape_AGE27_LITERAL_PRINTED_0_567,NE,NO_VEHICLE_RULE_38,,2075,1.0
survival_shape_AGE27_LITERAL_PRINTED_0_567,NH,NO_VEHICLE_RULE_38,,2075,1.0
survival_shape_AGE27_LITERAL_PRINTED_0_567,NJ,FULL_SCHEDULE_10,,2075,1.0
survival_shape_AGE27_LITERAL_PRINTED_0_567,NM,CAPPED_82_MY2032_3,2060,2044,0.5230528575369686
survival_shape_AGE27_LITERAL_PRINTED_0_567,NV,NO_VEHICLE_RULE_38,,2075,1.0
survival_shape_AGE27_LITERAL_PRINTED_0_567,NY,FULL_SCHEDULE_10,2036,2036,0.00012112580112501637
survival_shape_AGE27_LITERAL_PRINTED_0_567,OH,NO_VEHICLE_RULE_38,,2075,1.0
survival_shape_AGE27_LITERAL_PRINTED_0_567,OK,NO_VEHICLE_RULE_38,,2075,1.0
survival_shape_AGE27_LITERAL_PRINTED_0_567,OR,FULL_SCHEDULE_10,2039,2039,0.00010159175808079284
survival_shape_AGE27_LITERAL_PRINTED_0_567,PA,NO_VEHICLE_RULE_38,,2075,1.0
survival_shape_AGE27_LITERAL_PRINTED_0_567,RI,FULL_SCHEDULE_10,2035,2032,0.00014495500353846815
survival_shape_AGE27_LITERAL_PRINTED_0_567,SC,NO_VEHICLE_RULE_38,,2075,1.0
survival_shape_AGE27_LITERAL_PRINTED_0_567,SD,NO_VEHICLE_RULE_38,,2075,1.0
survival_shape_AGE27_LITERAL_PRINTED_0_567,TN,NO_VEHICLE_RULE_38,,2075,1.0
survival_shape_AGE27_LITERAL_PRINTED_0_567,TX,NO_VEHICLE_RULE_38,,2075,1.0
survival_shape_AGE27_LITERAL_PRINTED_0_567,UT,NO_VEHICLE_RULE_38,,2075,1.0
survival_shape_AGE27_LITERAL_PRINTED_0_567,VA,NO_VEHICLE_RULE_38,,2075,1.0
survival_shape_AGE27_LITERAL_PRINTED_0_567,VT,FULL_SCHEDULE_10,2034,2034,0.0001568876269857347
survival_shape_AGE27_LITERAL_PRINTED_0_567,WA,FULL_SCHEDULE_10,2041,2041,0.00011000729291689429
survival_shape_AGE27_LITERAL_PRINTED_0_567,WI,NO_VEHICLE_RULE_38,,2075,1.0
survival_shape_AGE27_LITERAL_PRINTED_0_567,WV,NO_VEHICLE_RULE_38,,2075,1.0
survival_shape_AGE27_LITERAL_PRINTED_0_567,WY,NO_VEHICLE_RULE_38,,2075,1.0
fuel_to_dc_HIGH_0_2744,AK,NO_VEHICLE_RULE_38,,2075,1.0
fuel_to_dc_HIGH_0_2744,AL,NO_VEHICLE_RULE_38,,2075,1.0
fuel_to_dc_HIGH_0_2744,AR,NO_VEHICLE_RULE_38,,2075,1.0
fuel_to_dc_HIGH_0_2744,AZ,NO_VEHICLE_RULE_38,,2075,1.0
fuel_to_dc_HIGH_0_2744,CA,FULL_SCHEDULE_10,2039,2034,0.00015881378125392448
fuel_to_dc_HIGH_0_2744,CO,CAPPED_82_MY2032_3,2060,2049,0.3094380978237783
fuel_to_dc_HIGH_0_2744,CT,NO_VEHICLE_RULE_38,,2075,1.0
fuel_to_dc_HIGH_0_2744,DC,FULL_SCHEDULE_10,2035,2031,0.00019137172800928485
fuel_to_dc_HIGH_0_2744,DE,CAPPED_82_MY2032_3,,2075,1.0
fuel_to_dc_HIGH_0_2744,FL,NO_VEHICLE_RULE_38,,2075,1.0
fuel_to_dc_HIGH_0_2744,GA,NO_VEHICLE_RULE_38,,2075,1.0
fuel_to_dc_HIGH_0_2744,HI,NO_VEHICLE_RULE_38,,2075,1.0
fuel_to_dc_HIGH_0_2744,IA,NO_VEHICLE_RULE_38,,2075,1.0
fuel_to_dc_HIGH_0_2744,ID,NO_VEHICLE_RULE_38,,2075,1.0
fuel_to_dc_HIGH_0_2744,IL,NO_VEHICLE_RULE_38,,2075,1.0
fuel_to_dc_HIGH_0_2744,IN,NO_VEHICLE_RULE_38,,2075,1.0
fuel_to_dc_HIGH_0_2744,KS,NO_VEHICLE_RULE_38,,2075,1.0
fuel_to_dc_HIGH_0_2744,KY,NO_VEHICLE_RULE_38,,2075,1.0
fuel_to_dc_HIGH_0_2744,LA,NO_VEHICLE_RULE_38,,2075,1.0
fuel_to_dc_HIGH_0_2744,MA,FULL_SCHEDULE_10,,2075,1.0
fuel_to_dc_HIGH_0_2744,MD,FULL_SCHEDULE_10,,2075,1.0
fuel_to_dc_HIGH_0_2744,ME,NO_VEHICLE_RULE_38,,2075,1.0
fuel_to_dc_HIGH_0_2744,MI,NO_VEHICLE_RULE_38,,2075,1.0
fuel_to_dc_HIGH_0_2744,MN,NO_VEHICLE_RULE_38,,2075,1.0
fuel_to_dc_HIGH_0_2744,MO,NO_VEHICLE_RULE_38,,2075,1.0
fuel_to_dc_HIGH_0_2744,MS,NO_VEHICLE_RULE_38,,2075,1.0
fuel_to_dc_HIGH_0_2744,MT,NO_VEHICLE_RULE_38,,2075,1.0
fuel_to_dc_HIGH_0_2744,NC,NO_VEHICLE_RULE_38,,2075,1.0
fuel_to_dc_HIGH_0_2744,ND,NO_VEHICLE_RULE_38,,2075,1.0
fuel_to_dc_HIGH_0_2744,NE,NO_VEHICLE_RULE_38,,2075,1.0
fuel_to_dc_HIGH_0_2744,NH,NO_VEHICLE_RULE_38,,2075,1.0
fuel_to_dc_HIGH_0_2744,NJ,FULL_SCHEDULE_10,,2075,1.0
fuel_to_dc_HIGH_0_2744,NM,CAPPED_82_MY2032_3,2060,2044,0.47480442459261407
fuel_to_dc_HIGH_0_2744,NV,NO_VEHICLE_RULE_38,,2075,1.0
fuel_to_dc_HIGH_0_2744,NY,FULL_SCHEDULE_10,2036,2036,0.0001502013566020931
fuel_to_dc_HIGH_0_2744,OH,NO_VEHICLE_RULE_38,,2075,1.0
fuel_to_dc_HIGH_0_2744,OK,NO_VEHICLE_RULE_38,,2075,1.0
fuel_to_dc_HIGH_0_2744,OR,FULL_SCHEDULE_10,2039,2039,0.00012062013909409327
fuel_to_dc_HIGH_0_2744,PA,NO_VEHICLE_RULE_38,,2075,1.0
fuel_to_dc_HIGH_0_2744,RI,FULL_SCHEDULE_10,2035,2032,0.00018568382536106952
fuel_to_dc_HIGH_0_2744,SC,NO_VEHICLE_RULE_38,,2075,1.0
fuel_to_dc_HIGH_0_2744,SD,NO_VEHICLE_RULE_38,,2075,1.0
fuel_to_dc_HIGH_0_2744,TN,NO_VEHICLE_RULE_38,,2075,1.0
fuel_to_dc_HIGH_0_2744,TX,NO_VEHICLE_RULE_38,,2075,1.0
fuel_to_dc_HIGH_0_2744,UT,NO_VEHICLE_RULE_38,,2075,1.0
fuel_to_dc_HIGH_0_2744,VA,NO_VEHICLE_RULE_38,,2075,1.0
fuel_to_dc_HIGH_0_2744,VT,FULL_SCHEDULE_10,2034,2034,0.00020810310466700692
fuel_to_dc_HIGH_0_2744,WA,FULL_SCHEDULE_10,2044,2044,0.00012656306490345915
fuel_to_dc_HIGH_0_2744,WI,NO_VEHICLE_RULE_38,,2075,1.0
fuel_to_dc_HIGH_0_2744,WV,NO_VEHICLE_RULE_38,,2075,1.0
fuel_to_dc_HIGH_0_2744,WY,NO_VEHICLE_RULE_38,,2075,1.0
fuel_to_dc_LOW_0_17,AK,NO_VEHICLE_RULE_38,,2075,1.0
fuel_to_dc_LOW_0_17,AL,NO_VEHICLE_RULE_38,,2075,1.0
fuel_to_dc_LOW_0_17,AR,NO_VEHICLE_RULE_38,,2075,1.0
fuel_to_dc_LOW_0_17,AZ,NO_VEHICLE_RULE_38,,2075,1.0
fuel_to_dc_LOW_0_17,CA,FULL_SCHEDULE_10,2038,2034,0.00017488710916795832
fuel_to_dc_LOW_0_17,CO,CAPPED_82_MY2032_3,2060,2049,0.3926223021230472
fuel_to_dc_LOW_0_17,CT,NO_VEHICLE_RULE_38,,2075,1.0
fuel_to_dc_LOW_0_17,DC,FULL_SCHEDULE_10,2035,2035,0.00020276335244927838
fuel_to_dc_LOW_0_17,DE,CAPPED_82_MY2032_3,,2073,0.9973650934932875
fuel_to_dc_LOW_0_17,FL,NO_VEHICLE_RULE_38,,2075,1.0
fuel_to_dc_LOW_0_17,GA,NO_VEHICLE_RULE_38,,2075,1.0
fuel_to_dc_LOW_0_17,HI,NO_VEHICLE_RULE_38,,2075,1.0
fuel_to_dc_LOW_0_17,IA,NO_VEHICLE_RULE_38,,2075,1.0
fuel_to_dc_LOW_0_17,ID,NO_VEHICLE_RULE_38,,2075,1.0
fuel_to_dc_LOW_0_17,IL,NO_VEHICLE_RULE_38,,2075,1.0
fuel_to_dc_LOW_0_17,IN,NO_VEHICLE_RULE_38,,2075,1.0
fuel_to_dc_LOW_0_17,KS,NO_VEHICLE_RULE_38,,2075,1.0
fuel_to_dc_LOW_0_17,KY,NO_VEHICLE_RULE_38,,2075,1.0
fuel_to_dc_LOW_0_17,LA,NO_VEHICLE_RULE_38,,2075,1.0
fuel_to_dc_LOW_0_17,MA,FULL_SCHEDULE_10,,2075,1.0
fuel_to_dc_LOW_0_17,MD,FULL_SCHEDULE_10,,2075,1.0
fuel_to_dc_LOW_0_17,ME,NO_VEHICLE_RULE_38,,2075,1.0
fuel_to_dc_LOW_0_17,MI,NO_VEHICLE_RULE_38,,2075,1.0
fuel_to_dc_LOW_0_17,MN,NO_VEHICLE_RULE_38,,2075,1.0
fuel_to_dc_LOW_0_17,MO,NO_VEHICLE_RULE_38,,2075,1.0
fuel_to_dc_LOW_0_17,MS,NO_VEHICLE_RULE_38,,2075,1.0
fuel_to_dc_LOW_0_17,MT,NO_VEHICLE_RULE_38,,2075,1.0
fuel_to_dc_LOW_0_17,NC,NO_VEHICLE_RULE_38,,2075,1.0
fuel_to_dc_LOW_0_17,ND,NO_VEHICLE_RULE_38,,2075,1.0
fuel_to_dc_LOW_0_17,NE,NO_VEHICLE_RULE_38,,2075,1.0
fuel_to_dc_LOW_0_17,NH,NO_VEHICLE_RULE_38,,2075,1.0
fuel_to_dc_LOW_0_17,NJ,FULL_SCHEDULE_10,,2075,1.0
fuel_to_dc_LOW_0_17,NM,CAPPED_82_MY2032_3,2060,2044,0.560088728893957
fuel_to_dc_LOW_0_17,NV,NO_VEHICLE_RULE_38,,2075,1.0
fuel_to_dc_LOW_0_17,NY,FULL_SCHEDULE_10,2036,2036,0.00016827731516247342
fuel_to_dc_LOW_0_17,OH,NO_VEHICLE_RULE_38,,2075,1.0
fuel_to_dc_LOW_0_17,OK,NO_VEHICLE_RULE_38,,2075,1.0
fuel_to_dc_LOW_0_17,OR,FULL_SCHEDULE_10,2039,2039,0.00014564109841732747
fuel_to_dc_LOW_0_17,PA,NO_VEHICLE_RULE_38,,2075,1.0
fuel_to_dc_LOW_0_17,RI,FULL_SCHEDULE_10,2035,2032,0.0001970022984245364
fuel_to_dc_LOW_0_17,SC,NO_VEHICLE_RULE_38,,2075,1.0
fuel_to_dc_LOW_0_17,SD,NO_VEHICLE_RULE_38,,2075,1.0
fuel_to_dc_LOW_0_17,TN,NO_VEHICLE_RULE_38,,2075,1.0
fuel_to_dc_LOW_0_17,TX,NO_VEHICLE_RULE_38,,2075,1.0
fuel_to_dc_LOW_0_17,UT,NO_VEHICLE_RULE_38,,2075,1.0
fuel_to_dc_LOW_0_17,VA,NO_VEHICLE_RULE_38,,2075,1.0
fuel_to_dc_LOW_0_17,VT,FULL_SCHEDULE_10,2034,2034,0.00020850918152111615
fuel_to_dc_LOW_0_17,WA,FULL_SCHEDULE_10,2040,2040,0.00015771948507611457
fuel_to_dc_LOW_0_17,WI,NO_VEHICLE_RULE_38,,2075,1.0
fuel_to_dc_LOW_0_17,WV,NO_VEHICLE_RULE_38,,2075,1.0
fuel_to_dc_LOW_0_17,WY,NO_VEHICLE_RULE_38,,2075,1.0
