state,state_name,scenario_bundle,capacity_basis,sti_units_per_million_registered_vehicles,grid_bridge_class,grid_tail_rule,method_used,peak_year,peak_direct_co2_metric_tonnes,sustained_nonincrease_onset_year,turning_status,ratio_2075_over_peak,real_capacity_onset_year,registered_automobiles,intersections,estimand_conditional_on,scope_role,scenario_definition,vehicle_group,elec_bridge_class,turning_point_label,vehicle_policy_name,electricity_policy_name,policy_group_name
AK,Alaska,expert_central_v33_candidate_asymptotic_ALTTRNP_equal_size_comparison,EQUAL_SIZE_COMPARISON_1000000_VEHICLES_AT_THE_MEASURED_NATIONAL_RATIO_2988_STI_UNITS_PER_MILLION_VEHICLES,2988.2771371689505,AK_RAILBELT_PUBLISHED_SCENARIO,ASYMPTOTIC,PUBLISHED_MARKET_PROJECTION_REBASED,2075,71604.38633611932,,RIGHT_CENSORED_THROUGH_2075,1.0,,122678.0,487.0,REGISTERED_STATUTORY_SCHEDULE_FLOOR_OVER_PUBLISHED_NO_ADDITIONAL_POLICY_MARKET_PROJECTION_ON_AN_AGE_SPECIFIC_SURVIVAL_WEIGHTED_VEHICLE_STOCK,PRIMARY_50_STATE,ENACTED_STATE_LAW_AS_WRITTEN_OVER_PUBLISHED_NO_ADDITIONAL_POLICY_PROJECTION__ACCII_FEDERAL_WAIVER_DISAPPROVED_PUBL_119_16__NOT_ENFORCEABLE_2026_09_05,NO_VEHICLE_RULE_38,AEO2026_ALTTRNP_STOCK_SHARE_REBASED_COHORT_INVERTED,none by 2075,No state vehicle policy,No clean electricity policy,No state policy
AL,Alabama,expert_central_v33_candidate_asymptotic_ALTTRNP_equal_size_comparison,EQUAL_SIZE_COMPARISON_1000000_VEHICLES_AT_THE_MEASURED_NATIONAL_RATIO_2988_STI_UNITS_PER_MILLION_VEHICLES,2988.2771371689505,CAMBIUM_BA_STATE_PATH,ASYMPTOTIC,PUBLISHED_MARKET_PROJECTION_REBASED,2075,67341.16905174515,,RIGHT_CENSORED_THROUGH_2075,1.0,,1937330.0,3873.0,REGISTERED_STATUTORY_SCHEDULE_FLOOR_OVER_PUBLISHED_NO_ADDITIONAL_POLICY_MARKET_PROJECTION_ON_AN_AGE_SPECIFIC_SURVIVAL_WEIGHTED_VEHICLE_STOCK,PRIMARY_50_STATE,ENACTED_STATE_LAW_AS_WRITTEN_OVER_PUBLISHED_NO_ADDITIONAL_POLICY_PROJECTION__ACCII_FEDERAL_WAIVER_DISAPPROVED_PUBL_119_16__NOT_ENFORCEABLE_2026_09_05,NO_VEHICLE_RULE_38,AEO2026_ALTTRNP_STOCK_SHARE_REBASED_COHORT_INVERTED,none by 2075,No state vehicle policy,No clean electricity policy,No state policy
AR,Arkansas,expert_central_v33_candidate_asymptotic_ALTTRNP_equal_size_comparison,EQUAL_SIZE_COMPARISON_1000000_VEHICLES_AT_THE_MEASURED_NATIONAL_RATIO_2988_STI_UNITS_PER_MILLION_VEHICLES,2988.2771371689505,CAMBIUM_BA_STATE_PATH,ASYMPTOTIC,PUBLISHED_MARKET_PROJECTION_REBASED,2075,65789.01917128825,,RIGHT_CENSORED_THROUGH_2075,1.0,,911769.0,1612.0,REGISTERED_STATUTORY_SCHEDULE_FLOOR_OVER_PUBLISHED_NO_ADDITIONAL_POLICY_MARKET_PROJECTION_ON_AN_AGE_SPECIFIC_SURVIVAL_WEIGHTED_VEHICLE_STOCK,PRIMARY_50_STATE,ENACTED_STATE_LAW_AS_WRITTEN_OVER_PUBLISHED_NO_ADDITIONAL_POLICY_PROJECTION__ACCII_FEDERAL_WAIVER_DISAPPROVED_PUBL_119_16__NOT_ENFORCEABLE_2026_09_05,NO_VEHICLE_RULE_38,AEO2026_ALTTRNP_STOCK_SHARE_REBASED_COHORT_INVERTED,none by 2075,No state vehicle policy,No clean electricity policy,No state policy
AZ,Arizona,expert_central_v33_candidate_asymptotic_ALTTRNP_equal_size_comparison,EQUAL_SIZE_COMPARISON_1000000_VEHICLES_AT_THE_MEASURED_NATIONAL_RATIO_2988_STI_UNITS_PER_MILLION_VEHICLES,2988.2771371689505,CAMBIUM_BA_STATE_PATH,ASYMPTOTIC,PUBLISHED_MARKET_PROJECTION_REBASED,2075,65910.92555773968,,RIGHT_CENSORED_THROUGH_2075,1.0,,2287531.0,5014.0,REGISTERED_STATUTORY_SCHEDULE_FLOOR_OVER_PUBLISHED_NO_ADDITIONAL_POLICY_MARKET_PROJECTION_ON_AN_AGE_SPECIFIC_SURVIVAL_WEIGHTED_VEHICLE_STOCK,PRIMARY_50_STATE,ENACTED_STATE_LAW_AS_WRITTEN_OVER_PUBLISHED_NO_ADDITIONAL_POLICY_PROJECTION__ACCII_FEDERAL_WAIVER_DISAPPROVED_PUBL_119_16__NOT_ENFORCEABLE_2026_09_05,NO_VEHICLE_RULE_38,AEO2026_ALTTRNP_STOCK_SHARE_REBASED_COHORT_INVERTED,none by 2075,No state vehicle policy,No clean electricity policy,No state policy
CA,California,expert_central_v33_candidate_asymptotic_ALTTRNP_equal_size_comparison,EQUAL_SIZE_COMPARISON_1000000_VEHICLES_AT_THE_MEASURED_NATIONAL_RATIO_2988_STI_UNITS_PER_MILLION_VEHICLES,2988.2771371689505,CAMBIUM_BA_STATE_PATH_WITH_REGISTERED_STATUTORY_FLOOR,ASYMPTOTIC,POLICY_SCHEDULE_FLOOR_OVER_MARKET_PROJECTION,2034,2909.413925609384,2038.0,IDENTIFIED,0.00016840618445315453,2038.0,12979522.0,40180.0,REGISTERED_STATUTORY_SCHEDULE_FLOOR_OVER_PUBLISHED_NO_ADDITIONAL_POLICY_MARKET_PROJECTION_ON_AN_AGE_SPECIFIC_SURVIVAL_WEIGHTED_VEHICLE_STOCK,PRIMARY_50_STATE,ENACTED_STATE_LAW_AS_WRITTEN_OVER_PUBLISHED_NO_ADDITIONAL_POLICY_PROJECTION__ACCII_FEDERAL_WAIVER_DISAPPROVED_PUBL_119_16__NOT_ENFORCEABLE_2026_09_05,FULL_SCHEDULE_10,ACCII_FULL_SCHEDULE_MY2035_100PCT,2038,Advanced Clean Cars II policy,100% clean electricity policy,Advanced Clean Cars II policy + 100% clean electricity policy
CO,Colorado,expert_central_v33_candidate_asymptotic_ALTTRNP_equal_size_comparison,EQUAL_SIZE_COMPARISON_1000000_VEHICLES_AT_THE_MEASURED_NATIONAL_RATIO_2988_STI_UNITS_PER_MILLION_VEHICLES,2988.2771371689505,CAMBIUM_BA_STATE_PATH_WITH_REGISTERED_STATUTORY_FLOOR,ASYMPTOTIC,POLICY_SCHEDULE_FLOOR_OVER_MARKET_PROJECTION,2049,8793.052578013785,2060.0,IDENTIFIED,0.35874845205393896,2060.0,1356526.0,6072.0,REGISTERED_STATUTORY_SCHEDULE_FLOOR_OVER_PUBLISHED_NO_ADDITIONAL_POLICY_MARKET_PROJECTION_ON_AN_AGE_SPECIFIC_SURVIVAL_WEIGHTED_VEHICLE_STOCK,PRIMARY_50_STATE,ENACTED_STATE_LAW_AS_WRITTEN_OVER_PUBLISHED_NO_ADDITIONAL_POLICY_PROJECTION__ACCII_FEDERAL_WAIVER_DISAPPROVED_PUBL_119_16__NOT_ENFORCEABLE_2026_09_05,CAPPED_82_MY2032_3,ACCII_VARIANT_CAPPED_82PCT_MY2032,2060,Advanced Clean Cars II policy through 2032,100% clean electricity policy,Advanced Clean Cars II policy through 2032 + 100% clean electricity policy
CT,Connecticut,expert_central_v33_candidate_asymptotic_ALTTRNP_equal_size_comparison,EQUAL_SIZE_COMPARISON_1000000_VEHICLES_AT_THE_MEASURED_NATIONAL_RATIO_2988_STI_UNITS_PER_MILLION_VEHICLES,2988.2771371689505,CAMBIUM_BA_STATE_PATH_WITH_REGISTERED_STATUTORY_FLOOR,ASYMPTOTIC,PUBLISHED_MARKET_PROJECTION_REBASED,2075,65325.86857190049,,RIGHT_CENSORED_THROUGH_2075,1.0,,1028799.0,4956.0,REGISTERED_STATUTORY_SCHEDULE_FLOOR_OVER_PUBLISHED_NO_ADDITIONAL_POLICY_MARKET_PROJECTION_ON_AN_AGE_SPECIFIC_SURVIVAL_WEIGHTED_VEHICLE_STOCK,PRIMARY_50_STATE,ENACTED_STATE_LAW_AS_WRITTEN_OVER_PUBLISHED_NO_ADDITIONAL_POLICY_PROJECTION__ACCII_FEDERAL_WAIVER_DISAPPROVED_PUBL_119_16__NOT_ENFORCEABLE_2026_09_05,NO_VEHICLE_RULE_38,AEO2026_ALTTRNP_STOCK_SHARE_REBASED_COHORT_INVERTED,none by 2075,No state vehicle policy,100% clean electricity policy,No state vehicle policy + 100% clean electricity policy
DC,District of Columbia,expert_central_v33_candidate_asymptotic_ALTTRNP_equal_size_comparison,EQUAL_SIZE_COMPARISON_1000000_VEHICLES_AT_THE_MEASURED_NATIONAL_RATIO_2988_STI_UNITS_PER_MILLION_VEHICLES,2988.2771371689505,CAMBIUM_BA_STATE_PATH_WITH_REGISTERED_STATUTORY_FLOOR,ASYMPTOTIC,POLICY_SCHEDULE_FLOOR_OVER_MARKET_PROJECTION,2035,2513.9750523521643,2035.0,IDENTIFIED,0.00020276335244927832,2035.0,150476.0,1596.0,REGISTERED_STATUTORY_SCHEDULE_FLOOR_OVER_PUBLISHED_NO_ADDITIONAL_POLICY_MARKET_PROJECTION_ON_AN_AGE_SPECIFIC_SURVIVAL_WEIGHTED_VEHICLE_STOCK,SUPPLEMENTAL_DC,ENACTED_STATE_LAW_AS_WRITTEN_OVER_PUBLISHED_NO_ADDITIONAL_POLICY_PROJECTION__ACCII_FEDERAL_WAIVER_DISAPPROVED_PUBL_119_16__NOT_ENFORCEABLE_2026_09_05,FULL_SCHEDULE_10,ACCII_FULL_SCHEDULE_MY2035_100PCT,2035,Advanced Clean Cars II policy,100% clean electricity policy,Advanced Clean Cars II policy + 100% clean electricity policy
DE,Delaware,expert_central_v33_candidate_asymptotic_ALTTRNP_equal_size_comparison,EQUAL_SIZE_COMPARISON_1000000_VEHICLES_AT_THE_MEASURED_NATIONAL_RATIO_2988_STI_UNITS_PER_MILLION_VEHICLES,2988.2771371689505,CAMBIUM_BA_STATE_PATH_WITH_REGISTERED_STATUTORY_FLOOR,ASYMPTOTIC,POLICY_SCHEDULE_FLOOR_OVER_MARKET_PROJECTION,2075,19481.76567035096,,RIGHT_CENSORED_THROUGH_2075,1.0,,148493.0,1053.0,REGISTERED_STATUTORY_SCHEDULE_FLOOR_OVER_PUBLISHED_NO_ADDITIONAL_POLICY_MARKET_PROJECTION_ON_AN_AGE_SPECIFIC_SURVIVAL_WEIGHTED_VEHICLE_STOCK,PRIMARY_50_STATE,ENACTED_STATE_LAW_AS_WRITTEN_OVER_PUBLISHED_NO_ADDITIONAL_POLICY_PROJECTION__ACCII_FEDERAL_WAIVER_DISAPPROVED_PUBL_119_16__NOT_ENFORCEABLE_2026_09_05,CAPPED_82_MY2032_3,ACCII_VARIANT_CAPPED_82PCT_MY2032,none by 2075,Advanced Clean Cars II policy through 2032,Partial clean electricity policy,Advanced Clean Cars II policy through 2032 + Partial clean electricity policy
FL,Florida,expert_central_v33_candidate_asymptotic_ALTTRNP_equal_size_comparison,EQUAL_SIZE_COMPARISON_1000000_VEHICLES_AT_THE_MEASURED_NATIONAL_RATIO_2988_STI_UNITS_PER_MILLION_VEHICLES,2988.2771371689505,CAMBIUM_BA_STATE_PATH,ASYMPTOTIC,PUBLISHED_MARKET_PROJECTION_REBASED,2075,68836.12549845425,,RIGHT_CENSORED_THROUGH_2075,1.0,,7210114.0,17312.0,REGISTERED_STATUTORY_SCHEDULE_FLOOR_OVER_PUBLISHED_NO_ADDITIONAL_POLICY_MARKET_PROJECTION_ON_AN_AGE_SPECIFIC_SURVIVAL_WEIGHTED_VEHICLE_STOCK,PRIMARY_50_STATE,ENACTED_STATE_LAW_AS_WRITTEN_OVER_PUBLISHED_NO_ADDITIONAL_POLICY_PROJECTION__ACCII_FEDERAL_WAIVER_DISAPPROVED_PUBL_119_16__NOT_ENFORCEABLE_2026_09_05,NO_VEHICLE_RULE_38,AEO2026_ALTTRNP_STOCK_SHARE_REBASED_COHORT_INVERTED,none by 2075,No state vehicle policy,No clean electricity policy,No state policy
GA,Georgia,expert_central_v33_candidate_asymptotic_ALTTRNP_equal_size_comparison,EQUAL_SIZE_COMPARISON_1000000_VEHICLES_AT_THE_MEASURED_NATIONAL_RATIO_2988_STI_UNITS_PER_MILLION_VEHICLES,2988.2771371689505,CAMBIUM_BA_STATE_PATH,ASYMPTOTIC,PUBLISHED_MARKET_PROJECTION_REBASED,2075,68846.93867910442,,RIGHT_CENSORED_THROUGH_2075,1.0,,3206610.0,7310.0,REGISTERED_STATUTORY_SCHEDULE_FLOOR_OVER_PUBLISHED_NO_ADDITIONAL_POLICY_MARKET_PROJECTION_ON_AN_AGE_SPECIFIC_SURVIVAL_WEIGHTED_VEHICLE_STOCK,PRIMARY_50_STATE,ENACTED_STATE_LAW_AS_WRITTEN_OVER_PUBLISHED_NO_ADDITIONAL_POLICY_PROJECTION__ACCII_FEDERAL_WAIVER_DISAPPROVED_PUBL_119_16__NOT_ENFORCEABLE_2026_09_05,NO_VEHICLE_RULE_38,AEO2026_ALTTRNP_STOCK_SHARE_REBASED_COHORT_INVERTED,none by 2075,No state vehicle policy,No clean electricity policy,No state policy
HI,Hawaii,expert_central_v33_candidate_asymptotic_ALTTRNP_equal_size_comparison,EQUAL_SIZE_COMPARISON_1000000_VEHICLES_AT_THE_MEASURED_NATIONAL_RATIO_2988_STI_UNITS_PER_MILLION_VEHICLES,2988.2771371689505,HI_STATUTE_MINUS_REGISTERED_FIRM_BIOFUEL,ASYMPTOTIC,PUBLISHED_MARKET_PROJECTION_REBASED,2075,64258.1277186516,,RIGHT_CENSORED_THROUGH_2075,1.0,,422292.0,939.0,REGISTERED_STATUTORY_SCHEDULE_FLOOR_OVER_PUBLISHED_NO_ADDITIONAL_POLICY_MARKET_PROJECTION_ON_AN_AGE_SPECIFIC_SURVIVAL_WEIGHTED_VEHICLE_STOCK,PRIMARY_50_STATE,ENACTED_STATE_LAW_AS_WRITTEN_OVER_PUBLISHED_NO_ADDITIONAL_POLICY_PROJECTION__ACCII_FEDERAL_WAIVER_DISAPPROVED_PUBL_119_16__NOT_ENFORCEABLE_2026_09_05,NO_VEHICLE_RULE_38,AEO2026_ALTTRNP_STOCK_SHARE_REBASED_COHORT_INVERTED,none by 2075,No state vehicle policy,Partial clean electricity policy,No state vehicle policy + Partial clean electricity policy
IA,Iowa,expert_central_v33_candidate_asymptotic_ALTTRNP_equal_size_comparison,EQUAL_SIZE_COMPARISON_1000000_VEHICLES_AT_THE_MEASURED_NATIONAL_RATIO_2988_STI_UNITS_PER_MILLION_VEHICLES,2988.2771371689505,CAMBIUM_BA_STATE_PATH,ASYMPTOTIC,PUBLISHED_MARKET_PROJECTION_REBASED,2075,67539.98245887794,,RIGHT_CENSORED_THROUGH_2075,1.0,,1006994.0,2532.0,REGISTERED_STATUTORY_SCHEDULE_FLOOR_OVER_PUBLISHED_NO_ADDITIONAL_POLICY_MARKET_PROJECTION_ON_AN_AGE_SPECIFIC_SURVIVAL_WEIGHTED_VEHICLE_STOCK,PRIMARY_50_STATE,ENACTED_STATE_LAW_AS_WRITTEN_OVER_PUBLISHED_NO_ADDITIONAL_POLICY_PROJECTION__ACCII_FEDERAL_WAIVER_DISAPPROVED_PUBL_119_16__NOT_ENFORCEABLE_2026_09_05,NO_VEHICLE_RULE_38,AEO2026_ALTTRNP_STOCK_SHARE_REBASED_COHORT_INVERTED,none by 2075,No state vehicle policy,No clean electricity policy,No state policy
ID,Idaho,expert_central_v33_candidate_asymptotic_ALTTRNP_equal_size_comparison,EQUAL_SIZE_COMPARISON_1000000_VEHICLES_AT_THE_MEASURED_NATIONAL_RATIO_2988_STI_UNITS_PER_MILLION_VEHICLES,2988.2771371689505,CAMBIUM_BA_STATE_PATH,ASYMPTOTIC,PUBLISHED_MARKET_PROJECTION_REBASED,2075,67744.59499699493,,RIGHT_CENSORED_THROUGH_2075,1.0,,510516.0,1084.0,REGISTERED_STATUTORY_SCHEDULE_FLOOR_OVER_PUBLISHED_NO_ADDITIONAL_POLICY_MARKET_PROJECTION_ON_AN_AGE_SPECIFIC_SURVIVAL_WEIGHTED_VEHICLE_STOCK,PRIMARY_50_STATE,ENACTED_STATE_LAW_AS_WRITTEN_OVER_PUBLISHED_NO_ADDITIONAL_POLICY_PROJECTION__ACCII_FEDERAL_WAIVER_DISAPPROVED_PUBL_119_16__NOT_ENFORCEABLE_2026_09_05,NO_VEHICLE_RULE_38,AEO2026_ALTTRNP_STOCK_SHARE_REBASED_COHORT_INVERTED,none by 2075,No state vehicle policy,No clean electricity policy,No state policy
IL,Illinois,expert_central_v33_candidate_asymptotic_ALTTRNP_equal_size_comparison,EQUAL_SIZE_COMPARISON_1000000_VEHICLES_AT_THE_MEASURED_NATIONAL_RATIO_2988_STI_UNITS_PER_MILLION_VEHICLES,2988.2771371689505,CAMBIUM_BA_STATE_PATH_WITH_REGISTERED_STATUTORY_FLOOR,ASYMPTOTIC,PUBLISHED_MARKET_PROJECTION_REBASED,2075,65404.531052928374,,RIGHT_CENSORED_THROUGH_2075,1.0,,3514238.0,11218.0,REGISTERED_STATUTORY_SCHEDULE_FLOOR_OVER_PUBLISHED_NO_ADDITIONAL_POLICY_MARKET_PROJECTION_ON_AN_AGE_SPECIFIC_SURVIVAL_WEIGHTED_VEHICLE_STOCK,PRIMARY_50_STATE,ENACTED_STATE_LAW_AS_WRITTEN_OVER_PUBLISHED_NO_ADDITIONAL_POLICY_PROJECTION__ACCII_FEDERAL_WAIVER_DISAPPROVED_PUBL_119_16__NOT_ENFORCEABLE_2026_09_05,NO_VEHICLE_RULE_38,AEO2026_ALTTRNP_STOCK_SHARE_REBASED_COHORT_INVERTED,none by 2075,No state vehicle policy,100% clean electricity policy,No state vehicle policy + 100% clean electricity policy
IN,Indiana,expert_central_v33_candidate_asymptotic_ALTTRNP_equal_size_comparison,EQUAL_SIZE_COMPARISON_1000000_VEHICLES_AT_THE_MEASURED_NATIONAL_RATIO_2988_STI_UNITS_PER_MILLION_VEHICLES,2988.2771371689505,CAMBIUM_BA_STATE_PATH_WITH_REGISTERED_STATUTORY_FLOOR,ASYMPTOTIC,PUBLISHED_MARKET_PROJECTION_REBASED,2075,70836.00281754686,,RIGHT_CENSORED_THROUGH_2075,1.0,,1791108.0,5432.0,REGISTERED_STATUTORY_SCHEDULE_FLOOR_OVER_PUBLISHED_NO_ADDITIONAL_POLICY_MARKET_PROJECTION_ON_AN_AGE_SPECIFIC_SURVIVAL_WEIGHTED_VEHICLE_STOCK,PRIMARY_50_STATE,ENACTED_STATE_LAW_AS_WRITTEN_OVER_PUBLISHED_NO_ADDITIONAL_POLICY_PROJECTION__ACCII_FEDERAL_WAIVER_DISAPPROVED_PUBL_119_16__NOT_ENFORCEABLE_2026_09_05,NO_VEHICLE_RULE_38,AEO2026_ALTTRNP_STOCK_SHARE_REBASED_COHORT_INVERTED,none by 2075,No state vehicle policy,Partial clean electricity policy,No state vehicle policy + Partial clean electricity policy
KS,Kansas,expert_central_v33_candidate_asymptotic_ALTTRNP_equal_size_comparison,EQUAL_SIZE_COMPARISON_1000000_VEHICLES_AT_THE_MEASURED_NATIONAL_RATIO_2988_STI_UNITS_PER_MILLION_VEHICLES,2988.2771371689505,CAMBIUM_BA_STATE_PATH,ASYMPTOTIC,PUBLISHED_MARKET_PROJECTION_REBASED,2075,66962.84330645815,,RIGHT_CENSORED_THROUGH_2075,1.0,,594786.0,2318.0,REGISTERED_STATUTORY_SCHEDULE_FLOOR_OVER_PUBLISHED_NO_ADDITIONAL_POLICY_MARKET_PROJECTION_ON_AN_AGE_SPECIFIC_SURVIVAL_WEIGHTED_VEHICLE_STOCK,PRIMARY_50_STATE,ENACTED_STATE_LAW_AS_WRITTEN_OVER_PUBLISHED_NO_ADDITIONAL_POLICY_PROJECTION__ACCII_FEDERAL_WAIVER_DISAPPROVED_PUBL_119_16__NOT_ENFORCEABLE_2026_09_05,NO_VEHICLE_RULE_38,AEO2026_ALTTRNP_STOCK_SHARE_REBASED_COHORT_INVERTED,none by 2075,No state vehicle policy,No clean electricity policy,No state policy
KY,Kentucky,expert_central_v33_candidate_asymptotic_ALTTRNP_equal_size_comparison,EQUAL_SIZE_COMPARISON_1000000_VEHICLES_AT_THE_MEASURED_NATIONAL_RATIO_2988_STI_UNITS_PER_MILLION_VEHICLES,2988.2771371689505,CAMBIUM_BA_STATE_PATH,ASYMPTOTIC,PUBLISHED_MARKET_PROJECTION_REBASED,2075,66997.41505007834,,RIGHT_CENSORED_THROUGH_2075,1.0,,1458659.0,3363.0,REGISTERED_STATUTORY_SCHEDULE_FLOOR_OVER_PUBLISHED_NO_ADDITIONAL_POLICY_MARKET_PROJECTION_ON_AN_AGE_SPECIFIC_SURVIVAL_WEIGHTED_VEHICLE_STOCK,PRIMARY_50_STATE,ENACTED_STATE_LAW_AS_WRITTEN_OVER_PUBLISHED_NO_ADDITIONAL_POLICY_PROJECTION__ACCII_FEDERAL_WAIVER_DISAPPROVED_PUBL_119_16__NOT_ENFORCEABLE_2026_09_05,NO_VEHICLE_RULE_38,AEO2026_ALTTRNP_STOCK_SHARE_REBASED_COHORT_INVERTED,none by 2075,No state vehicle policy,No clean electricity policy,No state policy
LA,Louisiana,expert_central_v33_candidate_asymptotic_ALTTRNP_equal_size_comparison,EQUAL_SIZE_COMPARISON_1000000_VEHICLES_AT_THE_MEASURED_NATIONAL_RATIO_2988_STI_UNITS_PER_MILLION_VEHICLES,2988.2771371689505,CAMBIUM_BA_STATE_PATH,ASYMPTOTIC,PUBLISHED_MARKET_PROJECTION_REBASED,2075,69912.82497257258,,RIGHT_CENSORED_THROUGH_2075,1.0,,1370563.0,2693.0,REGISTERED_STATUTORY_SCHEDULE_FLOOR_OVER_PUBLISHED_NO_ADDITIONAL_POLICY_MARKET_PROJECTION_ON_AN_AGE_SPECIFIC_SURVIVAL_WEIGHTED_VEHICLE_STOCK,PRIMARY_50_STATE,ENACTED_STATE_LAW_AS_WRITTEN_OVER_PUBLISHED_NO_ADDITIONAL_POLICY_PROJECTION__ACCII_FEDERAL_WAIVER_DISAPPROVED_PUBL_119_16__NOT_ENFORCEABLE_2026_09_05,NO_VEHICLE_RULE_38,AEO2026_ALTTRNP_STOCK_SHARE_REBASED_COHORT_INVERTED,none by 2075,No state vehicle policy,No clean electricity policy,No state policy
MA,Massachusetts,expert_central_v33_candidate_asymptotic_ALTTRNP_equal_size_comparison,EQUAL_SIZE_COMPARISON_1000000_VEHICLES_AT_THE_MEASURED_NATIONAL_RATIO_2988_STI_UNITS_PER_MILLION_VEHICLES,2988.2771371689505,CAMBIUM_BA_STATE_PATH_WITH_REGISTERED_STATUTORY_FLOOR,ASYMPTOTIC,POLICY_SCHEDULE_FLOOR_OVER_MARKET_PROJECTION,2075,7930.123209575706,,RIGHT_CENSORED_THROUGH_2075,1.0,,1706714.0,5439.0,REGISTERED_STATUTORY_SCHEDULE_FLOOR_OVER_PUBLISHED_NO_ADDITIONAL_POLICY_MARKET_PROJECTION_ON_AN_AGE_SPECIFIC_SURVIVAL_WEIGHTED_VEHICLE_STOCK,PRIMARY_50_STATE,ENACTED_STATE_LAW_AS_WRITTEN_OVER_PUBLISHED_NO_ADDITIONAL_POLICY_PROJECTION__ACCII_FEDERAL_WAIVER_DISAPPROVED_PUBL_119_16__NOT_ENFORCEABLE_2026_09_05,FULL_SCHEDULE_10,ACCII_FULL_SCHEDULE_MY2035_100PCT,none by 2075,Advanced Clean Cars II policy,Partial clean electricity policy,Advanced Clean Cars II policy + Partial clean electricity policy
MD,Maryland,expert_central_v33_candidate_asymptotic_ALTTRNP_equal_size_comparison,EQUAL_SIZE_COMPARISON_1000000_VEHICLES_AT_THE_MEASURED_NATIONAL_RATIO_2988_STI_UNITS_PER_MILLION_VEHICLES,2988.2771371689505,CAMBIUM_BA_STATE_PATH_WITH_REGISTERED_STATUTORY_FLOOR,ASYMPTOTIC,POLICY_SCHEDULE_FLOOR_OVER_MARKET_PROJECTION,2075,12318.675015100926,,RIGHT_CENSORED_THROUGH_2075,1.0,,1908452.0,5878.0,REGISTERED_STATUTORY_SCHEDULE_FLOOR_OVER_PUBLISHED_NO_ADDITIONAL_POLICY_MARKET_PROJECTION_ON_AN_AGE_SPECIFIC_SURVIVAL_WEIGHTED_VEHICLE_STOCK,PRIMARY_50_STATE,ENACTED_STATE_LAW_AS_WRITTEN_OVER_PUBLISHED_NO_ADDITIONAL_POLICY_PROJECTION__ACCII_FEDERAL_WAIVER_DISAPPROVED_PUBL_119_16__NOT_ENFORCEABLE_2026_09_05,FULL_SCHEDULE_10,ACCII_FULL_SCHEDULE_MY2035_100PCT,none by 2075,Advanced Clean Cars II policy,Partial clean electricity policy,Advanced Clean Cars II policy + Partial clean electricity policy
ME,Maine,expert_central_v33_candidate_asymptotic_ALTTRNP_equal_size_comparison,EQUAL_SIZE_COMPARISON_1000000_VEHICLES_AT_THE_MEASURED_NATIONAL_RATIO_2988_STI_UNITS_PER_MILLION_VEHICLES,2988.2771371689505,CAMBIUM_BA_STATE_PATH_WITH_REGISTERED_STATUTORY_FLOOR,ASYMPTOTIC,PUBLISHED_MARKET_PROJECTION_REBASED,2075,66496.08326481076,,RIGHT_CENSORED_THROUGH_2075,1.0,,312473.0,839.0,REGISTERED_STATUTORY_SCHEDULE_FLOOR_OVER_PUBLISHED_NO_ADDITIONAL_POLICY_MARKET_PROJECTION_ON_AN_AGE_SPECIFIC_SURVIVAL_WEIGHTED_VEHICLE_STOCK,PRIMARY_50_STATE,ENACTED_STATE_LAW_AS_WRITTEN_OVER_PUBLISHED_NO_ADDITIONAL_POLICY_PROJECTION__ACCII_FEDERAL_WAIVER_DISAPPROVED_PUBL_119_16__NOT_ENFORCEABLE_2026_09_05,NO_VEHICLE_RULE_38,AEO2026_ALTTRNP_STOCK_SHARE_REBASED_COHORT_INVERTED,none by 2075,No state vehicle policy,100% clean electricity policy,No state vehicle policy + 100% clean electricity policy
MI,Michigan,expert_central_v33_candidate_asymptotic_ALTTRNP_equal_size_comparison,EQUAL_SIZE_COMPARISON_1000000_VEHICLES_AT_THE_MEASURED_NATIONAL_RATIO_2988_STI_UNITS_PER_MILLION_VEHICLES,2988.2771371689505,CAMBIUM_BA_STATE_PATH_WITH_REGISTERED_STATUTORY_FLOOR,ASYMPTOTIC,PUBLISHED_MARKET_PROJECTION_REBASED,2075,66311.3300903867,,RIGHT_CENSORED_THROUGH_2075,1.0,,2494236.0,8422.0,REGISTERED_STATUTORY_SCHEDULE_FLOOR_OVER_PUBLISHED_NO_ADDITIONAL_POLICY_MARKET_PROJECTION_ON_AN_AGE_SPECIFIC_SURVIVAL_WEIGHTED_VEHICLE_STOCK,PRIMARY_50_STATE,ENACTED_STATE_LAW_AS_WRITTEN_OVER_PUBLISHED_NO_ADDITIONAL_POLICY_PROJECTION__ACCII_FEDERAL_WAIVER_DISAPPROVED_PUBL_119_16__NOT_ENFORCEABLE_2026_09_05,NO_VEHICLE_RULE_38,AEO2026_ALTTRNP_STOCK_SHARE_REBASED_COHORT_INVERTED,none by 2075,No state vehicle policy,100% clean electricity policy,No state vehicle policy + 100% clean electricity policy
MN,Minnesota,expert_central_v33_candidate_asymptotic_ALTTRNP_equal_size_comparison,EQUAL_SIZE_COMPARISON_1000000_VEHICLES_AT_THE_MEASURED_NATIONAL_RATIO_2988_STI_UNITS_PER_MILLION_VEHICLES,2988.2771371689505,CAMBIUM_BA_STATE_PATH_WITH_REGISTERED_STATUTORY_FLOOR,ASYMPTOTIC,PUBLISHED_MARKET_PROJECTION_REBASED,2075,65901.25724778802,,RIGHT_CENSORED_THROUGH_2075,1.0,,1609042.0,4163.0,REGISTERED_STATUTORY_SCHEDULE_FLOOR_OVER_PUBLISHED_NO_ADDITIONAL_POLICY_MARKET_PROJECTION_ON_AN_AGE_SPECIFIC_SURVIVAL_WEIGHTED_VEHICLE_STOCK,PRIMARY_50_STATE,ENACTED_STATE_LAW_AS_WRITTEN_OVER_PUBLISHED_NO_ADDITIONAL_POLICY_PROJECTION__ACCII_FEDERAL_WAIVER_DISAPPROVED_PUBL_119_16__NOT_ENFORCEABLE_2026_09_05,NO_VEHICLE_RULE_38,AEO2026_ALTTRNP_STOCK_SHARE_REBASED_COHORT_INVERTED,none by 2075,No state vehicle policy,100% clean electricity policy,No state vehicle policy + 100% clean electricity policy
MO,Missouri,expert_central_v33_candidate_asymptotic_ALTTRNP_equal_size_comparison,EQUAL_SIZE_COMPARISON_1000000_VEHICLES_AT_THE_MEASURED_NATIONAL_RATIO_2988_STI_UNITS_PER_MILLION_VEHICLES,2988.2771371689505,CAMBIUM_BA_STATE_PATH_WITH_REGISTERED_STATUTORY_FLOOR,ASYMPTOTIC,PUBLISHED_MARKET_PROJECTION_REBASED,2075,65869.62503932987,,RIGHT_CENSORED_THROUGH_2075,1.0,,1645714.0,4949.0,REGISTERED_STATUTORY_SCHEDULE_FLOOR_OVER_PUBLISHED_NO_ADDITIONAL_POLICY_MARKET_PROJECTION_ON_AN_AGE_SPECIFIC_SURVIVAL_WEIGHTED_VEHICLE_STOCK,PRIMARY_50_STATE,ENACTED_STATE_LAW_AS_WRITTEN_OVER_PUBLISHED_NO_ADDITIONAL_POLICY_PROJECTION__ACCII_FEDERAL_WAIVER_DISAPPROVED_PUBL_119_16__NOT_ENFORCEABLE_2026_09_05,NO_VEHICLE_RULE_38,AEO2026_ALTTRNP_STOCK_SHARE_REBASED_COHORT_INVERTED,none by 2075,No state vehicle policy,Partial clean electricity policy,No state vehicle policy + Partial clean electricity policy
MS,Mississippi,expert_central_v33_candidate_asymptotic_ALTTRNP_equal_size_comparison,EQUAL_SIZE_COMPARISON_1000000_VEHICLES_AT_THE_MEASURED_NATIONAL_RATIO_2988_STI_UNITS_PER_MILLION_VEHICLES,2988.2771371689505,CAMBIUM_BA_STATE_PATH,ASYMPTOTIC,PUBLISHED_MARKET_PROJECTION_REBASED,2075,65982.83851305977,,RIGHT_CENSORED_THROUGH_2075,1.0,,756941.0,1661.0,REGISTERED_STATUTORY_SCHEDULE_FLOOR_OVER_PUBLISHED_NO_ADDITIONAL_POLICY_MARKET_PROJECTION_ON_AN_AGE_SPECIFIC_SURVIVAL_WEIGHTED_VEHICLE_STOCK,PRIMARY_50_STATE,ENACTED_STATE_LAW_AS_WRITTEN_OVER_PUBLISHED_NO_ADDITIONAL_POLICY_PROJECTION__ACCII_FEDERAL_WAIVER_DISAPPROVED_PUBL_119_16__NOT_ENFORCEABLE_2026_09_05,NO_VEHICLE_RULE_38,AEO2026_ALTTRNP_STOCK_SHARE_REBASED_COHORT_INVERTED,none by 2075,No state vehicle policy,No clean electricity policy,No state policy
MT,Montana,expert_central_v33_candidate_asymptotic_ALTTRNP_equal_size_comparison,EQUAL_SIZE_COMPARISON_1000000_VEHICLES_AT_THE_MEASURED_NATIONAL_RATIO_2988_STI_UNITS_PER_MILLION_VEHICLES,2988.2771371689505,CAMBIUM_BA_STATE_PATH,ASYMPTOTIC,PUBLISHED_MARKET_PROJECTION_REBASED,2075,75952.39517975372,,RIGHT_CENSORED_THROUGH_2075,1.0,,525226.0,634.0,REGISTERED_STATUTORY_SCHEDULE_FLOOR_OVER_PUBLISHED_NO_ADDITIONAL_POLICY_MARKET_PROJECTION_ON_AN_AGE_SPECIFIC_SURVIVAL_WEIGHTED_VEHICLE_STOCK,PRIMARY_50_STATE,ENACTED_STATE_LAW_AS_WRITTEN_OVER_PUBLISHED_NO_ADDITIONAL_POLICY_PROJECTION__ACCII_FEDERAL_WAIVER_DISAPPROVED_PUBL_119_16__NOT_ENFORCEABLE_2026_09_05,NO_VEHICLE_RULE_38,AEO2026_ALTTRNP_STOCK_SHARE_REBASED_COHORT_INVERTED,none by 2075,No state vehicle policy,No clean electricity policy,No state policy
NC,North Carolina,expert_central_v33_candidate_asymptotic_ALTTRNP_equal_size_comparison,EQUAL_SIZE_COMPARISON_1000000_VEHICLES_AT_THE_MEASURED_NATIONAL_RATIO_2988_STI_UNITS_PER_MILLION_VEHICLES,2988.2771371689505,CAMBIUM_BA_STATE_PATH_WITH_REGISTERED_STATUTORY_FLOOR,ASYMPTOTIC,PUBLISHED_MARKET_PROJECTION_REBASED,2075,65061.98530777821,,RIGHT_CENSORED_THROUGH_2075,1.0,,3005649.0,9648.0,REGISTERED_STATUTORY_SCHEDULE_FLOOR_OVER_PUBLISHED_NO_ADDITIONAL_POLICY_MARKET_PROJECTION_ON_AN_AGE_SPECIFIC_SURVIVAL_WEIGHTED_VEHICLE_STOCK,PRIMARY_50_STATE,ENACTED_STATE_LAW_AS_WRITTEN_OVER_PUBLISHED_NO_ADDITIONAL_POLICY_PROJECTION__ACCII_FEDERAL_WAIVER_DISAPPROVED_PUBL_119_16__NOT_ENFORCEABLE_2026_09_05,NO_VEHICLE_RULE_38,AEO2026_ALTTRNP_STOCK_SHARE_REBASED_COHORT_INVERTED,none by 2075,No state vehicle policy,100% clean electricity policy,No state vehicle policy + 100% clean electricity policy
ND,North Dakota,expert_central_v33_candidate_asymptotic_ALTTRNP_equal_size_comparison,EQUAL_SIZE_COMPARISON_1000000_VEHICLES_AT_THE_MEASURED_NATIONAL_RATIO_2988_STI_UNITS_PER_MILLION_VEHICLES,2988.2771371689505,CAMBIUM_BA_STATE_PATH,ASYMPTOTIC,PUBLISHED_MARKET_PROJECTION_REBASED,2075,72399.06094553774,,RIGHT_CENSORED_THROUGH_2075,1.0,,215289.0,470.0,REGISTERED_STATUTORY_SCHEDULE_FLOOR_OVER_PUBLISHED_NO_ADDITIONAL_POLICY_MARKET_PROJECTION_ON_AN_AGE_SPECIFIC_SURVIVAL_WEIGHTED_VEHICLE_STOCK,PRIMARY_50_STATE,ENACTED_STATE_LAW_AS_WRITTEN_OVER_PUBLISHED_NO_ADDITIONAL_POLICY_PROJECTION__ACCII_FEDERAL_WAIVER_DISAPPROVED_PUBL_119_16__NOT_ENFORCEABLE_2026_09_05,NO_VEHICLE_RULE_38,AEO2026_ALTTRNP_STOCK_SHARE_REBASED_COHORT_INVERTED,none by 2075,No state vehicle policy,No clean electricity policy,No state policy
NE,Nebraska,expert_central_v33_candidate_asymptotic_ALTTRNP_equal_size_comparison,EQUAL_SIZE_COMPARISON_1000000_VEHICLES_AT_THE_MEASURED_NATIONAL_RATIO_2988_STI_UNITS_PER_MILLION_VEHICLES,2988.2771371689505,CAMBIUM_BA_STATE_PATH,ASYMPTOTIC,PUBLISHED_MARKET_PROJECTION_REBASED,2075,70844.53204166472,,RIGHT_CENSORED_THROUGH_2075,1.0,,561111.0,1995.0,REGISTERED_STATUTORY_SCHEDULE_FLOOR_OVER_PUBLISHED_NO_ADDITIONAL_POLICY_MARKET_PROJECTION_ON_AN_AGE_SPECIFIC_SURVIVAL_WEIGHTED_VEHICLE_STOCK,PRIMARY_50_STATE,ENACTED_STATE_LAW_AS_WRITTEN_OVER_PUBLISHED_NO_ADDITIONAL_POLICY_PROJECTION__ACCII_FEDERAL_WAIVER_DISAPPROVED_PUBL_119_16__NOT_ENFORCEABLE_2026_09_05,NO_VEHICLE_RULE_38,AEO2026_ALTTRNP_STOCK_SHARE_REBASED_COHORT_INVERTED,none by 2075,No state vehicle policy,No clean electricity policy,No state policy
NH,New Hampshire,expert_central_v33_candidate_asymptotic_ALTTRNP_equal_size_comparison,EQUAL_SIZE_COMPARISON_1000000_VEHICLES_AT_THE_MEASURED_NATIONAL_RATIO_2988_STI_UNITS_PER_MILLION_VEHICLES,2988.2771371689505,CAMBIUM_BA_STATE_PATH_WITH_REGISTERED_STATUTORY_FLOOR,ASYMPTOTIC,PUBLISHED_MARKET_PROJECTION_REBASED,2075,69691.3767177606,,RIGHT_CENSORED_THROUGH_2075,1.0,,391064.0,991.0,REGISTERED_STATUTORY_SCHEDULE_FLOOR_OVER_PUBLISHED_NO_ADDITIONAL_POLICY_MARKET_PROJECTION_ON_AN_AGE_SPECIFIC_SURVIVAL_WEIGHTED_VEHICLE_STOCK,PRIMARY_50_STATE,ENACTED_STATE_LAW_AS_WRITTEN_OVER_PUBLISHED_NO_ADDITIONAL_POLICY_PROJECTION__ACCII_FEDERAL_WAIVER_DISAPPROVED_PUBL_119_16__NOT_ENFORCEABLE_2026_09_05,NO_VEHICLE_RULE_38,AEO2026_ALTTRNP_STOCK_SHARE_REBASED_COHORT_INVERTED,none by 2075,No state vehicle policy,Partial clean electricity policy,No state vehicle policy + Partial clean electricity policy
NJ,New Jersey,expert_central_v33_candidate_asymptotic_ALTTRNP_equal_size_comparison,EQUAL_SIZE_COMPARISON_1000000_VEHICLES_AT_THE_MEASURED_NATIONAL_RATIO_2988_STI_UNITS_PER_MILLION_VEHICLES,2988.2771371689505,CAMBIUM_BA_STATE_PATH_WITH_REGISTERED_STATUTORY_FLOOR,ASYMPTOTIC,POLICY_SCHEDULE_FLOOR_OVER_MARKET_PROJECTION,2075,13859.86394435429,,RIGHT_CENSORED_THROUGH_2075,1.0,,2275055.0,8896.0,REGISTERED_STATUTORY_SCHEDULE_FLOOR_OVER_PUBLISHED_NO_ADDITIONAL_POLICY_MARKET_PROJECTION_ON_AN_AGE_SPECIFIC_SURVIVAL_WEIGHTED_VEHICLE_STOCK,PRIMARY_50_STATE,ENACTED_STATE_LAW_AS_WRITTEN_OVER_PUBLISHED_NO_ADDITIONAL_POLICY_PROJECTION__ACCII_FEDERAL_WAIVER_DISAPPROVED_PUBL_119_16__NOT_ENFORCEABLE_2026_09_05,FULL_SCHEDULE_10,ACCII_FULL_SCHEDULE_MY2035_100PCT,none by 2075,Advanced Clean Cars II policy,Partial clean electricity policy,Advanced Clean Cars II policy + Partial clean electricity policy
NM,New Mexico,expert_central_v33_candidate_asymptotic_ALTTRNP_equal_size_comparison,EQUAL_SIZE_COMPARISON_1000000_VEHICLES_AT_THE_MEASURED_NATIONAL_RATIO_2988_STI_UNITS_PER_MILLION_VEHICLES,2988.2771371689505,CAMBIUM_BA_STATE_PATH_WITH_REGISTERED_STATUTORY_FLOOR,ASYMPTOTIC,POLICY_SCHEDULE_FLOOR_OVER_MARKET_PROJECTION,2044,5967.696362018755,2060.0,IDENTIFIED,0.5232329658722068,2060.0,590034.0,1534.0,REGISTERED_STATUTORY_SCHEDULE_FLOOR_OVER_PUBLISHED_NO_ADDITIONAL_POLICY_MARKET_PROJECTION_ON_AN_AGE_SPECIFIC_SURVIVAL_WEIGHTED_VEHICLE_STOCK,PRIMARY_50_STATE,ENACTED_STATE_LAW_AS_WRITTEN_OVER_PUBLISHED_NO_ADDITIONAL_POLICY_PROJECTION__ACCII_FEDERAL_WAIVER_DISAPPROVED_PUBL_119_16__NOT_ENFORCEABLE_2026_09_05,CAPPED_82_MY2032_3,ACCII_VARIANT_CAPPED_82PCT_MY2032,2060,Advanced Clean Cars II policy through 2032,100% clean electricity policy,Advanced Clean Cars II policy through 2032 + 100% clean electricity policy
NV,Nevada,expert_central_v33_candidate_asymptotic_ALTTRNP_equal_size_comparison,EQUAL_SIZE_COMPARISON_1000000_VEHICLES_AT_THE_MEASURED_NATIONAL_RATIO_2988_STI_UNITS_PER_MILLION_VEHICLES,2988.2771371689505,CAMBIUM_BA_STATE_PATH_WITH_REGISTERED_STATUTORY_FLOOR,ASYMPTOTIC,PUBLISHED_MARKET_PROJECTION_REBASED,2075,62338.10279022689,,RIGHT_CENSORED_THROUGH_2075,1.0,,843099.0,2385.0,REGISTERED_STATUTORY_SCHEDULE_FLOOR_OVER_PUBLISHED_NO_ADDITIONAL_POLICY_MARKET_PROJECTION_ON_AN_AGE_SPECIFIC_SURVIVAL_WEIGHTED_VEHICLE_STOCK,PRIMARY_50_STATE,ENACTED_STATE_LAW_AS_WRITTEN_OVER_PUBLISHED_NO_ADDITIONAL_POLICY_PROJECTION__ACCII_FEDERAL_WAIVER_DISAPPROVED_PUBL_119_16__NOT_ENFORCEABLE_2026_09_05,NO_VEHICLE_RULE_38,AEO2026_ALTTRNP_STOCK_SHARE_REBASED_COHORT_INVERTED,none by 2075,No state vehicle policy,100% clean electricity policy,No state vehicle policy + 100% clean electricity policy
NY,New York,expert_central_v33_candidate_asymptotic_ALTTRNP_equal_size_comparison,EQUAL_SIZE_COMPARISON_1000000_VEHICLES_AT_THE_MEASURED_NATIONAL_RATIO_2988_STI_UNITS_PER_MILLION_VEHICLES,2988.2771371689505,CAMBIUM_BA_STATE_PATH_WITH_REGISTERED_STATUTORY_FLOOR,ASYMPTOTIC,POLICY_SCHEDULE_FLOOR_OVER_MARKET_PROJECTION,2036,3119.0514337086297,2036.0,IDENTIFIED,0.0001611664237967918,2036.0,6474059.0,23645.0,REGISTERED_STATUTORY_SCHEDULE_FLOOR_OVER_PUBLISHED_NO_ADDITIONAL_POLICY_MARKET_PROJECTION_ON_AN_AGE_SPECIFIC_SURVIVAL_WEIGHTED_VEHICLE_STOCK,PRIMARY_50_STATE,ENACTED_STATE_LAW_AS_WRITTEN_OVER_PUBLISHED_NO_ADDITIONAL_POLICY_PROJECTION__ACCII_FEDERAL_WAIVER_DISAPPROVED_PUBL_119_16__NOT_ENFORCEABLE_2026_09_05,FULL_SCHEDULE_10,ACCII_FULL_SCHEDULE_MY2035_100PCT,2036,Advanced Clean Cars II policy,100% clean electricity policy,Advanced Clean Cars II policy + 100% clean electricity policy
OH,Ohio,expert_central_v33_candidate_asymptotic_ALTTRNP_equal_size_comparison,EQUAL_SIZE_COMPARISON_1000000_VEHICLES_AT_THE_MEASURED_NATIONAL_RATIO_2988_STI_UNITS_PER_MILLION_VEHICLES,2988.2771371689505,CAMBIUM_BA_STATE_PATH_WITH_REGISTERED_STATUTORY_FLOOR,ASYMPTOTIC,PUBLISHED_MARKET_PROJECTION_REBASED,2075,75410.89640327795,,RIGHT_CENSORED_THROUGH_2075,1.0,,3805614.0,12767.0,REGISTERED_STATUTORY_SCHEDULE_FLOOR_OVER_PUBLISHED_NO_ADDITIONAL_POLICY_MARKET_PROJECTION_ON_AN_AGE_SPECIFIC_SURVIVAL_WEIGHTED_VEHICLE_STOCK,PRIMARY_50_STATE,ENACTED_STATE_LAW_AS_WRITTEN_OVER_PUBLISHED_NO_ADDITIONAL_POLICY_PROJECTION__ACCII_FEDERAL_WAIVER_DISAPPROVED_PUBL_119_16__NOT_ENFORCEABLE_2026_09_05,NO_VEHICLE_RULE_38,AEO2026_ALTTRNP_STOCK_SHARE_REBASED_COHORT_INVERTED,none by 2075,No state vehicle policy,Partial clean electricity policy,No state vehicle policy + Partial clean electricity policy
OK,Oklahoma,expert_central_v33_candidate_asymptotic_ALTTRNP_equal_size_comparison,EQUAL_SIZE_COMPARISON_1000000_VEHICLES_AT_THE_MEASURED_NATIONAL_RATIO_2988_STI_UNITS_PER_MILLION_VEHICLES,2988.2771371689505,CAMBIUM_BA_STATE_PATH,ASYMPTOTIC,PUBLISHED_MARKET_PROJECTION_REBASED,2075,67970.66338291929,,RIGHT_CENSORED_THROUGH_2075,1.0,,1061114.0,3045.0,REGISTERED_STATUTORY_SCHEDULE_FLOOR_OVER_PUBLISHED_NO_ADDITIONAL_POLICY_MARKET_PROJECTION_ON_AN_AGE_SPECIFIC_SURVIVAL_WEIGHTED_VEHICLE_STOCK,PRIMARY_50_STATE,ENACTED_STATE_LAW_AS_WRITTEN_OVER_PUBLISHED_NO_ADDITIONAL_POLICY_PROJECTION__ACCII_FEDERAL_WAIVER_DISAPPROVED_PUBL_119_16__NOT_ENFORCEABLE_2026_09_05,NO_VEHICLE_RULE_38,AEO2026_ALTTRNP_STOCK_SHARE_REBASED_COHORT_INVERTED,none by 2075,No state vehicle policy,No clean electricity policy,No state policy
OR,Oregon,expert_central_v33_candidate_asymptotic_ALTTRNP_equal_size_comparison,EQUAL_SIZE_COMPARISON_1000000_VEHICLES_AT_THE_MEASURED_NATIONAL_RATIO_2988_STI_UNITS_PER_MILLION_VEHICLES,2988.2771371689505,CAMBIUM_BA_STATE_PATH_WITH_REGISTERED_STATUTORY_FLOOR,ASYMPTOTIC,POLICY_SCHEDULE_FLOOR_OVER_MARKET_PROJECTION,2039,3688.471644686982,2039.0,IDENTIFIED,0.0001348386869118249,2039.0,1308985.0,3734.0,REGISTERED_STATUTORY_SCHEDULE_FLOOR_OVER_PUBLISHED_NO_ADDITIONAL_POLICY_MARKET_PROJECTION_ON_AN_AGE_SPECIFIC_SURVIVAL_WEIGHTED_VEHICLE_STOCK,PRIMARY_50_STATE,ENACTED_STATE_LAW_AS_WRITTEN_OVER_PUBLISHED_NO_ADDITIONAL_POLICY_PROJECTION__ACCII_FEDERAL_WAIVER_DISAPPROVED_PUBL_119_16__NOT_ENFORCEABLE_2026_09_05,FULL_SCHEDULE_10,ACCII_FULL_SCHEDULE_MY2035_100PCT,2039,Advanced Clean Cars II policy,100% clean electricity policy,Advanced Clean Cars II policy + 100% clean electricity policy
PA,Pennsylvania,expert_central_v33_candidate_asymptotic_ALTTRNP_equal_size_comparison,EQUAL_SIZE_COMPARISON_1000000_VEHICLES_AT_THE_MEASURED_NATIONAL_RATIO_2988_STI_UNITS_PER_MILLION_VEHICLES,2988.2771371689505,CAMBIUM_BA_STATE_PATH_WITH_REGISTERED_STATUTORY_FLOOR,ASYMPTOTIC,PUBLISHED_MARKET_PROJECTION_REBASED,2075,73060.55672525155,,RIGHT_CENSORED_THROUGH_2075,1.0,,3371581.0,13579.0,REGISTERED_STATUTORY_SCHEDULE_FLOOR_OVER_PUBLISHED_NO_ADDITIONAL_POLICY_MARKET_PROJECTION_ON_AN_AGE_SPECIFIC_SURVIVAL_WEIGHTED_VEHICLE_STOCK,PRIMARY_50_STATE,ENACTED_STATE_LAW_AS_WRITTEN_OVER_PUBLISHED_NO_ADDITIONAL_POLICY_PROJECTION__ACCII_FEDERAL_WAIVER_DISAPPROVED_PUBL_119_16__NOT_ENFORCEABLE_2026_09_05,NO_VEHICLE_RULE_38,AEO2026_ALTTRNP_STOCK_SHARE_REBASED_COHORT_INVERTED,none by 2075,No state vehicle policy,Partial clean electricity policy,No state vehicle policy + Partial clean electricity policy
RI,Rhode Island,expert_central_v33_candidate_asymptotic_ALTTRNP_equal_size_comparison,EQUAL_SIZE_COMPARISON_1000000_VEHICLES_AT_THE_MEASURED_NATIONAL_RATIO_2988_STI_UNITS_PER_MILLION_VEHICLES,2988.2771371689505,CAMBIUM_BA_STATE_PATH_WITH_REGISTERED_STATUTORY_FLOOR,ASYMPTOTIC,POLICY_SCHEDULE_FLOOR_OVER_MARKET_PROJECTION,2032,2647.6199366942046,2035.0,IDENTIFIED,0.00019261804436806123,2035.0,308699.0,1023.0,REGISTERED_STATUTORY_SCHEDULE_FLOOR_OVER_PUBLISHED_NO_ADDITIONAL_POLICY_MARKET_PROJECTION_ON_AN_AGE_SPECIFIC_SURVIVAL_WEIGHTED_VEHICLE_STOCK,PRIMARY_50_STATE,ENACTED_STATE_LAW_AS_WRITTEN_OVER_PUBLISHED_NO_ADDITIONAL_POLICY_PROJECTION__ACCII_FEDERAL_WAIVER_DISAPPROVED_PUBL_119_16__NOT_ENFORCEABLE_2026_09_05,FULL_SCHEDULE_10,ACCII_FULL_SCHEDULE_MY2035_100PCT,2035,Advanced Clean Cars II policy,100% clean electricity policy,Advanced Clean Cars II policy + 100% clean electricity policy
SC,South Carolina,expert_central_v33_candidate_asymptotic_ALTTRNP_equal_size_comparison,EQUAL_SIZE_COMPARISON_1000000_VEHICLES_AT_THE_MEASURED_NATIONAL_RATIO_2988_STI_UNITS_PER_MILLION_VEHICLES,2988.2771371689505,CAMBIUM_BA_STATE_PATH,ASYMPTOTIC,PUBLISHED_MARKET_PROJECTION_REBASED,2075,65246.25054550333,,RIGHT_CENSORED_THROUGH_2075,1.0,,1720378.0,4163.0,REGISTERED_STATUTORY_SCHEDULE_FLOOR_OVER_PUBLISHED_NO_ADDITIONAL_POLICY_MARKET_PROJECTION_ON_AN_AGE_SPECIFIC_SURVIVAL_WEIGHTED_VEHICLE_STOCK,PRIMARY_50_STATE,ENACTED_STATE_LAW_AS_WRITTEN_OVER_PUBLISHED_NO_ADDITIONAL_POLICY_PROJECTION__ACCII_FEDERAL_WAIVER_DISAPPROVED_PUBL_119_16__NOT_ENFORCEABLE_2026_09_05,NO_VEHICLE_RULE_38,AEO2026_ALTTRNP_STOCK_SHARE_REBASED_COHORT_INVERTED,none by 2075,No state vehicle policy,No clean electricity policy,No state policy
SD,South Dakota,expert_central_v33_candidate_asymptotic_ALTTRNP_equal_size_comparison,EQUAL_SIZE_COMPARISON_1000000_VEHICLES_AT_THE_MEASURED_NATIONAL_RATIO_2988_STI_UNITS_PER_MILLION_VEHICLES,2988.2771371689505,CAMBIUM_BA_STATE_PATH_WITH_REGISTERED_STATUTORY_FLOOR,ASYMPTOTIC,PUBLISHED_MARKET_PROJECTION_REBASED,2075,69201.94667873833,,RIGHT_CENSORED_THROUGH_2075,1.0,,282489.0,672.0,REGISTERED_STATUTORY_SCHEDULE_FLOOR_OVER_PUBLISHED_NO_ADDITIONAL_POLICY_MARKET_PROJECTION_ON_AN_AGE_SPECIFIC_SURVIVAL_WEIGHTED_VEHICLE_STOCK,PRIMARY_50_STATE,ENACTED_STATE_LAW_AS_WRITTEN_OVER_PUBLISHED_NO_ADDITIONAL_POLICY_PROJECTION__ACCII_FEDERAL_WAIVER_DISAPPROVED_PUBL_119_16__NOT_ENFORCEABLE_2026_09_05,NO_VEHICLE_RULE_38,AEO2026_ALTTRNP_STOCK_SHARE_REBASED_COHORT_INVERTED,none by 2075,No state vehicle policy,Partial clean electricity policy,No state vehicle policy + Partial clean electricity policy
TN,Tennessee,expert_central_v33_candidate_asymptotic_ALTTRNP_equal_size_comparison,EQUAL_SIZE_COMPARISON_1000000_VEHICLES_AT_THE_MEASURED_NATIONAL_RATIO_2988_STI_UNITS_PER_MILLION_VEHICLES,2988.2771371689505,CAMBIUM_BA_STATE_PATH,ASYMPTOTIC,PUBLISHED_MARKET_PROJECTION_REBASED,2075,65582.05177886187,,RIGHT_CENSORED_THROUGH_2075,1.0,,2253028.0,5145.0,REGISTERED_STATUTORY_SCHEDULE_FLOOR_OVER_PUBLISHED_NO_ADDITIONAL_POLICY_MARKET_PROJECTION_ON_AN_AGE_SPECIFIC_SURVIVAL_WEIGHTED_VEHICLE_STOCK,PRIMARY_50_STATE,ENACTED_STATE_LAW_AS_WRITTEN_OVER_PUBLISHED_NO_ADDITIONAL_POLICY_PROJECTION__ACCII_FEDERAL_WAIVER_DISAPPROVED_PUBL_119_16__NOT_ENFORCEABLE_2026_09_05,NO_VEHICLE_RULE_38,AEO2026_ALTTRNP_STOCK_SHARE_REBASED_COHORT_INVERTED,none by 2075,No state vehicle policy,No clean electricity policy,No state policy
TX,Texas,expert_central_v33_candidate_asymptotic_ALTTRNP_equal_size_comparison,EQUAL_SIZE_COMPARISON_1000000_VEHICLES_AT_THE_MEASURED_NATIONAL_RATIO_2988_STI_UNITS_PER_MILLION_VEHICLES,2988.2771371689505,CAMBIUM_BA_STATE_PATH,ASYMPTOTIC,PUBLISHED_MARKET_PROJECTION_REBASED,2075,68404.51550608264,,RIGHT_CENSORED_THROUGH_2075,1.0,,7281613.0,24007.0,REGISTERED_STATUTORY_SCHEDULE_FLOOR_OVER_PUBLISHED_NO_ADDITIONAL_POLICY_MARKET_PROJECTION_ON_AN_AGE_SPECIFIC_SURVIVAL_WEIGHTED_VEHICLE_STOCK,PRIMARY_50_STATE,ENACTED_STATE_LAW_AS_WRITTEN_OVER_PUBLISHED_NO_ADDITIONAL_POLICY_PROJECTION__ACCII_FEDERAL_WAIVER_DISAPPROVED_PUBL_119_16__NOT_ENFORCEABLE_2026_09_05,NO_VEHICLE_RULE_38,AEO2026_ALTTRNP_STOCK_SHARE_REBASED_COHORT_INVERTED,none by 2075,No state vehicle policy,No clean electricity policy,No state policy
UT,Utah,expert_central_v33_candidate_asymptotic_ALTTRNP_equal_size_comparison,EQUAL_SIZE_COMPARISON_1000000_VEHICLES_AT_THE_MEASURED_NATIONAL_RATIO_2988_STI_UNITS_PER_MILLION_VEHICLES,2988.2771371689505,CAMBIUM_BA_STATE_PATH_WITH_REGISTERED_STATUTORY_FLOOR,ASYMPTOTIC,PUBLISHED_MARKET_PROJECTION_REBASED,2075,67655.88459041544,,RIGHT_CENSORED_THROUGH_2075,1.0,,970972.0,2278.0,REGISTERED_STATUTORY_SCHEDULE_FLOOR_OVER_PUBLISHED_NO_ADDITIONAL_POLICY_MARKET_PROJECTION_ON_AN_AGE_SPECIFIC_SURVIVAL_WEIGHTED_VEHICLE_STOCK,PRIMARY_50_STATE,ENACTED_STATE_LAW_AS_WRITTEN_OVER_PUBLISHED_NO_ADDITIONAL_POLICY_PROJECTION__ACCII_FEDERAL_WAIVER_DISAPPROVED_PUBL_119_16__NOT_ENFORCEABLE_2026_09_05,NO_VEHICLE_RULE_38,AEO2026_ALTTRNP_STOCK_SHARE_REBASED_COHORT_INVERTED,none by 2075,No state vehicle policy,Partial clean electricity policy,No state vehicle policy + Partial clean electricity policy
VA,Virginia,expert_central_v33_candidate_asymptotic_ALTTRNP_equal_size_comparison,EQUAL_SIZE_COMPARISON_1000000_VEHICLES_AT_THE_MEASURED_NATIONAL_RATIO_2988_STI_UNITS_PER_MILLION_VEHICLES,2988.2771371689505,CAMBIUM_BA_STATE_PATH_WITH_REGISTERED_STATUTORY_FLOOR,ASYMPTOTIC,PUBLISHED_MARKET_PROJECTION_REBASED,2075,65140.56994334879,,RIGHT_CENSORED_THROUGH_2075,1.0,,2833864.0,7726.0,REGISTERED_STATUTORY_SCHEDULE_FLOOR_OVER_PUBLISHED_NO_ADDITIONAL_POLICY_MARKET_PROJECTION_ON_AN_AGE_SPECIFIC_SURVIVAL_WEIGHTED_VEHICLE_STOCK,PRIMARY_50_STATE,ENACTED_STATE_LAW_AS_WRITTEN_OVER_PUBLISHED_NO_ADDITIONAL_POLICY_PROJECTION__ACCII_FEDERAL_WAIVER_DISAPPROVED_PUBL_119_16__NOT_ENFORCEABLE_2026_09_05,NO_VEHICLE_RULE_38,AEO2026_ALTTRNP_STOCK_SHARE_REBASED_COHORT_INVERTED,none by 2075,No state vehicle policy,100% clean electricity policy,No state vehicle policy + 100% clean electricity policy
VT,Vermont,expert_central_v33_candidate_asymptotic_ALTTRNP_equal_size_comparison,EQUAL_SIZE_COMPARISON_1000000_VEHICLES_AT_THE_MEASURED_NATIONAL_RATIO_2988_STI_UNITS_PER_MILLION_VEHICLES,2988.2771371689505,CAMBIUM_BA_STATE_PATH_WITH_REGISTERED_STATUTORY_FLOOR,ASYMPTOTIC,POLICY_SCHEDULE_FLOOR_OVER_MARKET_PROJECTION,2034,2414.5621805647606,2034.0,IDENTIFIED,0.00020834111146157954,2034.0,164231.0,309.0,REGISTERED_STATUTORY_SCHEDULE_FLOOR_OVER_PUBLISHED_NO_ADDITIONAL_POLICY_MARKET_PROJECTION_ON_AN_AGE_SPECIFIC_SURVIVAL_WEIGHTED_VEHICLE_STOCK,PRIMARY_50_STATE,ENACTED_STATE_LAW_AS_WRITTEN_OVER_PUBLISHED_NO_ADDITIONAL_POLICY_PROJECTION__ACCII_FEDERAL_WAIVER_DISAPPROVED_PUBL_119_16__NOT_ENFORCEABLE_2026_09_05,FULL_SCHEDULE_10,ACCII_FULL_SCHEDULE_MY2035_100PCT,2034,Advanced Clean Cars II policy,100% clean electricity policy,Advanced Clean Cars II policy + 100% clean electricity policy
WA,Washington,expert_central_v33_candidate_asymptotic_ALTTRNP_equal_size_comparison,EQUAL_SIZE_COMPARISON_1000000_VEHICLES_AT_THE_MEASURED_NATIONAL_RATIO_2988_STI_UNITS_PER_MILLION_VEHICLES,2988.2771371689505,CAMBIUM_BA_STATE_PATH_WITH_REGISTERED_STATUTORY_FLOOR,ASYMPTOTIC,POLICY_SCHEDULE_FLOOR_OVER_MARKET_PROJECTION,2041,3405.647822254695,2041.0,IDENTIFIED,0.00014576569778111407,2041.0,2535919.0,6253.0,REGISTERED_STATUTORY_SCHEDULE_FLOOR_OVER_PUBLISHED_NO_ADDITIONAL_POLICY_MARKET_PROJECTION_ON_AN_AGE_SPECIFIC_SURVIVAL_WEIGHTED_VEHICLE_STOCK,PRIMARY_50_STATE,ENACTED_STATE_LAW_AS_WRITTEN_OVER_PUBLISHED_NO_ADDITIONAL_POLICY_PROJECTION__ACCII_FEDERAL_WAIVER_DISAPPROVED_PUBL_119_16__NOT_ENFORCEABLE_2026_09_05,FULL_SCHEDULE_10,ACCII_FULL_SCHEDULE_MY2035_100PCT,2041,Advanced Clean Cars II policy,100% clean electricity policy,Advanced Clean Cars II policy + 100% clean electricity policy
WI,Wisconsin,expert_central_v33_candidate_asymptotic_ALTTRNP_equal_size_comparison,EQUAL_SIZE_COMPARISON_1000000_VEHICLES_AT_THE_MEASURED_NATIONAL_RATIO_2988_STI_UNITS_PER_MILLION_VEHICLES,2988.2771371689505,CAMBIUM_BA_STATE_PATH_WITH_REGISTERED_STATUTORY_FLOOR,ASYMPTOTIC,PUBLISHED_MARKET_PROJECTION_REBASED,2075,74829.35389246358,,RIGHT_CENSORED_THROUGH_2075,1.0,,1626951.0,4305.0,REGISTERED_STATUTORY_SCHEDULE_FLOOR_OVER_PUBLISHED_NO_ADDITIONAL_POLICY_MARKET_PROJECTION_ON_AN_AGE_SPECIFIC_SURVIVAL_WEIGHTED_VEHICLE_STOCK,PRIMARY_50_STATE,ENACTED_STATE_LAW_AS_WRITTEN_OVER_PUBLISHED_NO_ADDITIONAL_POLICY_PROJECTION__ACCII_FEDERAL_WAIVER_DISAPPROVED_PUBL_119_16__NOT_ENFORCEABLE_2026_09_05,NO_VEHICLE_RULE_38,AEO2026_ALTTRNP_STOCK_SHARE_REBASED_COHORT_INVERTED,none by 2075,No state vehicle policy,Partial clean electricity policy,No state vehicle policy + Partial clean electricity policy
WV,West Virginia,expert_central_v33_candidate_asymptotic_ALTTRNP_equal_size_comparison,EQUAL_SIZE_COMPARISON_1000000_VEHICLES_AT_THE_MEASURED_NATIONAL_RATIO_2988_STI_UNITS_PER_MILLION_VEHICLES,2988.2771371689505,CAMBIUM_BA_STATE_PATH,ASYMPTOTIC,PUBLISHED_MARKET_PROJECTION_REBASED,2075,68156.99284125443,,RIGHT_CENSORED_THROUGH_2075,1.0,,398614.0,1068.0,REGISTERED_STATUTORY_SCHEDULE_FLOOR_OVER_PUBLISHED_NO_ADDITIONAL_POLICY_MARKET_PROJECTION_ON_AN_AGE_SPECIFIC_SURVIVAL_WEIGHTED_VEHICLE_STOCK,PRIMARY_50_STATE,ENACTED_STATE_LAW_AS_WRITTEN_OVER_PUBLISHED_NO_ADDITIONAL_POLICY_PROJECTION__ACCII_FEDERAL_WAIVER_DISAPPROVED_PUBL_119_16__NOT_ENFORCEABLE_2026_09_05,NO_VEHICLE_RULE_38,AEO2026_ALTTRNP_STOCK_SHARE_REBASED_COHORT_INVERTED,none by 2075,No state vehicle policy,No clean electricity policy,No state policy
WY,Wyoming,expert_central_v33_candidate_asymptotic_ALTTRNP_equal_size_comparison,EQUAL_SIZE_COMPARISON_1000000_VEHICLES_AT_THE_MEASURED_NATIONAL_RATIO_2988_STI_UNITS_PER_MILLION_VEHICLES,2988.2771371689505,CAMBIUM_BA_STATE_PATH,ASYMPTOTIC,PUBLISHED_MARKET_PROJECTION_REBASED,2075,77167.26791250579,,RIGHT_CENSORED_THROUGH_2075,1.0,,166107.0,431.0,REGISTERED_STATUTORY_SCHEDULE_FLOOR_OVER_PUBLISHED_NO_ADDITIONAL_POLICY_MARKET_PROJECTION_ON_AN_AGE_SPECIFIC_SURVIVAL_WEIGHTED_VEHICLE_STOCK,PRIMARY_50_STATE,ENACTED_STATE_LAW_AS_WRITTEN_OVER_PUBLISHED_NO_ADDITIONAL_POLICY_PROJECTION__ACCII_FEDERAL_WAIVER_DISAPPROVED_PUBL_119_16__NOT_ENFORCEABLE_2026_09_05,NO_VEHICLE_RULE_38,AEO2026_ALTTRNP_STOCK_SHARE_REBASED_COHORT_INVERTED,none by 2075,No state vehicle policy,No clean electricity policy,No state policy
