series,year,national_direct_co2_kg,national_direct_co2_metric_tonnes,national_gasoline_direct_co2_kg,national_energy_kwh_eq,national_electricity_kwh,national_sti_electricity_kwh,capacity_basis
v33_central_grid_ASYMPTOTIC,2025,12638576.546050519,12638.576546050519,12496776.697986042,47874545.286707394,486070.5795925172,263581.31031884125,REAL_CAPACITY_FHWA_MV1_2024_REGISTERED_AUTOMOBILES_AND_STI_V2_INTERSECTIONS
v33_central_grid_ASYMPTOTIC,2026,48131716.44757622,48131.71644757622,47009881.60829973,183149410.58061302,4885315.8130085645,1050739.958348502,REAL_CAPACITY_FHWA_MV1_2024_REGISTERED_AUTOMOBILES_AND_STI_V2_INTERSECTIONS
v33_central_grid_ASYMPTOTIC,2027,104996674.74143302,104996.67474143303,101581183.04898795,400584023.3498026,15382507.793271212,2355931.881402141,REAL_CAPACITY_FHWA_MV1_2024_REGISTERED_AUTOMOBILES_AND_STI_V2_INTERSECTIONS
v33_central_grid_ASYMPTOTIC,2028,168988802.52943385,168988.80252943386,162613227.8472563,646506070.7118824,29867634.968376603,3971348.11248293,REAL_CAPACITY_FHWA_MV1_2024_REGISTERED_AUTOMOBILES_AND_STI_V2_INTERSECTIONS
v33_central_grid_ASYMPTOTIC,2029,235535180.4683376,235535.18046833758,225728742.05255955,903935922.3756237,47959934.171364084,5829054.852217466,REAL_CAPACITY_FHWA_MV1_2024_REGISTERED_AUTOMOBILES_AND_STI_V2_INTERSECTIONS
v33_central_grid_ASYMPTOTIC,2030,301175093.9341904,301175.0939341904,288068603.9876397,1161764603.9298184,69392379.96408685,7882857.926389339,REAL_CAPACITY_FHWA_MV1_2024_REGISTERED_AUTOMOBILES_AND_STI_V2_INTERSECTIONS
v33_central_grid_ASYMPTOTIC,2031,365223051.0948159,365223.0510948159,348312937.53166693,1414330847.2245312,93508748.11153762,10101572.052593062,REAL_CAPACITY_FHWA_MV1_2024_REGISTERED_AUTOMOBILES_AND_STI_V2_INTERSECTIONS
v33_central_grid_ASYMPTOTIC,2032,426596334.18814427,426596.33418814425,406035720.01300955,1659247447.5505288,119537335.652428,12464183.135917837,REAL_CAPACITY_FHWA_MV1_2024_REGISTERED_AUTOMOBILES_AND_STI_V2_INTERSECTIONS
v33_central_grid_ASYMPTOTIC,2033,487666141.810753,487666.141810753,463502252.3936385,1906292954.5976164,148666544.59810913,15008507.675452087,REAL_CAPACITY_FHWA_MV1_2024_REGISTERED_AUTOMOBILES_AND_STI_V2_INTERSECTIONS
v33_central_grid_ASYMPTOTIC,2034,552470509.6447655,552470.5096447655,524299518.8534142,2171410281.599412,183237243.97591013,17801584.100871034,REAL_CAPACITY_FHWA_MV1_2024_REGISTERED_AUTOMOBILES_AND_STI_V2_INTERSECTIONS
v33_central_grid_ASYMPTOTIC,2035,613955375.8456601,613955.3758456601,587656500.1851035,2452182397.5164332,223756150.61219278,20833522.439643584,REAL_CAPACITY_FHWA_MV1_2024_REGISTERED_AUTOMOBILES_AND_STI_V2_INTERSECTIONS
v33_central_grid_ASYMPTOTIC,2036,685609935.3070102,685609.9353070102,654979132.664059,2752545027.703251,268827601.0374698,24094320.054372918,REAL_CAPACITY_FHWA_MV1_2024_REGISTERED_AUTOMOBILES_AND_STI_V2_INTERSECTIONS
v33_central_grid_ASYMPTOTIC,2037,761566953.1519753,761566.9531519753,726474395.9343225,3072839663.631039,318008208.3607945,27448789.674063236,REAL_CAPACITY_FHWA_MV1_2024_REGISTERED_AUTOMOBILES_AND_STI_V2_INTERSECTIONS
v33_central_grid_ASYMPTOTIC,2038,841580830.1576203,841580.8301576204,802012853.0375528,3412184555.179343,370907054.63185495,30758367.98058185,REAL_CAPACITY_FHWA_MV1_2024_REGISTERED_AUTOMOBILES_AND_STI_V2_INTERSECTIONS
v33_central_grid_ASYMPTOTIC,2039,924269442.3403511,924269.4423403511,880219282.9500788,3765628193.633665,427787546.0115579,34007951.86816032,REAL_CAPACITY_FHWA_MV1_2024_REGISTERED_AUTOMOBILES_AND_STI_V2_INTERSECTIONS
v33_central_grid_ASYMPTOTIC,2040,997739711.5953381,997739.7115953381,959619785.6404191,4127868184.3633137,488936399.04969645,37438735.71747539,REAL_CAPACITY_FHWA_MV1_2024_REGISTERED_AUTOMOBILES_AND_STI_V2_INTERSECTIONS
v33_central_grid_ASYMPTOTIC,2041,1082775285.194323,1082775.2851943232,1039486463.6220604,4496200877.646202,554410191.9183472,41114278.18103095,REAL_CAPACITY_FHWA_MV1_2024_REGISTERED_AUTOMOBILES_AND_STI_V2_INTERSECTIONS
v33_central_grid_ASYMPTOTIC,2042,1168932496.729903,1168932.496729903,1120102506.821074,4871856321.45532,624365100.5854883,45070308.95344562,REAL_CAPACITY_FHWA_MV1_2024_REGISTERED_AUTOMOBILES_AND_STI_V2_INTERSECTIONS
v33_central_grid_ASYMPTOTIC,2043,1257133600.4548066,1257133.6004548066,1202372683.532873,5258366706.436341,698902383.8237787,49323246.49058813,REAL_CAPACITY_FHWA_MV1_2024_REGISTERED_AUTOMOBILES_AND_STI_V2_INTERSECTIONS
v33_central_grid_ASYMPTOTIC,2044,1348540269.9495528,1348540.2699495528,1287447289.738926,5660254044.274458,778182066.756532,53876314.06325013,REAL_CAPACITY_FHWA_MV1_2024_REGISTERED_AUTOMOBILES_AND_STI_V2_INTERSECTIONS
v33_central_grid_ASYMPTOTIC,2045,1431520726.0399697,1431520.7260399696,1376282935.734009,6081472319.573776,862530614.3598533,58657807.66020569,REAL_CAPACITY_FHWA_MV1_2024_REGISTERED_AUTOMOBILES_AND_STI_V2_INTERSECTIONS
v33_central_grid_ASYMPTOTIC,2046,1531215537.7492597,1531215.5377492597,1469752639.6454694,6525464876.28875,952080837.1245426,63558625.81702062,REAL_CAPACITY_FHWA_MV1_2024_REGISTERED_AUTOMOBILES_AND_STI_V2_INTERSECTIONS
v33_central_grid_ASYMPTOTIC,2047,1636223365.0235608,1636223.3650235608,1568068199.5768943,6993244263.29756,1047042133.6991199,68566871.84328005,REAL_CAPACITY_FHWA_MV1_2024_REGISTERED_AUTOMOBILES_AND_STI_V2_INTERSECTIONS
v33_central_grid_ASYMPTOTIC,2048,1746542128.2817762,1746542.128281776,1671232056.4949436,7484687044.875561,1147281812.077135,73670409.85182087,REAL_CAPACITY_FHWA_MV1_2024_REGISTERED_AUTOMOBILES_AND_STI_V2_INTERSECTIONS
v33_central_grid_ASYMPTOTIC,2049,1862676382.359948,1862676.382359948,1779868811.9928682,8001252206.681894,1251890333.8159482,78856851.04674934,REAL_CAPACITY_FHWA_MV1_2024_REGISTERED_AUTOMOBILES_AND_STI_V2_INTERSECTIONS
v33_central_grid_ASYMPTOTIC,2050,1972226476.4302278,1972226.4764302277,1894241669.4885693,8543205764.302047,1360135632.4504876,84113539.43227758,REAL_CAPACITY_FHWA_MV1_2024_REGISTERED_AUTOMOBILES_AND_STI_V2_INTERSECTIONS
v33_central_grid_ASYMPTOTIC,2051,2088617699.4409182,2088617.6994409182,2004045847.7524028,9067421892.744606,1467968188.541165,89427536.92152327,REAL_CAPACITY_FHWA_MV1_2024_REGISTERED_AUTOMOBILES_AND_STI_V2_INTERSECTIONS
v33_central_grid_ASYMPTOTIC,2052,2208222009.448206,2208222.009448206,2116858246.5232341,9606214131.55632,1578969514.9440799,94785607.82373685,REAL_CAPACITY_FHWA_MV1_2024_REGISTERED_AUTOMOBILES_AND_STI_V2_INTERSECTIONS
v33_central_grid_ASYMPTOTIC,2053,2330309609.657519,2330309.609657519,2231944266.9115734,10156751740.764633,1693094511.674949,100174202.6877221,REAL_CAPACITY_FHWA_MV1_2024_REGISTERED_AUTOMOBILES_AND_STI_V2_INTERSECTIONS
v33_central_grid_ASYMPTOTIC,2054,2454152046.113423,2454152.046113423,2348569220.350053,10716212367.00223,1810306805.4182553,105579441.47849421,REAL_CAPACITY_FHWA_MV1_2024_REGISTERED_AUTOMOBILES_AND_STI_V2_INTERSECTIONS
v33_central_grid_ASYMPTOTIC,2055,2579153243.5601087,2579153.243560109,2466146128.9298835,11282211573.181923,1930447812.0772686,110987096.06347685,REAL_CAPACITY_FHWA_MV1_2024_REGISTERED_AUTOMOBILES_AND_STI_V2_INTERSECTIONS
v33_central_grid_ASYMPTOTIC,2056,2704720238.515402,2704720.2385154017,2584089309.0933824,11852374689.507973,2053363806.5950685,116382571.98377605,REAL_CAPACITY_FHWA_MV1_2024_REGISTERED_AUTOMOBILES_AND_STI_V2_INTERSECTIONS
v33_central_grid_ASYMPTOTIC,2057,2830079090.6993337,2830079.0906993337,2701607344.6752667,12423729245.109945,2179083412.370384,121750889.48527907,REAL_CAPACITY_FHWA_MV1_2024_REGISTERED_AUTOMOBILES_AND_STI_V2_INTERSECTIONS
v33_central_grid_ASYMPTOTIC,2058,2954641151.8796396,2954641.15187964,2818117890.087432,12993905107.823204,2307444784.2104616,127076663.78351495,REAL_CAPACITY_FHWA_MV1_2024_REGISTERED_AUTOMOBILES_AND_STI_V2_INTERSECTIONS
v33_central_grid_ASYMPTOTIC,2059,3077680981.82661,3077680.98182661,2932884613.8804746,13560073423.044088,2438411277.4637976,132344084.53537859,REAL_CAPACITY_FHWA_MV1_2024_REGISTERED_AUTOMOBILES_AND_STI_V2_INTERSECTIONS
v33_central_grid_ASYMPTOTIC,2060,3198686354.964889,3198686.354964889,3045412804.006325,14120089611.478281,2571714288.5331783,137536894.48995632,REAL_CAPACITY_FHWA_MV1_2024_REGISTERED_AUTOMOBILES_AND_STI_V2_INTERSECTIONS
v33_central_grid_ASYMPTOTIC,2061,3318284075.658178,3318284.075658178,3156490102.1123176,14675514613.244295,2705927976.4506526,142638367.289806,REAL_CAPACITY_FHWA_MV1_2024_REGISTERED_AUTOMOBILES_AND_STI_V2_INTERSECTIONS
v33_central_grid_ASYMPTOTIC,2062,3436938512.5516467,3436938.5125516467,3266719283.7750716,15227344170.878437,2839762325.1239753,147631284.39313006,REAL_CAPACITY_FHWA_MV1_2024_REGISTERED_AUTOMOBILES_AND_STI_V2_INTERSECTIONS
v33_central_grid_ASYMPTOTIC,2063,3552378091.0417747,3552378.091041775,3373630077.7383857,15767608068.737312,2974614525.3836894,152497911.08633783,REAL_CAPACITY_FHWA_MV1_2024_REGISTERED_AUTOMOBILES_AND_STI_V2_INTERSECTIONS
v33_central_grid_ASYMPTOTIC,2064,3665141477.5518827,3665141.4775518826,3477914492.7331147,16297493915.51138,3109048050.190576,157219971.5555273,REAL_CAPACITY_FHWA_MV1_2024_REGISTERED_AUTOMOBILES_AND_STI_V2_INTERSECTIONS
v33_central_grid_ASYMPTOTIC,2065,3774609566.1352983,3774609.5661352985,3578966121.0627503,16814375089.20968,3242735809.3835626,161778622.98441312,REAL_CAPACITY_FHWA_MV1_2024_REGISTERED_AUTOMOBILES_AND_STI_V2_INTERSECTIONS
v33_central_grid_ASYMPTOTIC,2066,3880091713.984133,3880091.7139841327,3676102391.6643686,17315360900.36594,3375375461.0625525,166154428.64520586,REAL_CAPACITY_FHWA_MV1_2024_REGISTERED_AUTOMOBILES_AND_STI_V2_INTERSECTIONS
v33_central_grid_ASYMPTOTIC,2067,3981006174.3506484,3981006.174350648,3768767046.8901052,17797882233.8508,3506507250.144651,170327329.94788492,REAL_CAPACITY_FHWA_MV1_2024_REGISTERED_AUTOMOBILES_AND_STI_V2_INTERSECTIONS
v33_central_grid_ASYMPTOTIC,2068,4076732260.6459312,4076732.260645931,3856364526.5717835,18259207018.746864,3635657503.109515,174276617.41221848,REAL_CAPACITY_FHWA_MV1_2024_REGISTERED_AUTOMOBILES_AND_STI_V2_INTERSECTIONS
v33_central_grid_ASYMPTOTIC,2069,4166406994.523317,4166406.994523317,3938033039.712906,18695777603.315556,3762536527.7754493,177980900.52576306,REAL_CAPACITY_FHWA_MV1_2024_REGISTERED_AUTOMOBILES_AND_STI_V2_INTERSECTIONS
v33_central_grid_ASYMPTOTIC,2070,4249341389.6679387,4249341.389667938,4013110611.7195725,19104562789.79663,3886623370.988304,181418076.44991788,REAL_CAPACITY_FHWA_MV1_2024_REGISTERED_AUTOMOBILES_AND_STI_V2_INTERSECTIONS
v33_central_grid_ASYMPTOTIC,2071,4324661546.179035,4324661.546179035,4080733969.632433,19481888848.048588,4007517881.8493047,184565297.5349207,REAL_CAPACITY_FHWA_MV1_2024_REGISTERED_AUTOMOBILES_AND_STI_V2_INTERSECTIONS
v33_central_grid_ASYMPTOTIC,2072,4391706500.138676,4391706.500138676,4140283081.25855,19824729013.671246,4124544492.639037,187398937.6034477,REAL_CAPACITY_FHWA_MV1_2024_REGISTERED_AUTOMOBILES_AND_STI_V2_INTERSECTIONS
v33_central_grid_ASYMPTOTIC,2073,4451369074.848164,4451369.074848164,4192874682.194802,20135042579.61072,4235427772.593188,189894556.96121672,REAL_CAPACITY_FHWA_MV1_2024_REGISTERED_AUTOMOBILES_AND_STI_V2_INTERSECTIONS
v33_central_grid_ASYMPTOTIC,2074,4504318555.3169155,4504318.555316916,4239377170.8768826,20414000726.10429,4338045886.613915,192026866.0916965,REAL_CAPACITY_FHWA_MV1_2024_REGISTERED_AUTOMOBILES_AND_STI_V2_INTERSECTIONS
v33_central_grid_ASYMPTOTIC,2075,4547815870.400437,4547815.870400437,4276867457.115847,20651682659.419357,4433562562.108224,193769687.99068934,REAL_CAPACITY_FHWA_MV1_2024_REGISTERED_AUTOMOBILES_AND_STI_V2_INTERSECTIONS
v31_grid_TREND,2025,12638576.546050519,12638.576546050519,12496776.697986042,47874545.286707394,486070.5795925172,263581.31031884125,REAL_CAPACITY_FHWA_MV1_2024_REGISTERED_AUTOMOBILES_AND_STI_V2_INTERSECTIONS
v31_grid_TREND,2026,48131716.44757622,48131.71644757622,47009881.60829973,183149410.58061302,4885315.8130085645,1050739.958348502,REAL_CAPACITY_FHWA_MV1_2024_REGISTERED_AUTOMOBILES_AND_STI_V2_INTERSECTIONS
v31_grid_TREND,2027,104996674.74143302,104996.67474143303,101581183.04898795,400584023.3498026,15382507.793271212,2355931.881402141,REAL_CAPACITY_FHWA_MV1_2024_REGISTERED_AUTOMOBILES_AND_STI_V2_INTERSECTIONS
v31_grid_TREND,2028,168988802.52943385,168988.80252943386,162613227.8472563,646506070.7118824,29867634.968376603,3971348.11248293,REAL_CAPACITY_FHWA_MV1_2024_REGISTERED_AUTOMOBILES_AND_STI_V2_INTERSECTIONS
v31_grid_TREND,2029,235535180.4683376,235535.18046833758,225728742.05255955,903935922.3756237,47959934.171364084,5829054.852217466,REAL_CAPACITY_FHWA_MV1_2024_REGISTERED_AUTOMOBILES_AND_STI_V2_INTERSECTIONS
v31_grid_TREND,2030,301175093.9341904,301175.0939341904,288068603.9876397,1161764603.9298184,69392379.96408685,7882857.926389339,REAL_CAPACITY_FHWA_MV1_2024_REGISTERED_AUTOMOBILES_AND_STI_V2_INTERSECTIONS
v31_grid_TREND,2031,365223051.0948159,365223.0510948159,348312937.53166693,1414330847.2245312,93508748.11153762,10101572.052593062,REAL_CAPACITY_FHWA_MV1_2024_REGISTERED_AUTOMOBILES_AND_STI_V2_INTERSECTIONS
v31_grid_TREND,2032,426596334.18814427,426596.33418814425,406035720.01300955,1659247447.5505288,119537335.652428,12464183.135917837,REAL_CAPACITY_FHWA_MV1_2024_REGISTERED_AUTOMOBILES_AND_STI_V2_INTERSECTIONS
v31_grid_TREND,2033,487666141.810753,487666.141810753,463502252.3936385,1906292954.5976164,148666544.59810913,15008507.675452087,REAL_CAPACITY_FHWA_MV1_2024_REGISTERED_AUTOMOBILES_AND_STI_V2_INTERSECTIONS
v31_grid_TREND,2034,552470509.6447655,552470.5096447655,524299518.8534142,2171410281.599412,183237243.97591013,17801584.100871034,REAL_CAPACITY_FHWA_MV1_2024_REGISTERED_AUTOMOBILES_AND_STI_V2_INTERSECTIONS
v31_grid_TREND,2035,613955375.8456601,613955.3758456601,587656500.1851035,2452182397.5164332,223756150.61219278,20833522.439643584,REAL_CAPACITY_FHWA_MV1_2024_REGISTERED_AUTOMOBILES_AND_STI_V2_INTERSECTIONS
v31_grid_TREND,2036,685609935.3070102,685609.9353070102,654979132.664059,2752545027.703251,268827601.0374698,24094320.054372918,REAL_CAPACITY_FHWA_MV1_2024_REGISTERED_AUTOMOBILES_AND_STI_V2_INTERSECTIONS
v31_grid_TREND,2037,761566953.1519753,761566.9531519753,726474395.9343225,3072839663.631039,318008208.3607945,27448789.674063236,REAL_CAPACITY_FHWA_MV1_2024_REGISTERED_AUTOMOBILES_AND_STI_V2_INTERSECTIONS
v31_grid_TREND,2038,841580830.1576203,841580.8301576204,802012853.0375528,3412184555.179343,370907054.63185495,30758367.98058185,REAL_CAPACITY_FHWA_MV1_2024_REGISTERED_AUTOMOBILES_AND_STI_V2_INTERSECTIONS
v31_grid_TREND,2039,924269442.3403511,924269.4423403511,880219282.9500788,3765628193.633665,427787546.0115579,34007951.86816032,REAL_CAPACITY_FHWA_MV1_2024_REGISTERED_AUTOMOBILES_AND_STI_V2_INTERSECTIONS
v31_grid_TREND,2040,997739711.5953381,997739.7115953381,959619785.6404191,4127868184.3633137,488936399.04969645,37438735.71747539,REAL_CAPACITY_FHWA_MV1_2024_REGISTERED_AUTOMOBILES_AND_STI_V2_INTERSECTIONS
v31_grid_TREND,2041,1082775285.194323,1082775.2851943232,1039486463.6220604,4496200877.646202,554410191.9183472,41114278.18103095,REAL_CAPACITY_FHWA_MV1_2024_REGISTERED_AUTOMOBILES_AND_STI_V2_INTERSECTIONS
v31_grid_TREND,2042,1168932496.729903,1168932.496729903,1120102506.821074,4871856321.45532,624365100.5854883,45070308.95344562,REAL_CAPACITY_FHWA_MV1_2024_REGISTERED_AUTOMOBILES_AND_STI_V2_INTERSECTIONS
v31_grid_TREND,2043,1257133600.4548066,1257133.6004548066,1202372683.532873,5258366706.436341,698902383.8237787,49323246.49058813,REAL_CAPACITY_FHWA_MV1_2024_REGISTERED_AUTOMOBILES_AND_STI_V2_INTERSECTIONS
v31_grid_TREND,2044,1348540269.9495528,1348540.2699495528,1287447289.738926,5660254044.274458,778182066.756532,53876314.06325013,REAL_CAPACITY_FHWA_MV1_2024_REGISTERED_AUTOMOBILES_AND_STI_V2_INTERSECTIONS
v31_grid_TREND,2045,1431520726.0399697,1431520.7260399696,1376282935.734009,6081472319.573776,862530614.3598533,58657807.66020569,REAL_CAPACITY_FHWA_MV1_2024_REGISTERED_AUTOMOBILES_AND_STI_V2_INTERSECTIONS
v31_grid_TREND,2046,1531215537.7492597,1531215.5377492597,1469752639.6454694,6525464876.28875,952080837.1245426,63558625.81702062,REAL_CAPACITY_FHWA_MV1_2024_REGISTERED_AUTOMOBILES_AND_STI_V2_INTERSECTIONS
v31_grid_TREND,2047,1636223365.0235608,1636223.3650235608,1568068199.5768943,6993244263.29756,1047042133.6991199,68566871.84328005,REAL_CAPACITY_FHWA_MV1_2024_REGISTERED_AUTOMOBILES_AND_STI_V2_INTERSECTIONS
v31_grid_TREND,2048,1746542128.2817762,1746542.128281776,1671232056.4949436,7484687044.875561,1147281812.077135,73670409.85182087,REAL_CAPACITY_FHWA_MV1_2024_REGISTERED_AUTOMOBILES_AND_STI_V2_INTERSECTIONS
v31_grid_TREND,2049,1862676382.359948,1862676.382359948,1779868811.9928682,8001252206.681894,1251890333.8159482,78856851.04674934,REAL_CAPACITY_FHWA_MV1_2024_REGISTERED_AUTOMOBILES_AND_STI_V2_INTERSECTIONS
v31_grid_TREND,2050,1972226476.4302278,1972226.4764302277,1894241669.4885693,8543205764.302047,1360135632.4504876,84113539.43227758,REAL_CAPACITY_FHWA_MV1_2024_REGISTERED_AUTOMOBILES_AND_STI_V2_INTERSECTIONS
v31_grid_TREND,2051,2088939601.8291585,2088939.6018291586,2004045847.7524028,9067421892.744606,1467968188.541165,89427536.92152327,REAL_CAPACITY_FHWA_MV1_2024_REGISTERED_AUTOMOBILES_AND_STI_V2_INTERSECTIONS
v31_grid_TREND,2052,2208892632.037007,2208892.632037007,2116858246.5232341,9606214131.55632,1578969514.9440799,94785607.82373685,REAL_CAPACITY_FHWA_MV1_2024_REGISTERED_AUTOMOBILES_AND_STI_V2_INTERSECTIONS
v31_grid_TREND,2053,2331364320.161024,2331364.320161024,2231944266.9115734,10156751740.764633,1693094511.674949,100174202.6877221,REAL_CAPACITY_FHWA_MV1_2024_REGISTERED_AUTOMOBILES_AND_STI_V2_INTERSECTIONS
v31_grid_TREND,2054,2455646236.8732886,2455646.2368732886,2348569220.350053,10716212367.00223,1810306805.4182553,105579441.47849421,REAL_CAPACITY_FHWA_MV1_2024_REGISTERED_AUTOMOBILES_AND_STI_V2_INTERSECTIONS
v31_grid_TREND,2055,2581117625.4618053,2581117.625461805,2466146128.9298835,11282211573.181923,1930447812.0772686,110987096.06347685,REAL_CAPACITY_FHWA_MV1_2024_REGISTERED_AUTOMOBILES_AND_STI_V2_INTERSECTIONS
v31_grid_TREND,2056,2707184231.233274,2707184.231233274,2584089309.0933824,11852374689.507973,2053363806.5950685,116382571.98377605,REAL_CAPACITY_FHWA_MV1_2024_REGISTERED_AUTOMOBILES_AND_STI_V2_INTERSECTIONS
v31_grid_TREND,2057,2833070430.4070997,2833070.4304071,2701607344.6752667,12423729245.109945,2179083412.370384,121750889.48527907,REAL_CAPACITY_FHWA_MV1_2024_REGISTERED_AUTOMOBILES_AND_STI_V2_INTERSECTIONS
v31_grid_TREND,2058,2957821088.15593,2957821.08815593,2818117890.087432,12993905107.823204,2307444784.2104616,127076663.78351495,REAL_CAPACITY_FHWA_MV1_2024_REGISTERED_AUTOMOBILES_AND_STI_V2_INTERSECTIONS
v31_grid_TREND,2059,3080959319.9851093,3080959.3199851094,2932884613.8804746,13560073423.044088,2438411277.4637976,132344084.53537859,REAL_CAPACITY_FHWA_MV1_2024_REGISTERED_AUTOMOBILES_AND_STI_V2_INTERSECTIONS
v31_grid_TREND,2060,3202040457.192327,3202040.457192327,3045412804.006325,14120089611.478281,2571714288.5331783,137536894.48995632,REAL_CAPACITY_FHWA_MV1_2024_REGISTERED_AUTOMOBILES_AND_STI_V2_INTERSECTIONS
v31_grid_TREND,2061,3321721845.611095,3321721.845611095,3156490102.1123176,14675514613.244295,2705927976.4506526,142638367.289806,REAL_CAPACITY_FHWA_MV1_2024_REGISTERED_AUTOMOBILES_AND_STI_V2_INTERSECTIONS
v31_grid_TREND,2062,3440455010.5367355,3440455.0105367354,3266719283.7750716,15227344170.878437,2839762325.1239753,147631284.39313006,REAL_CAPACITY_FHWA_MV1_2024_REGISTERED_AUTOMOBILES_AND_STI_V2_INTERSECTIONS
v31_grid_TREND,2063,3555948722.0732894,3555948.7220732896,3373630077.7383857,15767608068.737312,2974614525.3836894,152497911.08633783,REAL_CAPACITY_FHWA_MV1_2024_REGISTERED_AUTOMOBILES_AND_STI_V2_INTERSECTIONS
v31_grid_TREND,2064,3668739288.4996967,3668739.2884996966,3477914492.7331147,16297493915.51138,3109048050.190576,157219971.5555273,REAL_CAPACITY_FHWA_MV1_2024_REGISTERED_AUTOMOBILES_AND_STI_V2_INTERSECTIONS
v31_grid_TREND,2065,3778204963.2960377,3778204.9632960376,3578966121.0627503,16814375089.20968,3242735809.3835626,161778622.98441312,REAL_CAPACITY_FHWA_MV1_2024_REGISTERED_AUTOMOBILES_AND_STI_V2_INTERSECTIONS
v31_grid_TREND,2066,3883652452.441658,3883652.452441658,3676102391.6643686,17315360900.36594,3375375461.0625525,166154428.64520586,REAL_CAPACITY_FHWA_MV1_2024_REGISTERED_AUTOMOBILES_AND_STI_V2_INTERSECTIONS
v31_grid_TREND,2067,3984497485.9865437,3984497.485986544,3768767046.8901052,17797882233.8508,3506507250.144651,170327329.94788492,REAL_CAPACITY_FHWA_MV1_2024_REGISTERED_AUTOMOBILES_AND_STI_V2_INTERSECTIONS
v31_grid_TREND,2068,4080116935.8604784,4080116.9358604783,3856364526.5717835,18259207018.746864,3635657503.109515,174276617.41221848,REAL_CAPACITY_FHWA_MV1_2024_REGISTERED_AUTOMOBILES_AND_STI_V2_INTERSECTIONS
v31_grid_TREND,2069,4169645235.6760755,4169645.2356760753,3938033039.712906,18695777603.315556,3762536527.7754493,177980900.52576306,REAL_CAPACITY_FHWA_MV1_2024_REGISTERED_AUTOMOBILES_AND_STI_V2_INTERSECTIONS
v31_grid_TREND,2070,4252391075.6663694,4252391.07566637,4013110611.7195725,19104562789.79663,3886623370.988304,181418076.44991788,REAL_CAPACITY_FHWA_MV1_2024_REGISTERED_AUTOMOBILES_AND_STI_V2_INTERSECTIONS
v31_grid_TREND,2071,4327478129.6341095,4327478.129634109,4080733969.632433,19481888848.048588,4007517881.8493047,184565297.5349207,REAL_CAPACITY_FHWA_MV1_2024_REGISTERED_AUTOMOBILES_AND_STI_V2_INTERSECTIONS
v31_grid_TREND,2072,4394298456.666166,4394298.456666166,4140283081.25855,19824729013.671246,4124544492.639037,187398937.6034477,REAL_CAPACITY_FHWA_MV1_2024_REGISTERED_AUTOMOBILES_AND_STI_V2_INTERSECTIONS
v31_grid_TREND,2073,4453710377.235817,4453710.377235817,4192874682.194802,20135042579.61072,4235427772.593188,189894556.96121672,REAL_CAPACITY_FHWA_MV1_2024_REGISTERED_AUTOMOBILES_AND_STI_V2_INTERSECTIONS
v31_grid_TREND,2074,4506398464.988329,4506398.4649883285,4239377170.8768826,20414000726.10429,4338045886.613915,192026866.0916965,REAL_CAPACITY_FHWA_MV1_2024_REGISTERED_AUTOMOBILES_AND_STI_V2_INTERSECTIONS
v31_grid_TREND,2075,4549616109.606667,4549616.1096066665,4276867457.115847,20651682659.419357,4433562562.108224,193769687.99068934,REAL_CAPACITY_FHWA_MV1_2024_REGISTERED_AUTOMOBILES_AND_STI_V2_INTERSECTIONS
v31_grid_FROZEN,2025,12638576.546050519,12638.576546050519,12496776.697986042,47874545.286707394,486070.5795925172,263581.31031884125,REAL_CAPACITY_FHWA_MV1_2024_REGISTERED_AUTOMOBILES_AND_STI_V2_INTERSECTIONS
v31_grid_FROZEN,2026,48131716.44757622,48131.71644757622,47009881.60829973,183149410.58061302,4885315.8130085645,1050739.958348502,REAL_CAPACITY_FHWA_MV1_2024_REGISTERED_AUTOMOBILES_AND_STI_V2_INTERSECTIONS
v31_grid_FROZEN,2027,104996674.74143302,104996.67474143303,101581183.04898795,400584023.3498026,15382507.793271212,2355931.881402141,REAL_CAPACITY_FHWA_MV1_2024_REGISTERED_AUTOMOBILES_AND_STI_V2_INTERSECTIONS
v31_grid_FROZEN,2028,168988802.52943385,168988.80252943386,162613227.8472563,646506070.7118824,29867634.968376603,3971348.11248293,REAL_CAPACITY_FHWA_MV1_2024_REGISTERED_AUTOMOBILES_AND_STI_V2_INTERSECTIONS
v31_grid_FROZEN,2029,235535180.4683376,235535.18046833758,225728742.05255955,903935922.3756237,47959934.171364084,5829054.852217466,REAL_CAPACITY_FHWA_MV1_2024_REGISTERED_AUTOMOBILES_AND_STI_V2_INTERSECTIONS
v31_grid_FROZEN,2030,301175093.9341904,301175.0939341904,288068603.9876397,1161764603.9298184,69392379.96408685,7882857.926389339,REAL_CAPACITY_FHWA_MV1_2024_REGISTERED_AUTOMOBILES_AND_STI_V2_INTERSECTIONS
v31_grid_FROZEN,2031,365223051.0948159,365223.0510948159,348312937.53166693,1414330847.2245312,93508748.11153762,10101572.052593062,REAL_CAPACITY_FHWA_MV1_2024_REGISTERED_AUTOMOBILES_AND_STI_V2_INTERSECTIONS
v31_grid_FROZEN,2032,426596334.18814427,426596.33418814425,406035720.01300955,1659247447.5505288,119537335.652428,12464183.135917837,REAL_CAPACITY_FHWA_MV1_2024_REGISTERED_AUTOMOBILES_AND_STI_V2_INTERSECTIONS
v31_grid_FROZEN,2033,487666141.810753,487666.141810753,463502252.3936385,1906292954.5976164,148666544.59810913,15008507.675452087,REAL_CAPACITY_FHWA_MV1_2024_REGISTERED_AUTOMOBILES_AND_STI_V2_INTERSECTIONS
v31_grid_FROZEN,2034,552470509.6447655,552470.5096447655,524299518.8534142,2171410281.599412,183237243.97591013,17801584.100871034,REAL_CAPACITY_FHWA_MV1_2024_REGISTERED_AUTOMOBILES_AND_STI_V2_INTERSECTIONS
v31_grid_FROZEN,2035,613955375.8456601,613955.3758456601,587656500.1851035,2452182397.5164332,223756150.61219278,20833522.439643584,REAL_CAPACITY_FHWA_MV1_2024_REGISTERED_AUTOMOBILES_AND_STI_V2_INTERSECTIONS
v31_grid_FROZEN,2036,685609935.3070102,685609.9353070102,654979132.664059,2752545027.703251,268827601.0374698,24094320.054372918,REAL_CAPACITY_FHWA_MV1_2024_REGISTERED_AUTOMOBILES_AND_STI_V2_INTERSECTIONS
v31_grid_FROZEN,2037,761566953.1519753,761566.9531519753,726474395.9343225,3072839663.631039,318008208.3607945,27448789.674063236,REAL_CAPACITY_FHWA_MV1_2024_REGISTERED_AUTOMOBILES_AND_STI_V2_INTERSECTIONS
v31_grid_FROZEN,2038,841580830.1576203,841580.8301576204,802012853.0375528,3412184555.179343,370907054.63185495,30758367.98058185,REAL_CAPACITY_FHWA_MV1_2024_REGISTERED_AUTOMOBILES_AND_STI_V2_INTERSECTIONS
v31_grid_FROZEN,2039,924269442.3403511,924269.4423403511,880219282.9500788,3765628193.633665,427787546.0115579,34007951.86816032,REAL_CAPACITY_FHWA_MV1_2024_REGISTERED_AUTOMOBILES_AND_STI_V2_INTERSECTIONS
v31_grid_FROZEN,2040,997739711.5953381,997739.7115953381,959619785.6404191,4127868184.3633137,488936399.04969645,37438735.71747539,REAL_CAPACITY_FHWA_MV1_2024_REGISTERED_AUTOMOBILES_AND_STI_V2_INTERSECTIONS
v31_grid_FROZEN,2041,1082775285.194323,1082775.2851943232,1039486463.6220604,4496200877.646202,554410191.9183472,41114278.18103095,REAL_CAPACITY_FHWA_MV1_2024_REGISTERED_AUTOMOBILES_AND_STI_V2_INTERSECTIONS
v31_grid_FROZEN,2042,1168932496.729903,1168932.496729903,1120102506.821074,4871856321.45532,624365100.5854883,45070308.95344562,REAL_CAPACITY_FHWA_MV1_2024_REGISTERED_AUTOMOBILES_AND_STI_V2_INTERSECTIONS
v31_grid_FROZEN,2043,1257133600.4548066,1257133.6004548066,1202372683.532873,5258366706.436341,698902383.8237787,49323246.49058813,REAL_CAPACITY_FHWA_MV1_2024_REGISTERED_AUTOMOBILES_AND_STI_V2_INTERSECTIONS
v31_grid_FROZEN,2044,1348540269.9495528,1348540.2699495528,1287447289.738926,5660254044.274458,778182066.756532,53876314.06325013,REAL_CAPACITY_FHWA_MV1_2024_REGISTERED_AUTOMOBILES_AND_STI_V2_INTERSECTIONS
v31_grid_FROZEN,2045,1431520726.0399697,1431520.7260399696,1376282935.734009,6081472319.573776,862530614.3598533,58657807.66020569,REAL_CAPACITY_FHWA_MV1_2024_REGISTERED_AUTOMOBILES_AND_STI_V2_INTERSECTIONS
v31_grid_FROZEN,2046,1531215537.7492597,1531215.5377492597,1469752639.6454694,6525464876.28875,952080837.1245426,63558625.81702062,REAL_CAPACITY_FHWA_MV1_2024_REGISTERED_AUTOMOBILES_AND_STI_V2_INTERSECTIONS
v31_grid_FROZEN,2047,1636223365.0235608,1636223.3650235608,1568068199.5768943,6993244263.29756,1047042133.6991199,68566871.84328005,REAL_CAPACITY_FHWA_MV1_2024_REGISTERED_AUTOMOBILES_AND_STI_V2_INTERSECTIONS
v31_grid_FROZEN,2048,1746542128.2817762,1746542.128281776,1671232056.4949436,7484687044.875561,1147281812.077135,73670409.85182087,REAL_CAPACITY_FHWA_MV1_2024_REGISTERED_AUTOMOBILES_AND_STI_V2_INTERSECTIONS
v31_grid_FROZEN,2049,1862676382.359948,1862676.382359948,1779868811.9928682,8001252206.681894,1251890333.8159482,78856851.04674934,REAL_CAPACITY_FHWA_MV1_2024_REGISTERED_AUTOMOBILES_AND_STI_V2_INTERSECTIONS
v31_grid_FROZEN,2050,1972226476.4302278,1972226.4764302277,1894241669.4885693,8543205764.302047,1360135632.4504876,84113539.43227758,REAL_CAPACITY_FHWA_MV1_2024_REGISTERED_AUTOMOBILES_AND_STI_V2_INTERSECTIONS
v31_grid_FROZEN,2051,2089079260.5551536,2089079.2605551537,2004045847.7524028,9067421892.744606,1467968188.541165,89427536.92152327,REAL_CAPACITY_FHWA_MV1_2024_REGISTERED_AUTOMOBILES_AND_STI_V2_INTERSECTIONS
v31_grid_FROZEN,2052,2209215089.145948,2209215.0891459477,2116858246.5232341,9606214131.55632,1578969514.9440799,94785607.82373685,REAL_CAPACITY_FHWA_MV1_2024_REGISTERED_AUTOMOBILES_AND_STI_V2_INTERSECTIONS
v31_grid_FROZEN,2053,2331908472.429596,2331908.472429596,2231944266.9115734,10156751740.764633,1693094511.674949,100174202.6877221,REAL_CAPACITY_FHWA_MV1_2024_REGISTERED_AUTOMOBILES_AND_STI_V2_INTERSECTIONS
v31_grid_FROZEN,2054,2456435448.780893,2456435.448780893,2348569220.350053,10716212367.00223,1810306805.4182553,105579441.47849421,REAL_CAPACITY_FHWA_MV1_2024_REGISTERED_AUTOMOBILES_AND_STI_V2_INTERSECTIONS
v31_grid_FROZEN,2055,2582204023.483903,2582204.023483903,2466146128.9298835,11282211573.181923,1930447812.0772686,110987096.06347685,REAL_CAPACITY_FHWA_MV1_2024_REGISTERED_AUTOMOBILES_AND_STI_V2_INTERSECTIONS
v31_grid_FROZEN,2056,2708625144.877571,2708625.144877571,2584089309.0933824,11852374689.507973,2053363806.5950685,116382571.98377605,REAL_CAPACITY_FHWA_MV1_2024_REGISTERED_AUTOMOBILES_AND_STI_V2_INTERSECTIONS
v31_grid_FROZEN,2057,2834929973.554354,2834929.973554354,2701607344.6752667,12423729245.109945,2179083412.370384,121750889.48527907,REAL_CAPACITY_FHWA_MV1_2024_REGISTERED_AUTOMOBILES_AND_STI_V2_INTERSECTIONS
v31_grid_FROZEN,2058,2960534083.821487,2960534.083821487,2818117890.087432,12993905107.823204,2307444784.2104616,127076663.78351495,REAL_CAPACITY_FHWA_MV1_2024_REGISTERED_AUTOMOBILES_AND_STI_V2_INTERSECTIONS
v31_grid_FROZEN,2059,3084717367.21552,3084717.36721552,2932884613.8804746,13560073423.044088,2438411277.4637976,132344084.53537859,REAL_CAPACITY_FHWA_MV1_2024_REGISTERED_AUTOMOBILES_AND_STI_V2_INTERSECTIONS
v31_grid_FROZEN,2060,3206971179.817296,3206971.179817296,3045412804.006325,14120089611.478281,2571714288.5331783,137536894.48995632,REAL_CAPACITY_FHWA_MV1_2024_REGISTERED_AUTOMOBILES_AND_STI_V2_INTERSECTIONS
v31_grid_FROZEN,2061,3327913389.4583845,3327913.3894583844,3156490102.1123176,14675514613.244295,2705927976.4506526,142638367.289806,REAL_CAPACITY_FHWA_MV1_2024_REGISTERED_AUTOMOBILES_AND_STI_V2_INTERSECTIONS
v31_grid_FROZEN,2062,3447996913.9098606,3447996.9139098604,3266719283.7750716,15227344170.878437,2839762325.1239753,147631284.39313006,REAL_CAPACITY_FHWA_MV1_2024_REGISTERED_AUTOMOBILES_AND_STI_V2_INTERSECTIONS
v31_grid_FROZEN,2063,3564968390.457508,3564968.390457508,3373630077.7383857,15767608068.737312,2974614525.3836894,152497911.08633783,REAL_CAPACITY_FHWA_MV1_2024_REGISTERED_AUTOMOBILES_AND_STI_V2_INTERSECTIONS
v31_grid_FROZEN,2064,3679353188.449447,3679353.188449447,3477914492.7331147,16297493915.51138,3109048050.190576,157219971.5555273,REAL_CAPACITY_FHWA_MV1_2024_REGISTERED_AUTOMOBILES_AND_STI_V2_INTERSECTIONS
v31_grid_FROZEN,2065,3790530705.2375255,3790530.7052375255,3578966121.0627503,16814375089.20968,3242735809.3835626,161778622.98441312,REAL_CAPACITY_FHWA_MV1_2024_REGISTERED_AUTOMOBILES_AND_STI_V2_INTERSECTIONS
v31_grid_FROZEN,2066,3897809268.2595425,3897809.2682595425,3676102391.6643686,17315360900.36594,3375375461.0625525,166154428.64520586,REAL_CAPACITY_FHWA_MV1_2024_REGISTERED_AUTOMOBILES_AND_STI_V2_INTERSECTIONS
v31_grid_FROZEN,2067,4000603920.982326,4000603.920982326,3768767046.8901052,17797882233.8508,3506507250.144651,170327329.94788492,REAL_CAPACITY_FHWA_MV1_2024_REGISTERED_AUTOMOBILES_AND_STI_V2_INTERSECTIONS
v31_grid_FROZEN,2068,4098290390.316592,4098290.390316592,3856364526.5717835,18259207018.746864,3635657503.109515,174276617.41221848,REAL_CAPACITY_FHWA_MV1_2024_REGISTERED_AUTOMOBILES_AND_STI_V2_INTERSECTIONS
v31_grid_FROZEN,2069,4190005139.7209926,4190005.1397209927,3938033039.712906,18695777603.315556,3762536527.7754493,177980900.52576306,REAL_CAPACITY_FHWA_MV1_2024_REGISTERED_AUTOMOBILES_AND_STI_V2_INTERSECTIONS
v31_grid_FROZEN,2070,4275055065.4328747,4275055.0654328745,4013110611.7195725,19104562789.79663,3886623370.988304,181418076.44991788,REAL_CAPACITY_FHWA_MV1_2024_REGISTERED_AUTOMOBILES_AND_STI_V2_INTERSECTIONS
v31_grid_FROZEN,2071,4352564322.852989,4352564.32285299,4080733969.632433,19481888848.048588,4007517881.8493047,184565297.5349207,REAL_CAPACITY_FHWA_MV1_2024_REGISTERED_AUTOMOBILES_AND_STI_V2_INTERSECTIONS
v31_grid_FROZEN,2072,4421865111.379494,4421865.111379494,4140283081.25855,19824729013.671246,4124544492.639037,187398937.6034477,REAL_CAPACITY_FHWA_MV1_2024_REGISTERED_AUTOMOBILES_AND_STI_V2_INTERSECTIONS
v31_grid_FROZEN,2073,4483811295.461414,4483811.295461414,4192874682.194802,20135042579.61072,4235427772.593188,189894556.96121672,REAL_CAPACITY_FHWA_MV1_2024_REGISTERED_AUTOMOBILES_AND_STI_V2_INTERSECTIONS
v31_grid_FROZEN,2074,4539031721.178799,4539031.721178799,4239377170.8768826,20414000726.10429,4338045886.613915,192026866.0916965,REAL_CAPACITY_FHWA_MV1_2024_REGISTERED_AUTOMOBILES_AND_STI_V2_INTERSECTIONS
v31_grid_FROZEN,2075,4584812844.919732,4584812.844919732,4276867457.115847,20651682659.419357,4433562562.108224,193769687.99068934,REAL_CAPACITY_FHWA_MV1_2024_REGISTERED_AUTOMOBILES_AND_STI_V2_INTERSECTIONS
v31_grid_STATUTE,2025,12638576.546050519,12638.576546050519,12496776.697986042,47874545.286707394,486070.5795925172,263581.31031884125,REAL_CAPACITY_FHWA_MV1_2024_REGISTERED_AUTOMOBILES_AND_STI_V2_INTERSECTIONS
v31_grid_STATUTE,2026,48131716.44757622,48131.71644757622,47009881.60829973,183149410.58061302,4885315.8130085645,1050739.958348502,REAL_CAPACITY_FHWA_MV1_2024_REGISTERED_AUTOMOBILES_AND_STI_V2_INTERSECTIONS
v31_grid_STATUTE,2027,104996674.74143302,104996.67474143303,101581183.04898795,400584023.3498026,15382507.793271212,2355931.881402141,REAL_CAPACITY_FHWA_MV1_2024_REGISTERED_AUTOMOBILES_AND_STI_V2_INTERSECTIONS
v31_grid_STATUTE,2028,168988802.52943385,168988.80252943386,162613227.8472563,646506070.7118824,29867634.968376603,3971348.11248293,REAL_CAPACITY_FHWA_MV1_2024_REGISTERED_AUTOMOBILES_AND_STI_V2_INTERSECTIONS
v31_grid_STATUTE,2029,235535180.4683376,235535.18046833758,225728742.05255955,903935922.3756237,47959934.171364084,5829054.852217466,REAL_CAPACITY_FHWA_MV1_2024_REGISTERED_AUTOMOBILES_AND_STI_V2_INTERSECTIONS
v31_grid_STATUTE,2030,301175093.9341904,301175.0939341904,288068603.9876397,1161764603.9298184,69392379.96408685,7882857.926389339,REAL_CAPACITY_FHWA_MV1_2024_REGISTERED_AUTOMOBILES_AND_STI_V2_INTERSECTIONS
v31_grid_STATUTE,2031,365223051.0948159,365223.0510948159,348312937.53166693,1414330847.2245312,93508748.11153762,10101572.052593062,REAL_CAPACITY_FHWA_MV1_2024_REGISTERED_AUTOMOBILES_AND_STI_V2_INTERSECTIONS
v31_grid_STATUTE,2032,426596334.18814427,426596.33418814425,406035720.01300955,1659247447.5505288,119537335.652428,12464183.135917837,REAL_CAPACITY_FHWA_MV1_2024_REGISTERED_AUTOMOBILES_AND_STI_V2_INTERSECTIONS
v31_grid_STATUTE,2033,487666141.810753,487666.141810753,463502252.3936385,1906292954.5976164,148666544.59810913,15008507.675452087,REAL_CAPACITY_FHWA_MV1_2024_REGISTERED_AUTOMOBILES_AND_STI_V2_INTERSECTIONS
v31_grid_STATUTE,2034,552470509.6447655,552470.5096447655,524299518.8534142,2171410281.599412,183237243.97591013,17801584.100871034,REAL_CAPACITY_FHWA_MV1_2024_REGISTERED_AUTOMOBILES_AND_STI_V2_INTERSECTIONS
v31_grid_STATUTE,2035,613955375.8456601,613955.3758456601,587656500.1851035,2452182397.5164332,223756150.61219278,20833522.439643584,REAL_CAPACITY_FHWA_MV1_2024_REGISTERED_AUTOMOBILES_AND_STI_V2_INTERSECTIONS
v31_grid_STATUTE,2036,685609935.3070102,685609.9353070102,654979132.664059,2752545027.703251,268827601.0374698,24094320.054372918,REAL_CAPACITY_FHWA_MV1_2024_REGISTERED_AUTOMOBILES_AND_STI_V2_INTERSECTIONS
v31_grid_STATUTE,2037,761566953.1519753,761566.9531519753,726474395.9343225,3072839663.631039,318008208.3607945,27448789.674063236,REAL_CAPACITY_FHWA_MV1_2024_REGISTERED_AUTOMOBILES_AND_STI_V2_INTERSECTIONS
v31_grid_STATUTE,2038,841580830.1576203,841580.8301576204,802012853.0375528,3412184555.179343,370907054.63185495,30758367.98058185,REAL_CAPACITY_FHWA_MV1_2024_REGISTERED_AUTOMOBILES_AND_STI_V2_INTERSECTIONS
v31_grid_STATUTE,2039,924269442.3403511,924269.4423403511,880219282.9500788,3765628193.633665,427787546.0115579,34007951.86816032,REAL_CAPACITY_FHWA_MV1_2024_REGISTERED_AUTOMOBILES_AND_STI_V2_INTERSECTIONS
v31_grid_STATUTE,2040,997739711.5953381,997739.7115953381,959619785.6404191,4127868184.3633137,488936399.04969645,37438735.71747539,REAL_CAPACITY_FHWA_MV1_2024_REGISTERED_AUTOMOBILES_AND_STI_V2_INTERSECTIONS
v31_grid_STATUTE,2041,1082775285.194323,1082775.2851943232,1039486463.6220604,4496200877.646202,554410191.9183472,41114278.18103095,REAL_CAPACITY_FHWA_MV1_2024_REGISTERED_AUTOMOBILES_AND_STI_V2_INTERSECTIONS
v31_grid_STATUTE,2042,1168932496.729903,1168932.496729903,1120102506.821074,4871856321.45532,624365100.5854883,45070308.95344562,REAL_CAPACITY_FHWA_MV1_2024_REGISTERED_AUTOMOBILES_AND_STI_V2_INTERSECTIONS
v31_grid_STATUTE,2043,1257133600.4548066,1257133.6004548066,1202372683.532873,5258366706.436341,698902383.8237787,49323246.49058813,REAL_CAPACITY_FHWA_MV1_2024_REGISTERED_AUTOMOBILES_AND_STI_V2_INTERSECTIONS
v31_grid_STATUTE,2044,1348540269.9495528,1348540.2699495528,1287447289.738926,5660254044.274458,778182066.756532,53876314.06325013,REAL_CAPACITY_FHWA_MV1_2024_REGISTERED_AUTOMOBILES_AND_STI_V2_INTERSECTIONS
v31_grid_STATUTE,2045,1431520726.0399697,1431520.7260399696,1376282935.734009,6081472319.573776,862530614.3598533,58657807.66020569,REAL_CAPACITY_FHWA_MV1_2024_REGISTERED_AUTOMOBILES_AND_STI_V2_INTERSECTIONS
v31_grid_STATUTE,2046,1531215537.7492597,1531215.5377492597,1469752639.6454694,6525464876.28875,952080837.1245426,63558625.81702062,REAL_CAPACITY_FHWA_MV1_2024_REGISTERED_AUTOMOBILES_AND_STI_V2_INTERSECTIONS
v31_grid_STATUTE,2047,1636223365.0235608,1636223.3650235608,1568068199.5768943,6993244263.29756,1047042133.6991199,68566871.84328005,REAL_CAPACITY_FHWA_MV1_2024_REGISTERED_AUTOMOBILES_AND_STI_V2_INTERSECTIONS
v31_grid_STATUTE,2048,1746542128.2817762,1746542.128281776,1671232056.4949436,7484687044.875561,1147281812.077135,73670409.85182087,REAL_CAPACITY_FHWA_MV1_2024_REGISTERED_AUTOMOBILES_AND_STI_V2_INTERSECTIONS
v31_grid_STATUTE,2049,1862676382.359948,1862676.382359948,1779868811.9928682,8001252206.681894,1251890333.8159482,78856851.04674934,REAL_CAPACITY_FHWA_MV1_2024_REGISTERED_AUTOMOBILES_AND_STI_V2_INTERSECTIONS
v31_grid_STATUTE,2050,1972226476.4302278,1972226.4764302277,1894241669.4885693,8543205764.302047,1360135632.4504876,84113539.43227758,REAL_CAPACITY_FHWA_MV1_2024_REGISTERED_AUTOMOBILES_AND_STI_V2_INTERSECTIONS
v31_grid_STATUTE,2051,2089079260.5551536,2089079.2605551537,2004045847.7524028,9067421892.744606,1467968188.541165,89427536.92152327,REAL_CAPACITY_FHWA_MV1_2024_REGISTERED_AUTOMOBILES_AND_STI_V2_INTERSECTIONS
v31_grid_STATUTE,2052,2209215089.145948,2209215.0891459477,2116858246.5232341,9606214131.55632,1578969514.9440799,94785607.82373685,REAL_CAPACITY_FHWA_MV1_2024_REGISTERED_AUTOMOBILES_AND_STI_V2_INTERSECTIONS
v31_grid_STATUTE,2053,2331908472.429596,2331908.472429596,2231944266.9115734,10156751740.764633,1693094511.674949,100174202.6877221,REAL_CAPACITY_FHWA_MV1_2024_REGISTERED_AUTOMOBILES_AND_STI_V2_INTERSECTIONS
v31_grid_STATUTE,2054,2456435448.780893,2456435.448780893,2348569220.350053,10716212367.00223,1810306805.4182553,105579441.47849421,REAL_CAPACITY_FHWA_MV1_2024_REGISTERED_AUTOMOBILES_AND_STI_V2_INTERSECTIONS
v31_grid_STATUTE,2055,2582204023.483903,2582204.023483903,2466146128.9298835,11282211573.181923,1930447812.0772686,110987096.06347685,REAL_CAPACITY_FHWA_MV1_2024_REGISTERED_AUTOMOBILES_AND_STI_V2_INTERSECTIONS
v31_grid_STATUTE,2056,2708625144.877571,2708625.144877571,2584089309.0933824,11852374689.507973,2053363806.5950685,116382571.98377605,REAL_CAPACITY_FHWA_MV1_2024_REGISTERED_AUTOMOBILES_AND_STI_V2_INTERSECTIONS
v31_grid_STATUTE,2057,2834929973.554354,2834929.973554354,2701607344.6752667,12423729245.109945,2179083412.370384,121750889.48527907,REAL_CAPACITY_FHWA_MV1_2024_REGISTERED_AUTOMOBILES_AND_STI_V2_INTERSECTIONS
v31_grid_STATUTE,2058,2960534083.821487,2960534.083821487,2818117890.087432,12993905107.823204,2307444784.2104616,127076663.78351495,REAL_CAPACITY_FHWA_MV1_2024_REGISTERED_AUTOMOBILES_AND_STI_V2_INTERSECTIONS
v31_grid_STATUTE,2059,3084717367.21552,3084717.36721552,2932884613.8804746,13560073423.044088,2438411277.4637976,132344084.53537859,REAL_CAPACITY_FHWA_MV1_2024_REGISTERED_AUTOMOBILES_AND_STI_V2_INTERSECTIONS
v31_grid_STATUTE,2060,3206971179.817296,3206971.179817296,3045412804.006325,14120089611.478281,2571714288.5331783,137536894.48995632,REAL_CAPACITY_FHWA_MV1_2024_REGISTERED_AUTOMOBILES_AND_STI_V2_INTERSECTIONS
v31_grid_STATUTE,2061,3327913389.4583845,3327913.3894583844,3156490102.1123176,14675514613.244295,2705927976.4506526,142638367.289806,REAL_CAPACITY_FHWA_MV1_2024_REGISTERED_AUTOMOBILES_AND_STI_V2_INTERSECTIONS
v31_grid_STATUTE,2062,3447996913.9098606,3447996.9139098604,3266719283.7750716,15227344170.878437,2839762325.1239753,147631284.39313006,REAL_CAPACITY_FHWA_MV1_2024_REGISTERED_AUTOMOBILES_AND_STI_V2_INTERSECTIONS
v31_grid_STATUTE,2063,3564968390.457508,3564968.390457508,3373630077.7383857,15767608068.737312,2974614525.3836894,152497911.08633783,REAL_CAPACITY_FHWA_MV1_2024_REGISTERED_AUTOMOBILES_AND_STI_V2_INTERSECTIONS
v31_grid_STATUTE,2064,3679353188.449447,3679353.188449447,3477914492.7331147,16297493915.51138,3109048050.190576,157219971.5555273,REAL_CAPACITY_FHWA_MV1_2024_REGISTERED_AUTOMOBILES_AND_STI_V2_INTERSECTIONS
v31_grid_STATUTE,2065,3790530705.2375255,3790530.7052375255,3578966121.0627503,16814375089.20968,3242735809.3835626,161778622.98441312,REAL_CAPACITY_FHWA_MV1_2024_REGISTERED_AUTOMOBILES_AND_STI_V2_INTERSECTIONS
v31_grid_STATUTE,2066,3897809268.2595425,3897809.2682595425,3676102391.6643686,17315360900.36594,3375375461.0625525,166154428.64520586,REAL_CAPACITY_FHWA_MV1_2024_REGISTERED_AUTOMOBILES_AND_STI_V2_INTERSECTIONS
v31_grid_STATUTE,2067,4000603920.982326,4000603.920982326,3768767046.8901052,17797882233.8508,3506507250.144651,170327329.94788492,REAL_CAPACITY_FHWA_MV1_2024_REGISTERED_AUTOMOBILES_AND_STI_V2_INTERSECTIONS
v31_grid_STATUTE,2068,4098290390.316592,4098290.390316592,3856364526.5717835,18259207018.746864,3635657503.109515,174276617.41221848,REAL_CAPACITY_FHWA_MV1_2024_REGISTERED_AUTOMOBILES_AND_STI_V2_INTERSECTIONS
v31_grid_STATUTE,2069,4190005139.7209926,4190005.1397209927,3938033039.712906,18695777603.315556,3762536527.7754493,177980900.52576306,REAL_CAPACITY_FHWA_MV1_2024_REGISTERED_AUTOMOBILES_AND_STI_V2_INTERSECTIONS
v31_grid_STATUTE,2070,4275055065.4328747,4275055.0654328745,4013110611.7195725,19104562789.79663,3886623370.988304,181418076.44991788,REAL_CAPACITY_FHWA_MV1_2024_REGISTERED_AUTOMOBILES_AND_STI_V2_INTERSECTIONS
v31_grid_STATUTE,2071,4352564322.852989,4352564.32285299,4080733969.632433,19481888848.048588,4007517881.8493047,184565297.5349207,REAL_CAPACITY_FHWA_MV1_2024_REGISTERED_AUTOMOBILES_AND_STI_V2_INTERSECTIONS
v31_grid_STATUTE,2072,4421865111.379494,4421865.111379494,4140283081.25855,19824729013.671246,4124544492.639037,187398937.6034477,REAL_CAPACITY_FHWA_MV1_2024_REGISTERED_AUTOMOBILES_AND_STI_V2_INTERSECTIONS
v31_grid_STATUTE,2073,4483811295.461414,4483811.295461414,4192874682.194802,20135042579.61072,4235427772.593188,189894556.96121672,REAL_CAPACITY_FHWA_MV1_2024_REGISTERED_AUTOMOBILES_AND_STI_V2_INTERSECTIONS
v31_grid_STATUTE,2074,4539031721.178799,4539031.721178799,4239377170.8768826,20414000726.10429,4338045886.613915,192026866.0916965,REAL_CAPACITY_FHWA_MV1_2024_REGISTERED_AUTOMOBILES_AND_STI_V2_INTERSECTIONS
v31_grid_STATUTE,2075,4584812844.919732,4584812.844919732,4276867457.115847,20651682659.419357,4433562562.108224,193769687.99068934,REAL_CAPACITY_FHWA_MV1_2024_REGISTERED_AUTOMOBILES_AND_STI_V2_INTERSECTIONS
v31_vehicle_FROZEN,2025,12638576.546050519,12638.576546050519,12496776.697986042,47874545.286707394,486070.5795925172,263581.31031884125,REAL_CAPACITY_FHWA_MV1_2024_REGISTERED_AUTOMOBILES_AND_STI_V2_INTERSECTIONS
v31_vehicle_FROZEN,2026,48131716.44757622,48131.71644757622,47009881.60829973,183149410.58061302,4885315.8130085645,1050739.958348502,REAL_CAPACITY_FHWA_MV1_2024_REGISTERED_AUTOMOBILES_AND_STI_V2_INTERSECTIONS
v31_vehicle_FROZEN,2027,104996674.74143302,104996.67474143303,101581183.04898795,400584023.3498026,15382507.793271212,2355931.881402141,REAL_CAPACITY_FHWA_MV1_2024_REGISTERED_AUTOMOBILES_AND_STI_V2_INTERSECTIONS
v31_vehicle_FROZEN,2028,168988802.52943385,168988.80252943386,162613227.8472563,646506070.7118824,29867634.968376603,3971348.11248293,REAL_CAPACITY_FHWA_MV1_2024_REGISTERED_AUTOMOBILES_AND_STI_V2_INTERSECTIONS
v31_vehicle_FROZEN,2029,235535180.4683376,235535.18046833758,225728742.05255955,903935922.3756237,47959934.171364084,5829054.852217466,REAL_CAPACITY_FHWA_MV1_2024_REGISTERED_AUTOMOBILES_AND_STI_V2_INTERSECTIONS
v31_vehicle_FROZEN,2030,301175093.9341904,301175.0939341904,288068603.9876397,1161764603.9298184,69392379.96408685,7882857.926389339,REAL_CAPACITY_FHWA_MV1_2024_REGISTERED_AUTOMOBILES_AND_STI_V2_INTERSECTIONS
v31_vehicle_FROZEN,2031,365223051.0948159,365223.0510948159,348312937.53166693,1414330847.2245312,93508748.11153762,10101572.052593062,REAL_CAPACITY_FHWA_MV1_2024_REGISTERED_AUTOMOBILES_AND_STI_V2_INTERSECTIONS
v31_vehicle_FROZEN,2032,426596334.18814427,426596.33418814425,406035720.01300955,1659247447.5505288,119537335.652428,12464183.135917837,REAL_CAPACITY_FHWA_MV1_2024_REGISTERED_AUTOMOBILES_AND_STI_V2_INTERSECTIONS
v31_vehicle_FROZEN,2033,487666141.810753,487666.141810753,463502252.3936385,1906292954.5976164,148666544.59810913,15008507.675452087,REAL_CAPACITY_FHWA_MV1_2024_REGISTERED_AUTOMOBILES_AND_STI_V2_INTERSECTIONS
v31_vehicle_FROZEN,2034,552470509.6447655,552470.5096447655,524299518.8534142,2171410281.599412,183237243.97591013,17801584.100871034,REAL_CAPACITY_FHWA_MV1_2024_REGISTERED_AUTOMOBILES_AND_STI_V2_INTERSECTIONS
v31_vehicle_FROZEN,2035,613955375.8456601,613955.3758456601,587656500.1851035,2452182397.5164332,223756150.61219278,20833522.439643584,REAL_CAPACITY_FHWA_MV1_2024_REGISTERED_AUTOMOBILES_AND_STI_V2_INTERSECTIONS
v31_vehicle_FROZEN,2036,685609935.3070102,685609.9353070102,654979132.664059,2752545027.703251,268827601.0374698,24094320.054372918,REAL_CAPACITY_FHWA_MV1_2024_REGISTERED_AUTOMOBILES_AND_STI_V2_INTERSECTIONS
v31_vehicle_FROZEN,2037,761566953.1519753,761566.9531519753,726474395.9343225,3072839663.631039,318008208.3607945,27448789.674063236,REAL_CAPACITY_FHWA_MV1_2024_REGISTERED_AUTOMOBILES_AND_STI_V2_INTERSECTIONS
v31_vehicle_FROZEN,2038,841580830.1576203,841580.8301576204,802012853.0375528,3412184555.179343,370907054.63185495,30758367.98058185,REAL_CAPACITY_FHWA_MV1_2024_REGISTERED_AUTOMOBILES_AND_STI_V2_INTERSECTIONS
v31_vehicle_FROZEN,2039,924269442.3403511,924269.4423403511,880219282.9500788,3765628193.633665,427787546.0115579,34007951.86816032,REAL_CAPACITY_FHWA_MV1_2024_REGISTERED_AUTOMOBILES_AND_STI_V2_INTERSECTIONS
v31_vehicle_FROZEN,2040,997739711.5953381,997739.7115953381,959619785.6404191,4127868184.3633137,488936399.04969645,37438735.71747539,REAL_CAPACITY_FHWA_MV1_2024_REGISTERED_AUTOMOBILES_AND_STI_V2_INTERSECTIONS
v31_vehicle_FROZEN,2041,1082775285.194323,1082775.2851943232,1039486463.6220604,4496200877.646202,554410191.9183472,41114278.18103095,REAL_CAPACITY_FHWA_MV1_2024_REGISTERED_AUTOMOBILES_AND_STI_V2_INTERSECTIONS
v31_vehicle_FROZEN,2042,1168932496.729903,1168932.496729903,1120102506.821074,4871856321.45532,624365100.5854883,45070308.95344562,REAL_CAPACITY_FHWA_MV1_2024_REGISTERED_AUTOMOBILES_AND_STI_V2_INTERSECTIONS
v31_vehicle_FROZEN,2043,1257133600.4548066,1257133.6004548066,1202372683.532873,5258366706.436341,698902383.8237787,49323246.49058813,REAL_CAPACITY_FHWA_MV1_2024_REGISTERED_AUTOMOBILES_AND_STI_V2_INTERSECTIONS
v31_vehicle_FROZEN,2044,1348540269.9495528,1348540.2699495528,1287447289.738926,5660254044.274458,778182066.756532,53876314.06325013,REAL_CAPACITY_FHWA_MV1_2024_REGISTERED_AUTOMOBILES_AND_STI_V2_INTERSECTIONS
v31_vehicle_FROZEN,2045,1431520726.0399697,1431520.7260399696,1376282935.734009,6081472319.573776,862530614.3598533,58657807.66020569,REAL_CAPACITY_FHWA_MV1_2024_REGISTERED_AUTOMOBILES_AND_STI_V2_INTERSECTIONS
v31_vehicle_FROZEN,2046,1531215537.7492597,1531215.5377492597,1469752639.6454694,6525464876.28875,952080837.1245426,63558625.81702062,REAL_CAPACITY_FHWA_MV1_2024_REGISTERED_AUTOMOBILES_AND_STI_V2_INTERSECTIONS
v31_vehicle_FROZEN,2047,1636223365.0235608,1636223.3650235608,1568068199.5768943,6993244263.29756,1047042133.6991199,68566871.84328005,REAL_CAPACITY_FHWA_MV1_2024_REGISTERED_AUTOMOBILES_AND_STI_V2_INTERSECTIONS
v31_vehicle_FROZEN,2048,1746542128.2817762,1746542.128281776,1671232056.4949436,7484687044.875561,1147281812.077135,73670409.85182087,REAL_CAPACITY_FHWA_MV1_2024_REGISTERED_AUTOMOBILES_AND_STI_V2_INTERSECTIONS
v31_vehicle_FROZEN,2049,1862676382.359948,1862676.382359948,1779868811.9928682,8001252206.681894,1251890333.8159482,78856851.04674934,REAL_CAPACITY_FHWA_MV1_2024_REGISTERED_AUTOMOBILES_AND_STI_V2_INTERSECTIONS
v31_vehicle_FROZEN,2050,1972226476.4302278,1972226.4764302277,1894241669.4885693,8543205764.302047,1360135632.4504876,84113539.43227758,REAL_CAPACITY_FHWA_MV1_2024_REGISTERED_AUTOMOBILES_AND_STI_V2_INTERSECTIONS
v31_vehicle_FROZEN,2051,2099299283.816806,2099299.283816806,2016174058.4561179,9102681545.857573,1457236989.767651,89427536.92152327,REAL_CAPACITY_FHWA_MV1_2024_REGISTERED_AUTOMOBILES_AND_STI_V2_INTERSECTIONS
v31_vehicle_FROZEN,2052,2230745696.5120955,2230745.6965120956,2142405014.063701,9680484787.27297,1556365402.3346643,94785607.82373685,REAL_CAPACITY_FHWA_MV1_2024_REGISTERED_AUTOMOBILES_AND_STI_V2_INTERSECTIONS
v31_vehicle_FROZEN,2053,2365873290.3414927,2365873.2903414927,2272239523.972393,10273899836.28934,1657440743.4717782,100174202.6877221,REAL_CAPACITY_FHWA_MV1_2024_REGISTERED_AUTOMOBILES_AND_STI_V2_INTERSECTIONS
v31_vehicle_FROZEN,2054,2503992767.124771,2503992.767124771,2404984337.899256,10880224810.692966,1760389974.729769,105579441.47849421,REAL_CAPACITY_FHWA_MV1_2024_REGISTERED_AUTOMOBILES_AND_STI_V2_INTERSECTIONS
v31_vehicle_FROZEN,2055,2644503448.5811973,2644503.4485811973,2540044301.005595,11497051501.076168,1865061747.0659778,110987096.06347685,REAL_CAPACITY_FHWA_MV1_2024_REGISTERED_AUTOMOBILES_AND_STI_V2_INTERSECTIONS
v31_vehicle_FROZEN,2056,2786813405.719492,2786813.405719492,2676832007.536842,12122000230.79872,1971303859.245711,116382571.98377605,REAL_CAPACITY_FHWA_MV1_2024_REGISTERED_AUTOMOBILES_AND_STI_V2_INTERSECTIONS
v31_vehicle_FROZEN,2057,2930132848.0872455,2930132.8480872456,2814535333.76614,12752038327.08112,2079163256.9878523,121750889.48527907,REAL_CAPACITY_FHWA_MV1_2024_REGISTERED_AUTOMOBILES_AND_STI_V2_INTERSECTIONS
v31_vehicle_FROZEN,2058,3073837947.6765957,3073837.9476765958,2952529577.367868,13384672516.439035,2188515572.8926,127076663.78351495,REAL_CAPACITY_FHWA_MV1_2024_REGISTERED_AUTOMOBILES_AND_STI_V2_INTERSECTIONS
v31_vehicle_FROZEN,2059,3217158121.8624363,3217158.121862436,3090025050.5702977,14016918824.48545,2299371372.6772957,132344084.53537859,REAL_CAPACITY_FHWA_MV1_2024_REGISTERED_AUTOMOBILES_AND_STI_V2_INTERSECTIONS
v31_vehicle_FROZEN,2060,3359525487.656109,3359525.487656109,3226462105.8100715,14646443888.61749,2411519508.534288,137536894.48995632,REAL_CAPACITY_FHWA_MV1_2024_REGISTERED_AUTOMOBILES_AND_STI_V2_INTERSECTIONS
v31_vehicle_FROZEN,2061,3501159909.3257556,3501159.9093257557,3362168653.1997366,15273472097.764225,2523940915.944587,142638367.289806,REAL_CAPACITY_FHWA_MV1_2024_REGISTERED_AUTOMOBILES_AND_STI_V2_INTERSECTIONS
v31_vehicle_FROZEN,2062,3642099582.7772737,3642099.582777274,3497267729.454701,15897604477.117065,2635770058.007871,147631284.39313006,REAL_CAPACITY_FHWA_MV1_2024_REGISTERED_AUTOMOBILES_AND_STI_V2_INTERSECTIONS
v31_vehicle_FROZEN,2063,3791885843.6084166,3791885.8436084166,3642553161.000545,16549432763.371794,2736667879.190587,152497911.08633783,REAL_CAPACITY_FHWA_MV1_2024_REGISTERED_AUTOMOBILES_AND_STI_V2_INTERSECTIONS
v31_vehicle_FROZEN,2064,3940026305.16392,3940026.30516392,3786309245.6608124,17194072337.154446,2836176356.6470327,157219971.5555273,REAL_CAPACITY_FHWA_MV1_2024_REGISTERED_AUTOMOBILES_AND_STI_V2_INTERSECTIONS
v31_vehicle_FROZEN,2065,4085320880.6297727,4085320.880629773,3927277116.6863723,17826999719.59815,2934545704.482724,161778622.98441312,REAL_CAPACITY_FHWA_MV1_2024_REGISTERED_AUTOMOBILES_AND_STI_V2_INTERSECTIONS
v31_vehicle_FROZEN,2066,4226911262.982316,4226911.262982316,4064586781.40334,18444779341.109634,3031639413.879689,166154428.64520586,REAL_CAPACITY_FHWA_MV1_2024_REGISTERED_AUTOMOBILES_AND_STI_V2_INTERSECTIONS
v31_vehicle_FROZEN,2067,4364060564.531949,4364060.564531949,4197509129.321005,19044339561.378616,3127150672.201405,170327329.94788492,REAL_CAPACITY_FHWA_MV1_2024_REGISTERED_AUTOMOBILES_AND_STI_V2_INTERSECTIONS
v31_vehicle_FROZEN,2068,4496055798.068446,4496055.798068446,4325346516.451673,19622651527.03951,3220696131.020451,174276617.41221848,REAL_CAPACITY_FHWA_MV1_2024_REGISTERED_AUTOMOBILES_AND_STI_V2_INTERSECTIONS
v31_vehicle_FROZEN,2069,4621940307.832388,4621940.307832388,4447133787.2816305,20175857080.60643,3312077556.426055,177980900.52576306,REAL_CAPACITY_FHWA_MV1_2024_REGISTERED_AUTOMOBILES_AND_STI_V2_INTERSECTIONS
v31_vehicle_FROZEN,2070,4740923080.482168,4740923.080482168,4562096530.81652,20700598144.404655,3400873480.4554296,181418076.44991788,REAL_CAPACITY_FHWA_MV1_2024_REGISTERED_AUTOMOBILES_AND_STI_V2_INTERSECTIONS
v31_vehicle_FROZEN,2071,4852007415.168975,4852007.415168975,4669236124.7376375,21192807494.843693,3486803511.085576,184565297.5349207,REAL_CAPACITY_FHWA_MV1_2024_REGISTERED_AUTOMOBILES_AND_STI_V2_INTERSECTIONS
v31_vehicle_FROZEN,2072,4954387983.150674,4954387.983150674,4767773465.612698,21648995908.80983,3569332828.901206,187398937.6034477,REAL_CAPACITY_FHWA_MV1_2024_REGISTERED_AUTOMOBILES_AND_STI_V2_INTERSECTIONS
v31_vehicle_FROZEN,2073,5048095303.385127,5048095.303385127,4857866526.33178,22068335323.283405,3647034328.8667192,189894556.96121672,REAL_CAPACITY_FHWA_MV1_2024_REGISTERED_AUTOMOBILES_AND_STI_V2_INTERSECTIONS
v31_vehicle_FROZEN,2074,5132921351.99113,5132921.35199113,4939410798.728509,22449168442.79832,3718647016.315734,192026866.0916965,REAL_CAPACITY_FHWA_MV1_2024_REGISTERED_AUTOMOBILES_AND_STI_V2_INTERSECTIONS
v31_vehicle_FROZEN,2075,5219267165.091344,5219267.165091344,5024112505.109176,22824105436.88318,3772390412.445323,193769687.99068934,REAL_CAPACITY_FHWA_MV1_2024_REGISTERED_AUTOMOBILES_AND_STI_V2_INTERSECTIONS
v33_vehicle_TREND,2025,12638576.546050519,12638.576546050519,12496776.697986042,47874545.286707394,486070.5795925172,263581.31031884125,REAL_CAPACITY_FHWA_MV1_2024_REGISTERED_AUTOMOBILES_AND_STI_V2_INTERSECTIONS
v33_vehicle_TREND,2026,48131716.44757622,48131.71644757622,47009881.60829973,183149410.58061302,4885315.8130085645,1050739.958348502,REAL_CAPACITY_FHWA_MV1_2024_REGISTERED_AUTOMOBILES_AND_STI_V2_INTERSECTIONS
v33_vehicle_TREND,2027,104996674.74143302,104996.67474143303,101581183.04898795,400584023.3498026,15382507.793271212,2355931.881402141,REAL_CAPACITY_FHWA_MV1_2024_REGISTERED_AUTOMOBILES_AND_STI_V2_INTERSECTIONS
v33_vehicle_TREND,2028,168988802.52943385,168988.80252943386,162613227.8472563,646506070.7118824,29867634.968376603,3971348.11248293,REAL_CAPACITY_FHWA_MV1_2024_REGISTERED_AUTOMOBILES_AND_STI_V2_INTERSECTIONS
v33_vehicle_TREND,2029,235535180.4683376,235535.18046833758,225728742.05255955,903935922.3756237,47959934.171364084,5829054.852217466,REAL_CAPACITY_FHWA_MV1_2024_REGISTERED_AUTOMOBILES_AND_STI_V2_INTERSECTIONS
v33_vehicle_TREND,2030,301175093.9341904,301175.0939341904,288068603.9876397,1161764603.9298184,69392379.96408685,7882857.926389339,REAL_CAPACITY_FHWA_MV1_2024_REGISTERED_AUTOMOBILES_AND_STI_V2_INTERSECTIONS
v33_vehicle_TREND,2031,365223051.0948159,365223.0510948159,348312937.53166693,1414330847.2245312,93508748.11153762,10101572.052593062,REAL_CAPACITY_FHWA_MV1_2024_REGISTERED_AUTOMOBILES_AND_STI_V2_INTERSECTIONS
v33_vehicle_TREND,2032,426596334.18814427,426596.33418814425,406035720.01300955,1659247447.5505288,119537335.652428,12464183.135917837,REAL_CAPACITY_FHWA_MV1_2024_REGISTERED_AUTOMOBILES_AND_STI_V2_INTERSECTIONS
v33_vehicle_TREND,2033,487666141.810753,487666.141810753,463502252.3936385,1906292954.5976164,148666544.59810913,15008507.675452087,REAL_CAPACITY_FHWA_MV1_2024_REGISTERED_AUTOMOBILES_AND_STI_V2_INTERSECTIONS
v33_vehicle_TREND,2034,552470509.6447655,552470.5096447655,524299518.8534142,2171410281.599412,183237243.97591013,17801584.100871034,REAL_CAPACITY_FHWA_MV1_2024_REGISTERED_AUTOMOBILES_AND_STI_V2_INTERSECTIONS
v33_vehicle_TREND,2035,613955375.8456601,613955.3758456601,587656500.1851035,2452182397.5164332,223756150.61219278,20833522.439643584,REAL_CAPACITY_FHWA_MV1_2024_REGISTERED_AUTOMOBILES_AND_STI_V2_INTERSECTIONS
v33_vehicle_TREND,2036,685609935.3070102,685609.9353070102,654979132.664059,2752545027.703251,268827601.0374698,24094320.054372918,REAL_CAPACITY_FHWA_MV1_2024_REGISTERED_AUTOMOBILES_AND_STI_V2_INTERSECTIONS
v33_vehicle_TREND,2037,761566953.1519753,761566.9531519753,726474395.9343225,3072839663.631039,318008208.3607945,27448789.674063236,REAL_CAPACITY_FHWA_MV1_2024_REGISTERED_AUTOMOBILES_AND_STI_V2_INTERSECTIONS
v33_vehicle_TREND,2038,841580830.1576203,841580.8301576204,802012853.0375528,3412184555.179343,370907054.63185495,30758367.98058185,REAL_CAPACITY_FHWA_MV1_2024_REGISTERED_AUTOMOBILES_AND_STI_V2_INTERSECTIONS
v33_vehicle_TREND,2039,924269442.3403511,924269.4423403511,880219282.9500788,3765628193.633665,427787546.0115579,34007951.86816032,REAL_CAPACITY_FHWA_MV1_2024_REGISTERED_AUTOMOBILES_AND_STI_V2_INTERSECTIONS
v33_vehicle_TREND,2040,997739711.5953381,997739.7115953381,959619785.6404191,4127868184.3633137,488936399.04969645,37438735.71747539,REAL_CAPACITY_FHWA_MV1_2024_REGISTERED_AUTOMOBILES_AND_STI_V2_INTERSECTIONS
v33_vehicle_TREND,2041,1082775285.194323,1082775.2851943232,1039486463.6220604,4496200877.646202,554410191.9183472,41114278.18103095,REAL_CAPACITY_FHWA_MV1_2024_REGISTERED_AUTOMOBILES_AND_STI_V2_INTERSECTIONS
v33_vehicle_TREND,2042,1168932496.729903,1168932.496729903,1120102506.821074,4871856321.45532,624365100.5854883,45070308.95344562,REAL_CAPACITY_FHWA_MV1_2024_REGISTERED_AUTOMOBILES_AND_STI_V2_INTERSECTIONS
v33_vehicle_TREND,2043,1257133600.4548066,1257133.6004548066,1202372683.532873,5258366706.436341,698902383.8237787,49323246.49058813,REAL_CAPACITY_FHWA_MV1_2024_REGISTERED_AUTOMOBILES_AND_STI_V2_INTERSECTIONS
v33_vehicle_TREND,2044,1348540269.9495528,1348540.2699495528,1287447289.738926,5660254044.274458,778182066.756532,53876314.06325013,REAL_CAPACITY_FHWA_MV1_2024_REGISTERED_AUTOMOBILES_AND_STI_V2_INTERSECTIONS
v33_vehicle_TREND,2045,1431520726.0399697,1431520.7260399696,1376282935.734009,6081472319.573776,862530614.3598533,58657807.66020569,REAL_CAPACITY_FHWA_MV1_2024_REGISTERED_AUTOMOBILES_AND_STI_V2_INTERSECTIONS
v33_vehicle_TREND,2046,1531215537.7492597,1531215.5377492597,1469752639.6454694,6525464876.28875,952080837.1245426,63558625.81702062,REAL_CAPACITY_FHWA_MV1_2024_REGISTERED_AUTOMOBILES_AND_STI_V2_INTERSECTIONS
v33_vehicle_TREND,2047,1636223365.0235608,1636223.3650235608,1568068199.5768943,6993244263.29756,1047042133.6991199,68566871.84328005,REAL_CAPACITY_FHWA_MV1_2024_REGISTERED_AUTOMOBILES_AND_STI_V2_INTERSECTIONS
v33_vehicle_TREND,2048,1746542128.2817762,1746542.128281776,1671232056.4949436,7484687044.875561,1147281812.077135,73670409.85182087,REAL_CAPACITY_FHWA_MV1_2024_REGISTERED_AUTOMOBILES_AND_STI_V2_INTERSECTIONS
v33_vehicle_TREND,2049,1862676382.359948,1862676.382359948,1779868811.9928682,8001252206.681894,1251890333.8159482,78856851.04674934,REAL_CAPACITY_FHWA_MV1_2024_REGISTERED_AUTOMOBILES_AND_STI_V2_INTERSECTIONS
v33_vehicle_TREND,2050,1972226476.4302278,1972226.4764302277,1894241669.4885693,8543205764.302047,1360135632.4504876,84113539.43227758,REAL_CAPACITY_FHWA_MV1_2024_REGISTERED_AUTOMOBILES_AND_STI_V2_INTERSECTIONS
v33_vehicle_TREND,2051,2088578178.3334348,2088578.1783334347,2004000974.2297173,9067291434.519358,1468007893.2184138,89427536.92152327,REAL_CAPACITY_FHWA_MV1_2024_REGISTERED_AUTOMOBILES_AND_STI_V2_INTERSECTIONS
v33_vehicle_TREND,2052,2208055645.5319967,2208055.6455319966,2116669553.6026454,9605665555.423588,1579136472.8975205,94785607.82373685,REAL_CAPACITY_FHWA_MV1_2024_REGISTERED_AUTOMOBILES_AND_STI_V2_INTERSECTIONS
v33_vehicle_TREND,2053,2329915668.5691004,2329915.6685691006,2231497913.859264,10155454084.071918,1693489450.668386,100174202.6877221,REAL_CAPACITY_FHWA_MV1_2024_REGISTERED_AUTOMOBILES_AND_STI_V2_INTERSECTIONS
v33_vehicle_TREND,2054,2453415455.4911346,2453415.4554911344,2347735467.432783,10713788444.84561,1811044520.8572257,105579441.47849421,REAL_CAPACITY_FHWA_MV1_2024_REGISTERED_AUTOMOBILES_AND_STI_V2_INTERSECTIONS
v33_vehicle_TREND,2055,2577943798.1556253,2577943.7981556254,2464778485.100949,11278235500.522207,1931657921.1476176,110987096.06347685,REAL_CAPACITY_FHWA_MV1_2024_REGISTERED_AUTOMOBILES_AND_STI_V2_INTERSECTIONS
v33_vehicle_TREND,2056,2702891956.4858994,2702891.9564858996,2582023853.286199,11846369908.00635,2055191348.7912142,116382571.98377605,REAL_CAPACITY_FHWA_MV1_2024_REGISTERED_AUTOMOBILES_AND_STI_V2_INTERSECTIONS
v33_vehicle_TREND,2057,2827469645.9424224,2827469.6459424226,2698662134.4529357,12415166803.928707,2181689372.729892,121750889.48527907,REAL_CAPACITY_FHWA_MV1_2024_REGISTERED_AUTOMOBILES_AND_STI_V2_INTERSECTIONS
v33_vehicle_TREND,2058,2951071506.822816,2951071.506822816,2814092597.193676,12982202604.083843,2311006415.7833095,127076663.78351495,REAL_CAPACITY_FHWA_MV1_2024_REGISTERED_AUTOMOBILES_AND_STI_V2_INTERSECTIONS
v33_vehicle_TREND,2059,3072955222.213055,3072955.222213055,2927560387.0632734,13544594603.022285,2443122222.687825,132344084.53537859,REAL_CAPACITY_FHWA_MV1_2024_REGISTERED_AUTOMOBILES_AND_STI_V2_INTERSECTIONS
v33_vehicle_TREND,2060,3192591709.0626388,3192591.7090626387,3038552338.1055164,14100144571.458344,2577784518.1044645,137536894.48995632,REAL_CAPACITY_FHWA_MV1_2024_REGISTERED_AUTOMOBILES_AND_STI_V2_INTERSECTIONS
v33_vehicle_TREND,2061,3310614413.2743745,3310614.4132743743,3147864112.4733715,14650436767.067682,2713560364.417448,142638367.289806,REAL_CAPACITY_FHWA_MV1_2024_REGISTERED_AUTOMOBILES_AND_STI_V2_INTERSECTIONS
v33_vehicle_TREND,2062,3427502148.6633344,3427502.1486633345,3256115229.9702973,15196515611.919355,2849144930.024566,147631284.39313006,REAL_CAPACITY_FHWA_MV1_2024_REGISTERED_AUTOMOBILES_AND_STI_V2_INTERSECTIONS
v33_vehicle_TREND,2063,3540934091.4302115,3540934.0914302114,3360780574.424142,15730251442.88355,2985983933.2522244,152497911.08633783,REAL_CAPACITY_FHWA_MV1_2024_REGISTERED_AUTOMOBILES_AND_STI_V2_INTERSECTIONS
v33_vehicle_TREND,2064,3651392558.2559566,3651392.5582559565,3462489506.9085975,16252649736.701199,3122696278.5241103,157219971.5555273,REAL_CAPACITY_FHWA_MV1_2024_REGISTERED_AUTOMOBILES_AND_STI_V2_INTERSECTIONS
v33_vehicle_TREND,2065,3758245365.5535297,3758245.36555353,3560621661.9737916,16761043292.803501,3258967225.6810975,161778622.98441312,REAL_CAPACITY_FHWA_MV1_2024_REGISTERED_AUTOMOBILES_AND_STI_V2_INTERSECTIONS
v33_vehicle_TREND,2066,3860792215.572116,3860792.215572116,3654484366.1392274,17252512051.543552,3394503371.573715,166154428.64520586,REAL_CAPACITY_FHWA_MV1_2024_REGISTERED_AUTOMOBILES_AND_STI_V2_INTERSECTIONS
v33_vehicle_TREND,2067,3958443709.222869,3958443.709222869,3743513509.712054,17724464069.990833,3528851908.710729,170327329.94788492,REAL_CAPACITY_FHWA_MV1_2024_REGISTERED_AUTOMOBILES_AND_STI_V2_INTERSECTIONS
v33_vehicle_TREND,2068,4050573319.835893,4050573.3198358933,3827107709.294961,18174150347.687023,3661544316.0407734,174276617.41221848,REAL_CAPACITY_FHWA_MV1_2024_REGISTERED_AUTOMOBILES_AND_STI_V2_INTERSECTIONS
v33_vehicle_TREND,2069,4136313897.4598246,4136313.8974598246,3904401211.339275,18598001712.792324,3792294407.499913,177980900.52576306,REAL_CAPACITY_FHWA_MV1_2024_REGISTERED_AUTOMOBILES_AND_STI_V2_INTERSECTIONS
v33_vehicle_TREND,2070,4214974104.520835,4214974.104520835,3974730102.4860034,18992981331.08564,3920582945.37861,181418076.44991788,REAL_CAPACITY_FHWA_MV1_2024_REGISTERED_AUTOMOBILES_AND_STI_V2_INTERSECTIONS
v33_vehicle_TREND,2071,4285679726.447852,4285679.726447852,4037231429.3249407,19355416401.43242,4046009496.036834,184565297.5349207,REAL_CAPACITY_FHWA_MV1_2024_REGISTERED_AUTOMOBILES_AND_STI_V2_INTERSECTIONS
v33_vehicle_TREND,2072,4347771801.207592,4347771.801207592,4091288042.4113913,19682288540.28152,4167895941.061996,187398937.6034477,REAL_CAPACITY_FHWA_MV1_2024_REGISTERED_AUTOMOBILES_AND_STI_V2_INTERSECTIONS
v33_vehicle_TREND,2073,4402228754.82765,4402228.75482765,4138112698.442148,19975836197.229416,4283881888.970107,189894556.96121672,REAL_CAPACITY_FHWA_MV1_2024_REGISTERED_AUTOMOBILES_AND_STI_V2_INTERSECTIONS
v33_vehicle_TREND,2074,4449822739.15278,4449822.73915278,4178688761.4489408,20237564785.413406,4391743781.606796,192026866.0916965,REAL_CAPACITY_FHWA_MV1_2024_REGISTERED_AUTOMOBILES_AND_STI_V2_INTERSECTIONS
v33_vehicle_TREND,2075,4487795357.5322695,4487795.357532269,4210071799.1531873,20457491464.464718,4492664230.137899,193769687.99068934,REAL_CAPACITY_FHWA_MV1_2024_REGISTERED_AUTOMOBILES_AND_STI_V2_INTERSECTIONS
v31_equal_size_comparison,2025,6661137.635756901,6661.137635756902,6585922.385654681,25197232.918704733,223047.659723885,138029.007850401,EQUAL_SIZE_COMPARISON_1000000_VEHICLES_AT_THE_MEASURED_NATIONAL_RATIO_2988_STI_UNITS_PER_MILLION_VEHICLES
v31_equal_size_comparison,2026,26074774.46088187,26074.77446088187,25631496.822940465,98879199.99681334,1683133.50271028,550238.7327209945,EQUAL_SIZE_COMPARISON_1000000_VEHICLES_AT_THE_MEASURED_NATIONAL_RATIO_2988_STI_UNITS_PER_MILLION_VEHICLES
v31_equal_size_comparison,2027,56867513.47652838,56867.51347652837,55284158.129287235,215897067.7238946,6256454.585942467,1233726.222168028,EQUAL_SIZE_COMPARISON_1000000_VEHICLES_AT_THE_MEASURED_NATIONAL_RATIO_2988_STI_UNITS_PER_MILLION_VEHICLES
v31_equal_size_comparison,2028,91739231.20715064,91739.23120715063,88687906.71580808,348906696.28211886,12597204.17873954,2079665.0754778127,EQUAL_SIZE_COMPARISON_1000000_VEHICLES_AT_THE_MEASURED_NATIONAL_RATIO_2988_STI_UNITS_PER_MILLION_VEHICLES
v31_equal_size_comparison,2029,128217248.05455926,128217.24805455926,123498018.24543728,488861770.88007313,20550393.039267626,3052479.662417835,EQUAL_SIZE_COMPARISON_1000000_VEHICLES_AT_THE_MEASURED_NATIONAL_RATIO_2988_STI_UNITS_PER_MILLION_VEHICLES
v31_equal_size_comparison,2030,164381627.8373831,164381.6278373831,158202897.63527066,629901778.7213733,29987561.290449537,4127979.1061737845,EQUAL_SIZE_COMPARISON_1000000_VEHICLES_AT_THE_MEASURED_NATIONAL_RATIO_2988_STI_UNITS_PER_MILLION_VEHICLES
v31_equal_size_comparison,2031,200041473.50008073,200041.47350008073,192044381.3423696,768866477.639521,40623465.23512625,5289832.48754855,EQUAL_SIZE_COMPARISON_1000000_VEHICLES_AT_THE_MEASURED_NATIONAL_RATIO_2988_STI_UNITS_PER_MILLION_VEHICLES
v31_equal_size_comparison,2032,234055253.63862574,234055.25363862573,224707413.64739296,904237864.400783,52134810.51115289,6527035.40336179,EQUAL_SIZE_COMPARISON_1000000_VEHICLES_AT_THE_MEASURED_NATIONAL_RATIO_2988_STI_UNITS_PER_MILLION_VEHICLES
v31_equal_size_comparison,2033,268217809.08857375,268217.80908857373,257573716.07713395,1041706428.9225724,64972521.889894195,7859392.252392274,EQUAL_SIZE_COMPARISON_1000000_VEHICLES_AT_THE_MEASURED_NATIONAL_RATIO_2988_STI_UNITS_PER_MILLION_VEHICLES
v31_equal_size_comparison,2034,305115503.9098706,305115.50390987063,292763145.08330286,1190325624.6484687,80151438.83691134,9322010.570972063,EQUAL_SIZE_COMPARISON_1000000_VEHICLES_AT_THE_MEASURED_NATIONAL_RATIO_2988_STI_UNITS_PER_MILLION_VEHICLES
v31_equal_size_comparison,2035,342812476.53307056,342812.47653307056,329925768.2853303,1348986135.9073827,97889208.79861404,10909711.511300566,EQUAL_SIZE_COMPARISON_1000000_VEHICLES_AT_THE_MEASURED_NATIONAL_RATIO_2988_STI_UNITS_PER_MILLION_VEHICLES
v31_equal_size_comparison,2036,384689875.0704775,384689.8750704775,369479583.81678414,1518823692.0172257,117736488.84116843,12617257.224480957,EQUAL_SIZE_COMPARISON_1000000_VEHICLES_AT_THE_MEASURED_NATIONAL_RATIO_2988_STI_UNITS_PER_MILLION_VEHICLES
v31_equal_size_comparison,2037,429223130.51410913,429223.13051410916,411549728.6446209,1700065751.845298,139446211.4690491,14373852.329001244,EQUAL_SIZE_COMPARISON_1000000_VEHICLES_AT_THE_MEASURED_NATIONAL_RATIO_2988_STI_UNITS_PER_MILLION_VEHICLES
v31_equal_size_comparison,2038,476309603.5629578,476309.60356295784,456088070.35300094,1892307518.6327791,162796100.7306597,16106933.452231644,EQUAL_SIZE_COMPARISON_1000000_VEHICLES_AT_THE_MEASURED_NATIONAL_RATIO_2988_STI_UNITS_PER_MILLION_VEHICLES
v31_equal_size_comparison,2039,525196299.8665779,525196.299866578,502339061.687241,2092852709.8953807,187954951.49996945,17808591.69762345,EQUAL_SIZE_COMPARISON_1000000_VEHICLES_AT_THE_MEASURED_NATIONAL_RATIO_2988_STI_UNITS_PER_MILLION_VEHICLES
v31_equal_size_comparison,2040,571389224.1981117,571389.2241981117,549496925.6327081,2298825346.1542034,215102335.70947948,19605137.76366752,EQUAL_SIZE_COMPARISON_1000000_VEHICLES_AT_THE_MEASURED_NATIONAL_RATIO_2988_STI_UNITS_PER_MILLION_VEHICLES
v31_equal_size_comparison,2041,621974243.4336178,621974.2434336179,597174905.7069724,2508793077.6241164,244272505.74103275,21529856.873534568,EQUAL_SIZE_COMPARISON_1000000_VEHICLES_AT_THE_MEASURED_NATIONAL_RATIO_2988_STI_UNITS_PER_MILLION_VEHICLES
v31_equal_size_comparison,2042,673415969.5385127,673415.9695385128,645506842.9517522,2723358196.6105967,275560221.1999923,23601460.594174437,EQUAL_SIZE_COMPARISON_1000000_VEHICLES_AT_THE_MEASURED_NATIONAL_RATIO_2988_STI_UNITS_PER_MILLION_VEHICLES
v31_equal_size_comparison,2043,726189431.8298894,726189.4318298894,694961521.0906879,2944356254.001135,309023378.9301113,25828547.45287879,EQUAL_SIZE_COMPARISON_1000000_VEHICLES_AT_THE_MEASURED_NATIONAL_RATIO_2988_STI_UNITS_PER_MILLION_VEHICLES
v31_equal_size_comparison,2044,780897400.4179535,780897.4004179535,746136478.3978562,3174141800.8425174,344750631.4931578,28212805.833487976,EQUAL_SIZE_COMPARISON_1000000_VEHICLES_AT_THE_MEASURED_NATIONAL_RATIO_2988_STI_UNITS_PER_MILLION_VEHICLES
v31_equal_size_comparison,2045,833100696.8285341,833100.6968285341,799521488.5549319,3414753538.3385086,382923430.9568048,30716685.69581697,EQUAL_SIZE_COMPARISON_1000000_VEHICLES_AT_THE_MEASURED_NATIONAL_RATIO_2988_STI_UNITS_PER_MILLION_VEHICLES
v31_equal_size_comparison,2046,892853514.7346673,892853.5147346673,855565837.4651649,3667972204.240659,423618797.85199517,33283052.44934134,EQUAL_SIZE_COMPARISON_1000000_VEHICLES_AT_THE_MEASURED_NATIONAL_RATIO_2988_STI_UNITS_PER_MILLION_VEHICLES
v31_equal_size_comparison,2047,955607824.2810434,955607.8242810434,914342335.112334,3934217468.107709,466980302.21532005,35905676.3547147,EQUAL_SIZE_COMPARISON_1000000_VEHICLES_AT_THE_MEASURED_NATIONAL_RATIO_2988_STI_UNITS_PER_MILLION_VEHICLES
v31_equal_size_comparison,2048,1021318572.8725666,1021318.5728725665,975808282.9662162,4213296784.518528,512977313.8353396,38578202.40842539,EQUAL_SIZE_COMPARISON_1000000_VEHICLES_AT_THE_MEASURED_NATIONAL_RATIO_2988_STI_UNITS_PER_MILLION_VEHICLES
v31_equal_size_comparison,2049,1090257405.8370953,1090257.4058370953,1040302016.0719728,4506006722.590466,561123416.4550444,41294143.16201325,EQUAL_SIZE_COMPARISON_1000000_VEHICLES_AT_THE_MEASURED_NATIONAL_RATIO_2988_STI_UNITS_PER_MILLION_VEHICLES
v31_equal_size_comparison,2050,1154151778.630507,1154151.778630507,1107978363.6485054,4812535769.537588,611019976.2491183,44046871.237976685,EQUAL_SIZE_COMPARISON_1000000_VEHICLES_AT_THE_MEASURED_NATIONAL_RATIO_2988_STI_UNITS_PER_MILLION_VEHICLES
v31_equal_size_comparison,2051,1223018479.87017,1223018.4798701701,1172827365.6202981,5108509863.11182,661083035.0028942,46829611.53144866,EQUAL_SIZE_COMPARISON_1000000_VEHICLES_AT_THE_MEASURED_NATIONAL_RATIO_2988_STI_UNITS_PER_MILLION_VEHICLES
v31_equal_size_comparison,2052,1293631814.0367293,1293631.8140367293,1239291019.4022653,5412234200.458026,712773487.7477362,49635433.086363174,EQUAL_SIZE_COMPARISON_1000000_VEHICLES_AT_THE_MEASURED_NATIONAL_RATIO_2988_STI_UNITS_PER_MILLION_VEHICLES
v31_equal_size_comparison,2053,1365587418.5774474,1365587.4185774473,1306958976.171305,5722151476.553842,766090095.1008247,52457240.63446893,EQUAL_SIZE_COMPARISON_1000000_VEHICLES_AT_THE_MEASURED_NATIONAL_RATIO_2988_STI_UNITS_PER_MILLION_VEHICLES
v31_equal_size_comparison,2054,1438485679.8891194,1438485.6798891195,1375419653.9756567,6036705334.060709,821037241.4558171,55287765.78516815,EQUAL_SIZE_COMPARISON_1000000_VEHICLES_AT_THE_MEASURED_NATIONAL_RATIO_2988_STI_UNITS_PER_MILLION_VEHICLES
v31_equal_size_comparison,2055,1511981601.3349006,1511981.6013349006,1444345092.1988223,6354586971.058696,877549769.8546559,58119557.85377043,EQUAL_SIZE_COMPARISON_1000000_VEHICLES_AT_THE_MEASURED_NATIONAL_RATIO_2988_STI_UNITS_PER_MILLION_VEHICLES
v31_equal_size_comparison,2056,1585740355.670411,1585740.3556704111,1513405803.4864612,6674486294.382851,935567021.5693319,60944974.315350324,EQUAL_SIZE_COMPARISON_1000000_VEHICLES_AT_THE_MEASURED_NATIONAL_RATIO_2988_STI_UNITS_PER_MILLION_VEHICLES
v31_equal_size_comparison,2057,1659318811.8089657,1659318.8118089656,1582150557.593736,6994739439.264661,995136222.103762,63756170.87098553,EQUAL_SIZE_COMPARISON_1000000_VEHICLES_AT_THE_MEASURED_NATIONAL_RATIO_2988_STI_UNITS_PER_MILLION_VEHICLES
v31_equal_size_comparison,2058,1732221014.9156756,1732221.0149156756,1650247537.9993677,7314026833.327848,1056196065.8496618,66545091.11272615,EQUAL_SIZE_COMPARISON_1000000_VEHICLES_AT_THE_MEASURED_NATIONAL_RATIO_2988_STI_UNITS_PER_MILLION_VEHICLES
v31_equal_size_comparison,2059,1804137483.9100254,1804137.4839100253,1717273846.3248441,7630758316.381029,1118760046.8696897,69303455.77320844,EQUAL_SIZE_COMPARISON_1000000_VEHICLES_AT_THE_MEASURED_NATIONAL_RATIO_2988_STI_UNITS_PER_MILLION_VEHICLES
v31_equal_size_comparison,2060,1874803049.830569,1874803.049830569,1782945541.415713,7943738186.439715,1182709183.8843517,72022751.54537567,EQUAL_SIZE_COMPARISON_1000000_VEHICLES_AT_THE_MEASURED_NATIONAL_RATIO_2988_STI_UNITS_PER_MILLION_VEHICLES
v31_equal_size_comparison,2061,1944605867.2797346,1944605.8672797347,1847722012.947411,8253919942.119875,1247254944.2209527,74694219.45730263,EQUAL_SIZE_COMPARISON_1000000_VEHICLES_AT_THE_MEASURED_NATIONAL_RATIO_2988_STI_UNITS_PER_MILLION_VEHICLES
v31_equal_size_comparison,2062,2013812575.9287927,2013812.5759287928,1911954604.646021,8561928422.724645,1311689852.1641757,77308842.78664373,EQUAL_SIZE_COMPARISON_1000000_VEHICLES_AT_THE_MEASURED_NATIONAL_RATIO_2988_STI_UNITS_PER_MILLION_VEHICLES
v31_equal_size_comparison,2063,2081087217.107721,2081087.2171077211,1974210069.5761218,8863183527.3123,1376868759.14359,79857334.4987301,EQUAL_SIZE_COMPARISON_1000000_VEHICLES_AT_THE_MEASURED_NATIONAL_RATIO_2988_STI_UNITS_PER_MILLION_VEHICLES
v31_equal_size_comparison,2064,2146745113.1248274,2146745.1131248274,2034890558.4066617,9158422393.853975,1442003825.34891,82330124.19183476,EQUAL_SIZE_COMPARISON_1000000_VEHICLES_AT_THE_MEASURED_NATIONAL_RATIO_2988_STI_UNITS_PER_MILLION_VEHICLES
v31_equal_size_comparison,2065,2210424948.455629,2210424.948455629,2093644193.1587374,9446169354.643803,1506953724.0092263,84717344.53260168,EQUAL_SIZE_COMPARISON_1000000_VEHICLES_AT_THE_MEASURED_NATIONAL_RATIO_2988_STI_UNITS_PER_MILLION_VEHICLES
v31_equal_size_comparison,2066,2271723503.583479,2271723.5035834787,2150074719.358393,9724797377.964443,1571594042.488148,87008817.16409528,EQUAL_SIZE_COMPARISON_1000000_VEHICLES_AT_THE_MEASURED_NATIONAL_RATIO_2988_STI_UNITS_PER_MILLION_VEHICLES
v31_equal_size_comparison,2067,2330301191.999289,2330301.191999289,2203859136.766966,9992868472.87587,1635711624.7778897,89194038.0683759,EQUAL_SIZE_COMPARISON_1000000_VEHICLES_AT_THE_MEASURED_NATIONAL_RATIO_2988_STI_UNITS_PER_MILLION_VEHICLES
v31_equal_size_comparison,2068,2385795763.17475,2385795.76317475,2254651618.8793817,10248852764.15135,1699087989.0601897,91262162.36493127,EQUAL_SIZE_COMPARISON_1000000_VEHICLES_AT_THE_MEASURED_NATIONAL_RATIO_2988_STI_UNITS_PER_MILLION_VEHICLES
v31_equal_size_comparison,2069,2437703495.558688,2437703.495558688,2301951822.3246326,10490744121.281515,1761614334.8136246,93201988.52571051,EQUAL_SIZE_COMPARISON_1000000_VEHICLES_AT_THE_MEASURED_NATIONAL_RATIO_2988_STI_UNITS_PER_MILLION_VEHICLES
v31_equal_size_comparison,2070,2485622559.934527,2485622.559934527,2345375495.2116466,10716845374.316433,1823050596.7050376,95001941.98690006,EQUAL_SIZE_COMPARISON_1000000_VEHICLES_AT_THE_MEASURED_NATIONAL_RATIO_2988_STI_UNITS_PER_MILLION_VEHICLES
v31_equal_size_comparison,2071,2529043295.529711,2529043.2955297106,2384421663.3017406,10925089974.587467,1883229948.339161,96650058.1369577,EQUAL_SIZE_COMPARISON_1000000_VEHICLES_AT_THE_MEASURED_NATIONAL_RATIO_2988_STI_UNITS_PER_MILLION_VEHICLES
v31_equal_size_comparison,2072,2567655121.256175,2567655.121256175,2418730740.2544355,11113790871.654684,1941828910.7483573,98133964.65978062,EQUAL_SIZE_COMPARISON_1000000_VEHICLES_AT_THE_MEASURED_NATIONAL_RATIO_2988_STI_UNITS_PER_MILLION_VEHICLES
v31_equal_size_comparison,2073,2601933805.913963,2601933.805913963,2448951604.5647426,11284159768.110268,1997598603.056613,99440863.21122262,EQUAL_SIZE_COMPARISON_1000000_VEHICLES_AT_THE_MEASURED_NATIONAL_RATIO_2988_STI_UNITS_PER_MILLION_VEHICLES
v31_equal_size_comparison,2074,2632285269.809418,2632285.2698094184,2475589230.112864,11436955335.64618,2049382807.8186178,100557510.4064945,EQUAL_SIZE_COMPARISON_1000000_VEHICLES_AT_THE_MEASURED_NATIONAL_RATIO_2988_STI_UNITS_PER_MILLION_VEHICLES
v31_equal_size_comparison,2075,2657106875.615355,2657106.875615355,2496947827.6336455,11566501824.175077,2097936302.485651,101470198.09528479,EQUAL_SIZE_COMPARISON_1000000_VEHICLES_AT_THE_MEASURED_NATIONAL_RATIO_2988_STI_UNITS_PER_MILLION_VEHICLES
v30_prior_central,2025,11979672.440152718,11979.672440152717,11709866.598594075,45586806.57458587,1182338.8832816747,263581.31031884125,REAL_CAPACITY_FHWA_MV1_2024_REGISTERED_AUTOMOBILES_AND_STI_V2_INTERSECTIONS
v30_prior_central,2026,47380145.76599528,47380.14576599528,46167643.70645008,180700820.51376006,5630538.876833364,1050739.958348502,REAL_CAPACITY_FHWA_MV1_2024_REGISTERED_AUTOMOBILES_AND_STI_V2_INTERSECTIONS
v30_prior_central,2027,105341503.81044956,105341.50381044956,102343489.22658928,402800232.4877147,14708009.359993612,2355931.881402141,REAL_CAPACITY_FHWA_MV1_2024_REGISTERED_AUTOMOBILES_AND_STI_V2_INTERSECTIONS
v30_prior_central,2028,170778175.90275422,170778.1759027542,165483515.26320225,654907709.5178037,27384983.696951166,3971348.11248293,REAL_CAPACITY_FHWA_MV1_2024_REGISTERED_AUTOMOBILES_AND_STI_V2_INTERSECTIONS
v30_prior_central,2029,238882972.87479106,238882.97287479107,230876951.94468892,919115240.4443294,43616952.99794513,5829054.852217466,REAL_CAPACITY_FHWA_MV1_2024_REGISTERED_AUTOMOBILES_AND_STI_V2_INTERSECTIONS
v30_prior_central,2030,306465569.8511757,306465.5698511757,295398503.5904708,1183632267.5905046,63464655.23550677,7882857.926389339,REAL_CAPACITY_FHWA_MV1_2024_REGISTERED_AUTOMOBILES_AND_STI_V2_INTERSECTIONS
v30_prior_central,2031,371698093.86624897,371698.09386624896,357338714.0724517,1441833268.8851526,86784921.384126,10101572.052593062,REAL_CAPACITY_FHWA_MV1_2024_REGISTERED_AUTOMOBILES_AND_STI_V2_INTERSECTIONS
v30_prior_central,2032,433061280.1541034,433061.2801541034,415210175.12421757,1688454900.9467776,113954743.22357096,12464183.135917837,REAL_CAPACITY_FHWA_MV1_2024_REGISTERED_AUTOMOBILES_AND_STI_V2_INTERSECTIONS
v30_prior_central,2033,492259966.84883904,492259.966848839,470516897.97199273,1931229467.5821152,147003130.04907218,15008507.675452087,REAL_CAPACITY_FHWA_MV1_2024_REGISTERED_AUTOMOBILES_AND_STI_V2_INTERSECTIONS
v30_prior_central,2034,551453397.7700601,551453.3977700601,524975726.1773684,2180712285.7790956,189975032.24277067,17801584.100871034,REAL_CAPACITY_FHWA_MV1_2024_REGISTERED_AUTOMOBILES_AND_STI_V2_INTERSECTIONS
v30_prior_central,2035,607854760.2184136,607854.7602184135,575876295.766646,2428990157.039259,245235102.76492894,20833522.439643584,REAL_CAPACITY_FHWA_MV1_2024_REGISTERED_AUTOMOBILES_AND_STI_V2_INTERSECTIONS
v30_prior_central,2036,662392696.809563,662392.6968095631,622020380.9362421,2672536472.9191375,313800472.294477,24094320.054372918,REAL_CAPACITY_FHWA_MV1_2024_REGISTERED_AUTOMOBILES_AND_STI_V2_INTERSECTIONS
v30_prior_central,2037,701568542.7036402,701568.5427036402,651272996.6841093,2866702846.302307,397039294.1188397,27448789.674063236,REAL_CAPACITY_FHWA_MV1_2024_REGISTERED_AUTOMOBILES_AND_STI_V2_INTERSECTIONS
v30_prior_central,2038,714088664.5086939,714088.664508694,652495729.4496,2969337144.074965,495036921.0017656,30758367.98058185,REAL_CAPACITY_FHWA_MV1_2024_REGISTERED_AUTOMOBILES_AND_STI_V2_INTERSECTIONS
v30_prior_central,2039,700331617.2300895,700331.6172300895,626405519.728492,2981868488.5296164,606503796.8619925,34007951.86816032,REAL_CAPACITY_FHWA_MV1_2024_REGISTERED_AUTOMOBILES_AND_STI_V2_INTERSECTIONS
v30_prior_central,2040,679405689.0421442,679405.6890421442,592312284.6527177,2979088776.757029,733007535.3036041,37438735.71747539,REAL_CAPACITY_FHWA_MV1_2024_REGISTERED_AUTOMOBILES_AND_STI_V2_INTERSECTIONS
v30_prior_central,2041,660367556.9967067,660367.5569967068,557148532.567692,2986659771.0653214,873921440.0727229,41114278.18103095,REAL_CAPACITY_FHWA_MV1_2024_REGISTERED_AUTOMOBILES_AND_STI_V2_INTERSECTIONS
v30_prior_central,2042,645606017.4978845,645606.0174978845,525302264.0714013,3020817994.7999926,1028842491.3448086,45070308.95344562,REAL_CAPACITY_FHWA_MV1_2024_REGISTERED_AUTOMOBILES_AND_STI_V2_INTERSECTIONS
v30_prior_central,2043,637229650.6405745,637229.6506405744,499097316.66376734,3090379978.4771376,1197775098.1385577,49323246.49058813,REAL_CAPACITY_FHWA_MV1_2024_REGISTERED_AUTOMOBILES_AND_STI_V2_INTERSECTIONS
v30_prior_central,2044,636713639.3074008,636713.6393074008,480239856.8319007,3201387329.964237,1380290989.7780046,53876314.06325013,REAL_CAPACITY_FHWA_MV1_2024_REGISTERED_AUTOMOBILES_AND_STI_V2_INTERSECTIONS
v30_prior_central,2045,641286123.8808573,641286.1238808574,466352471.710714,3342265412.094644,1573830811.3687458,58657807.66020569,REAL_CAPACITY_FHWA_MV1_2024_REGISTERED_AUTOMOBILES_AND_STI_V2_INTERSECTIONS
v30_prior_central,2046,648265818.2131938,648265.8182131938,454596704.8906645,3497137755.67938,1773281678.8463223,63558625.81702062,REAL_CAPACITY_FHWA_MV1_2024_REGISTERED_AUTOMOBILES_AND_STI_V2_INTERSECTIONS
v30_prior_central,2047,659600399.4743403,659600.3994743404,448002056.3918055,3674597224.1936374,1975748422.5278502,68566871.84328005,REAL_CAPACITY_FHWA_MV1_2024_REGISTERED_AUTOMOBILES_AND_STI_V2_INTERSECTIONS
v30_prior_central,2048,676210929.5302457,676210.9295302457,447783572.044381,3877939090.1986237,2179918793.3722887,73670409.85182087,REAL_CAPACITY_FHWA_MV1_2024_REGISTERED_AUTOMOBILES_AND_STI_V2_INTERSECTIONS
v30_prior_central,2049,695512310.2651494,695512.3102651493,451043205.08908135,4098476855.789934,2388095848.5319138,78856851.04674934,REAL_CAPACITY_FHWA_MV1_2024_REGISTERED_AUTOMOBILES_AND_STI_V2_INTERSECTIONS
v30_prior_central,2050,715122342.4541777,715122.3424541778,454525968.1553778,4326460743.184446,2602872903.9995427,84113539.43227758,REAL_CAPACITY_FHWA_MV1_2024_REGISTERED_AUTOMOBILES_AND_STI_V2_INTERSECTIONS
v30_prior_central,2051,736667918.8176025,736667.9188176026,457605829.1754056,4547261789.849495,2811994945.7838745,89427536.92152327,REAL_CAPACITY_FHWA_MV1_2024_REGISTERED_AUTOMOBILES_AND_STI_V2_INTERSECTIONS
v30_prior_central,2052,759422570.430566,759422.570430566,462052725.3742653,4776438889.687514,3024309167.0462704,94785607.82373685,REAL_CAPACITY_FHWA_MV1_2024_REGISTERED_AUTOMOBILES_AND_STI_V2_INTERSECTIONS
v30_prior_central,2053,782391002.8026425,782391.0028026424,466703022.1734314,5010177672.242296,3240413764.5969,100174202.6877221,REAL_CAPACITY_FHWA_MV1_2024_REGISTERED_AUTOMOBILES_AND_STI_V2_INTERSECTIONS
v30_prior_central,2054,805057018.9358729,805057.0189358729,470845371.44770545,5245952755.39616,3460480828.1104984,105579441.47849421,REAL_CAPACITY_FHWA_MV1_2024_REGISTERED_AUTOMOBILES_AND_STI_V2_INTERSECTIONS
v30_prior_central,2055,827452814.0992203,827452.8140992203,474008143.64652795,5481908385.832943,3684443049.849148,110987096.06347685,REAL_CAPACITY_FHWA_MV1_2024_REGISTERED_AUTOMOBILES_AND_STI_V2_INTERSECTIONS
v30_prior_central,2056,848754253.9302263,848754.2539302263,476036123.66673917,5717079983.405592,3911924433.9998183,116382571.98377605,REAL_CAPACITY_FHWA_MV1_2024_REGISTERED_AUTOMOBILES_AND_STI_V2_INTERSECTIONS
v30_prior_central,2057,868851294.6380943,868851.2946380943,476868998.6212841,5950748664.112942,4142434806.395233,121750889.48527907,REAL_CAPACITY_FHWA_MV1_2024_REGISTERED_AUTOMOBILES_AND_STI_V2_INTERSECTIONS
v30_prior_central,2058,887771184.6916236,887771.1846916236,476601829.54131746,6182615498.759473,4375314761.104202,127076663.78351495,REAL_CAPACITY_FHWA_MV1_2024_REGISTERED_AUTOMOBILES_AND_STI_V2_INTERSECTIONS
v30_prior_central,2059,905542914.5231755,905542.9145231755,475333098.8375324,6412358140.589885,4609868500.573588,132344084.53537859,REAL_CAPACITY_FHWA_MV1_2024_REGISTERED_AUTOMOBILES_AND_STI_V2_INTERSECTIONS
v30_prior_central,2060,922197324.9314406,922197.3249314406,473164868.7274905,6639629612.0732565,4845362021.647195,137536894.48995632,REAL_CAPACITY_FHWA_MV1_2024_REGISTERED_AUTOMOBILES_AND_STI_V2_INTERSECTIONS
v30_prior_central,2061,937497335.3377075,937497.3353377075,469767617.9094339,6862791439.052917,5081406413.33581,142638367.289806,REAL_CAPACITY_FHWA_MV1_2024_REGISTERED_AUTOMOBILES_AND_STI_V2_INTERSECTIONS
v30_prior_central,2062,951091750.5982509,951091.7505982509,464881980.4197696,7080370518.090715,5317512102.410931,147631284.39313006,REAL_CAPACITY_FHWA_MV1_2024_REGISTERED_AUTOMOBILES_AND_STI_V2_INTERSECTIONS
v30_prior_central,2063,962000980.4292057,962000.9804292057,457592474.4953716,7288945789.293296,5553729586.919713,152497911.08633783,REAL_CAPACITY_FHWA_MV1_2024_REGISTERED_AUTOMOBILES_AND_STI_V2_INTERSECTIONS
v30_prior_central,2064,970197196.6367851,970197.1966367852,447948249.46718854,7487858186.603753,5789213423.799178,157219971.5555273,REAL_CAPACITY_FHWA_MV1_2024_REGISTERED_AUTOMOBILES_AND_STI_V2_INTERSECTIONS
v30_prior_central,2065,975588923.2543393,975588.9232543394,435927815.83219576,7676198826.013027,6023136218.435106,161778622.98441312,REAL_CAPACITY_FHWA_MV1_2024_REGISTERED_AUTOMOBILES_AND_STI_V2_INTERSECTIONS
v30_prior_central,2066,978159075.7489717,978159.0757489717,421595754.81360173,7853262488.589353,6254547856.292921,166154428.64520586,REAL_CAPACITY_FHWA_MV1_2024_REGISTERED_AUTOMOBILES_AND_STI_V2_INTERSECTIONS
v30_prior_central,2067,977901841.322909,977901.841322909,405031025.70723736,8018337001.155254,6482436746.138497,170327329.94788492,REAL_CAPACITY_FHWA_MV1_2024_REGISTERED_AUTOMOBILES_AND_STI_V2_INTERSECTIONS
v30_prior_central,2068,974823569.9498458,974823.5699498458,386327944.5660284,8170703805.730235,6705726678.254688,174276617.41221848,REAL_CAPACITY_FHWA_MV1_2024_REGISTERED_AUTOMOBILES_AND_STI_V2_INTERSECTIONS
v30_prior_central,2069,968943718.4051446,968943.7184051445,365597216.0630005,8309638596.235657,6923273548.264111,177980900.52576306,REAL_CAPACITY_FHWA_MV1_2024_REGISTERED_AUTOMOBILES_AND_STI_V2_INTERSECTIONS
v30_prior_central,2070,960295849.7627023,960295.8497627024,342967020.8667025,8434412026.273807,7133861941.519909,181418076.44991788,REAL_CAPACITY_FHWA_MV1_2024_REGISTERED_AUTOMOBILES_AND_STI_V2_INTERSECTIONS
v30_prior_central,2071,948928690.9305685,948928.6909305685,318584160.9524461,8544290491.959899,7336201572.853627,184565297.5349207,REAL_CAPACITY_FHWA_MV1_2024_REGISTERED_AUTOMOBILES_AND_STI_V2_INTERSECTIONS
v30_prior_central,2072,935092446.7060906,935092.4467060906,292615265.36540866,8638536993.959274,7528923576.291415,187398937.6034477,REAL_CAPACITY_FHWA_MV1_2024_REGISTERED_AUTOMOBILES_AND_STI_V2_INTERSECTIONS
v30_prior_central,2073,918292772.1823833,918292.7721823833,264761573.24846625,8714997750.730509,7711007088.136461,189894556.96121672,REAL_CAPACITY_FHWA_MV1_2024_REGISTERED_AUTOMOBILES_AND_STI_V2_INTERSECTIONS
v30_prior_central,2074,898217683.0993296,898217.6830993296,234744024.09812546,8771509627.292849,7881347186.412149,192026866.0916965,REAL_CAPACITY_FHWA_MV1_2024_REGISTERED_AUTOMOBILES_AND_STI_V2_INTERSECTIONS
v30_prior_central,2075,874967323.6907537,874967.3236907537,202792968.08536282,8807320889.008379,8038318635.775931,193769687.99068934,REAL_CAPACITY_FHWA_MV1_2024_REGISTERED_AUTOMOBILES_AND_STI_V2_INTERSECTIONS
