year,group,n_entries,new_vehicle_share_v31_min,new_vehicle_share_v31_median,new_vehicle_share_v31_max,new_vehicle_share_v30_min,new_vehicle_share_v30_median,new_vehicle_share_v30_max,electric_stock_share_v31_min,electric_stock_share_v31_median,electric_stock_share_v31_max,n_distinct_values_v31,n_distinct_values_v30
2030,FULL_SCHEDULE_10_9_states_and_DC,10,0.68,0.68,0.68,0.432914360940653,0.5672995319918995,0.58,0.5123701947672565,0.541142663132073,0.5419768259379916,1,10
2030,CAPPED_82_MY2032_3_states,3,0.68,0.68,0.68,0.4307398302707902,0.43573640559698085,0.44268118254890737,0.5119332782624144,0.5129372127012131,0.5143325885930301,1,3
2030,NO_VEHICLE_RULE_38_states,38,0.05115874456738291,0.05632787315319883,0.08136099988804277,0.01719945511050137,0.05917704872191868,0.2455431078953122,0.03487796165709511,0.040047090242911046,0.06508021697775497,38,38
2035,FULL_SCHEDULE_10_9_states_and_DC,10,1.0,1.0,1.0,0.7010968813157176,0.7939521580913808,0.8,0.7782665231183091,0.7866266355241622,0.7868629324393769,1,10
2035,CAPPED_82_MY2032_3_states,3,0.8325581395348837,0.8325581395348837,0.8325581395348837,0.6999507158089084,0.7025843426279841,0.7062448399964958,0.7250116723859381,0.7253015775977057,0.7257045189928598,1,3
2035,NO_VEHICLE_RULE_38_states,38,0.10603164013560254,0.11120076872141846,0.13623389545626235,0.1140810776350183,0.3437994290241727,0.8,0.06962403462185497,0.0747931632076709,0.09982628994251481,38,37
2040,FULL_SCHEDULE_10_9_states_and_DC,10,1.0,1.0,1.0,0.8131855508223235,0.8282934650761506,0.8333333333333334,0.9040052997161789,0.9069409783327202,0.9070125888689089,1,10
2040,CAPPED_82_MY2032_3_states,3,0.8534883720930232,0.8534883720930232,0.8534883720930232,0.8124691973805678,0.8141152141424901,0.8164030249978099,0.7953986853267174,0.7954971246725719,0.7956339462464745,1,3
2040,NO_VEHICLE_RULE_38_states,38,0.1319370182881472,0.13710614687396322,0.16213927360880717,0.4414141221435713,0.8333333333333334,0.8333333333333334,0.10021752619314231,0.10538665477895826,0.1304197815138022,38,17
2050,FULL_SCHEDULE_10_9_states_and_DC,10,1.0,1.0,1.0,0.8823760875547962,0.8969760790456903,0.9,0.9916491761504687,0.9917638183781298,0.9917663641897233,1,10
2050,CAPPED_82_MY2032_3_states,3,0.8953488372093024,0.8953488372093024,0.8953488372093024,0.8819250502025797,0.882961431126753,0.8844019046282506,0.8667061782493026,0.8667099482949437,0.8667151883092267,1,3
2050,NO_VEHICLE_RULE_38_states,38,0.19229379571698488,0.19746292430280082,0.22249605103764453,0.9,0.9,0.9,0.1560573899356444,0.16122651852146036,0.18625964525630428,38,1
2060,FULL_SCHEDULE_10_9_states_and_DC,10,1.0,1.0,1.0,0.9323136053704071,0.9381856474274142,0.9400000000000001,0.9996515632430265,0.9996558864625239,0.9996559813313524,1,10
2060,CAPPED_82_MY2032_3_states,3,0.9372093023255814,0.9372093023255814,0.9372093023255814,0.9320540570219449,0.9326504399066993,0.9334793568832644,0.907270056571924,0.9072701984066239,0.907270395543721,1,3
2060,NO_VEHICLE_RULE_38_states,38,0.2570717150136728,0.26224084359948885,0.2872739703343327,0.9400000000000001,0.9400000000000001,0.9400000000000001,0.21108144677188534,0.21625057535770129,0.24128370209254524,38,1
2075,FULL_SCHEDULE_10_9_states_and_DC,10,1.0,1.0,1.0,1.0,1.0,1.0,0.9999965505398615,0.999996591230932,0.9999965921179218,1,1
2075,CAPPED_82_MY2032_3_states,3,1.0,1.0,1.0,1.0,1.0,1.0,0.9660130065842233,0.9660130079174462,0.9660130097705024,1,1
2075,NO_VEHICLE_RULE_38_states,38,0.33124272916630426,0.3364118577521203,0.36144498448696355,1.0,1.0,1.0,0.28888364615514,0.2940527747409559,0.31908590147579974,38,1
