scenario,grid_series,capacity,weather,fossil_factor,retirement_rule,survival_shape,fuel_to_dc_efficiency,n_entries_with_a_turning_point,n_entries_with_no_turning_point_by_2075,earliest_turning_point,latest_turning_point,n_distinct_turning_point_years,co2_2050_national_kg,co2_2075_national_kg,cumulative_co2_2025_2075_national_kg,co2_2050_pct_change_vs_central,co2_2075_pct_change_vs_central,cumulative_pct_change_vs_central
central,central__ASYMPTOTIC,REAL,OBSERVED,CAP,SURVIVAL,MOVES5_PASSENGER_CAR,0.21,9,42,2034,2060,7,1972226476.4302282,4547815870.400437,109312994827.11678,0.0,0.0,0.0
vehicle_post_2050_FROZEN,central__ASYMPTOTIC,REAL,OBSERVED,CAP,SURVIVAL,MOVES5_PASSENGER_CAR,0.21,9,42,2034,2060,7,1972226476.4302282,5219267165.091345,116394875649.58467,0.0,14.764258576541401,6.4785351765983545
vehicle_post_2050_TREND,central__ASYMPTOTIC,REAL,OBSERVED,CAP,SURVIVAL,MOVES5_PASSENGER_CAR,0.21,9,42,2034,2060,7,1972226476.4302282,4487795357.53227,108853903587.582,0.0,-1.319765676064677,-0.4199786496206115
post_regulatory_FROZEN_82,central__ASYMPTOTIC,REAL,OBSERVED,CAP,SURVIVAL,MOVES5_PASSENGER_CAR,0.21,7,44,2034,2041,6,1975646457.5235372,4575767555.256864,109694392554.17683,0.17340711800497566,0.6146177781372053,0.3489042887016902
market_case_ELECTRNP,central__ASYMPTOTIC,REAL,OBSERVED,CAP,SURVIVAL,MOVES5_PASSENGER_CAR,0.21,9,42,2034,2060,7,1970482033.5675485,4537784018.1771,109157674743.96367,-0.0884504332300251,-0.2205861562828315,-0.14208748319333164
market_case_CB2026_alternative,central__ASYMPTOTIC,REAL,OBSERVED,CAP,SURVIVAL,MOVES5_PASSENGER_CAR,0.21,26,25,2034,2070,9,1448893680.6373525,2395934390.8747106,71225543101.97229,-26.53512677408728,-47.31681186855643,-34.84256541080174
compliance_level_PHEV_20PCT_CAP,central__ASYMPTOTIC,REAL,OBSERVED,CAP,SURVIVAL,MOVES5_PASSENGER_CAR,0.21,0,51,,,0,2181352924.5667367,5126951387.333065,121500827437.34018,10.603571680826018,12.734365977786055,11.149481934420514
regulation_not_enforced,central__ASYMPTOTIC,REAL,OBSERVED,CAP,SURVIVAL,MOVES5_PASSENGER_CAR,0.21,0,51,,,0,2819142380.9171352,6514299795.73061,154855714163.76477,42.94212224652023,43.24018345001779,41.66267643538244
rebasing_MULTIPLICATIVE,central__ASYMPTOTIC,REAL,OBSERVED,CAP,SURVIVAL,MOVES5_PASSENGER_CAR,0.21,9,42,2034,2060,7,1969865479.3530972,4535523328.565634,109117681220.14346,-0.11971226962760317,-0.2702955041519961,-0.1786737315926712
base_year_2024,central__ASYMPTOTIC,REAL,OBSERVED,CAP,SURVIVAL,MOVES5_PASSENGER_CAR,0.21,9,42,2034,2060,7,1969356757.8716946,4539866108.013842,109143199942.81395,-0.14550654262222018,-0.17480396333406922,-0.15532909382948157
model_year_plus_one,central__ASYMPTOTIC,REAL,OBSERVED,CAP,SURVIVAL,MOVES5_PASSENGER_CAR,0.21,9,42,2035,2061,6,1978071992.8304093,4548624161.116127,109689870820.17435,0.2963917415185202,0.017773162738410342,0.3447677868981813
grid_post_2050_TREND,central__TREND,REAL,OBSERVED,CAP,SURVIVAL,MOVES5_PASSENGER_CAR,0.21,9,42,2034,2060,7,1972226476.4302282,4549616109.6066675,109379841095.13187,0.0,0.03958469862306302,0.06115125481724881
grid_post_2050_FROZEN,central__FROZEN,REAL,OBSERVED,CAP,SURVIVAL,MOVES5_PASSENGER_CAR,0.21,9,42,2034,2060,7,1972226476.4302282,4584812844.919732,109685162309.71599,0.0,0.8135108274741398,0.34046042118580644
grid_post_2050_STATUTE,central__STATUTE,REAL,OBSERVED,CAP,SURVIVAL,MOVES5_PASSENGER_CAR,0.21,9,42,2034,2060,7,1972226476.4302282,4584812844.919732,109685162309.71599,0.0,0.8135108274741398,0.34046042118580644
grid_statutory_floor_OFF,bound_NO_STATUTORY_FLOOR__ASYMPTOTIC,REAL,OBSERVED,CAP,SURVIVAL,MOVES5_PASSENGER_CAR,0.21,1,50,2070,2070,1,2060361487.1141036,4777174244.316448,114084834856.93668,4.468807803625152,5.043264293279659,4.3652998779941665
grid_v30_statute_as_assignment,bound_STATUTE_AS_ASSIGNMENT_v30_central__FROZEN,REAL,OBSERVED,CAP,SURVIVAL,MOVES5_PASSENGER_CAR,0.21,10,41,2035,2067,5,1975865373.0627239,4594074250.794103,109801702231.27487,0.18450703689376624,1.017155964794858,0.4470716449869627
fossil_factor_uncapped,central__ASYMPTOTIC,REAL,OBSERVED,OFF,SURVIVAL,MOVES5_PASSENGER_CAR,0.21,9,42,2034,2060,7,1972226476.4302282,4547815870.400437,109313045784.0901,0.0,0.0,4.6615659377025054e-05
weather_off,central__ASYMPTOTIC,REAL,OFF,CAP,SURVIVAL,MOVES5_PASSENGER_CAR,0.21,9,42,2034,2060,7,1888925322.8006449,4355005764.007819,104687300831.17015,-4.223711354912963,-4.239619894189806,-4.231604854722315
equal_size_2988,central__ASYMPTOTIC,EQUAL_SIZE_2988,OBSERVED,CAP,SURVIVAL,MOVES5_PASSENGER_CAR,0.21,9,42,2034,2060,7,1154151778.630507,2657857219.085597,63728125583.299805,-41.47975435764628,-41.557501560599206,-41.70123535258677
equal_size_1000_v30_convention,central__ASYMPTOTIC,EQUAL_SIZE,OBSERVED,CAP,SURVIVAL,MOVES5_PASSENGER_CAR,0.21,9,42,2034,2060,7,1150985707.0998743,2651508697.3809586,63557532438.78348,-41.64028721573687,-41.69709651970822,-41.85729469830878
both_axes_post_2050_TREND,central__TREND,REAL,OBSERVED,CAP,SURVIVAL,MOVES5_PASSENGER_CAR,0.21,9,42,2034,2060,7,1972226476.4302282,4489465498.250201,108920109215.64423,0.0,-1.283041658084949,-0.35941345500040134
both_axes_post_2050_FROZEN,central__FROZEN,REAL,OBSERVED,CAP,SURVIVAL,MOVES5_PASSENGER_CAR,0.21,9,42,2034,2060,7,1972226476.4302282,5242196801.221212,116653583730.78363,0.0,15.268448648947498,6.7152024471347715
retirement_TWELVE_YEAR_WHOLE_COHORT_STEP,central__ASYMPTOTIC,REAL,OBSERVED,CAP,TWELVE_YEAR,MOVES5_PASSENGER_CAR,0.21,9,42,2036,2059,4,1919289676.6680632,4471430269.243262,106834410431.64137,-2.684113634757701,-1.6796106820052392,-2.2674197147332653
survival_shape_MOVES5_LIGHT_DUTY_TRUCK,central__ASYMPTOTIC,REAL,OBSERVED,CAP,SURVIVAL,MOVES5_LIGHT_DUTY_TRUCK,0.21,9,42,2034,2061,6,2028987169.5100687,4609836812.496411,110801236319.46269,2.878000765032751,1.3637522684161185,1.361449747762955
survival_shape_NHTSA_2006_SHORT_LIFE,central__ASYMPTOTIC,REAL,OBSERVED,CAP,SURVIVAL,NHTSA_2006_PASSENGER_CAR,0.21,9,42,2034,2060,6,1951629390.380757,4524657708.175175,108335555746.45795,-1.044357039905086,-0.5092150360789249,-0.8941654944178312
survival_shape_AGE27_LITERAL_PRINTED_0_567,central__ASYMPTOTIC,REAL,OBSERVED,CAP,SURVIVAL,MOVES5_PASSENGER_CAR_AGE27_LITERAL,0.21,9,42,2034,2060,7,1972226476.4302282,4547327939.241195,109301594195.37271,0.0,-0.01072891192491765,-0.010429347180629378
fuel_to_dc_HIGH_0_2744,central__ASYMPTOTIC,REAL,OBSERVED,CAP,SURVIVAL,MOVES5_PASSENGER_CAR,0.2744,9,42,2034,2060,6,1527659553.999238,3544061263.1181483,84931733164.84802,-22.541372795870064,-22.071135593137104,-22.304083518001473
fuel_to_dc_LOW_0_17,central__ASYMPTOTIC,REAL,OBSERVED,CAP,SURVIVAL,MOVES5_PASSENGER_CAR,0.17,9,42,2034,2060,7,2417930398.662833,5554137625.015932,133756612657.3198,22.599023365680516,22.127583510255167,22.36112720986343
