capacity_basis,metric,group,year,n_entries_with_a_defined_relative_width,median_rel_width_load_draws_without_the_conversion_coefficient,median_rel_increment_conversion_coefficient,median_rel_width_load_draws,median_rel_increment_compliance_level,median_rel_increment_survival_shape,median_rel_increment_electricity_member,median_rel_one_at_a_time_survival_shape,median_rel_one_at_a_time_electricity_member,median_rel_width_total,nesting_order
REAL_CAPACITY_FHWA_MV1_2024_REGISTERED_AUTOMOBILES_AND_STI_V2_INTERSECTIONS,energy_kwh_eq,FULL_SCHEDULE_10,2050,10,0.3919921557587429,0.0010938558767085288,0.3933603708159402,0.1461582495944616,-0.0030956241244346726,0.0,0.026746704300935356,0.0,0.536492732674205,t1_load_only -> t2_plus_compliance_level -> t3_plus_survival_shape -> t4_TOTAL_plus_electricity_member
REAL_CAPACITY_FHWA_MV1_2024_REGISTERED_AUTOMOBILES_AND_STI_V2_INTERSECTIONS,energy_kwh_eq,FULL_SCHEDULE_10,2075,10,0.38918047221276936,-2.3406965538373107e-06,0.3891779502769841,0.15451899439572647,0.0009401185200500514,0.0,0.0001451611226493253,0.0,0.5447284796986133,t1_load_only -> t2_plus_compliance_level -> t3_plus_survival_shape -> t4_TOTAL_plus_electricity_member
REAL_CAPACITY_FHWA_MV1_2024_REGISTERED_AUTOMOBILES_AND_STI_V2_INTERSECTIONS,energy_kwh_eq,CAPPED_82_MY2032_3,2050,3,0.3837725356307253,0.01655182912032385,0.4006738754957707,0.07135296939968543,0.002735257943088326,0.0,0.013724582710767307,0.0,0.4746834429387116,t1_load_only -> t2_plus_compliance_level -> t3_plus_survival_shape -> t4_TOTAL_plus_electricity_member
REAL_CAPACITY_FHWA_MV1_2024_REGISTERED_AUTOMOBILES_AND_STI_V2_INTERSECTIONS,energy_kwh_eq,CAPPED_82_MY2032_3,2075,3,0.3845664193538591,-0.001572561314877879,0.3829938580389812,0.12331211366771404,0.0028944450746708995,0.0,0.006122317072687579,0.0,0.5092004167813662,t1_load_only -> t2_plus_compliance_level -> t3_plus_survival_shape -> t4_TOTAL_plus_electricity_member
REAL_CAPACITY_FHWA_MV1_2024_REGISTERED_AUTOMOBILES_AND_STI_V2_INTERSECTIONS,energy_kwh_eq,ADOPTING_13,2050,13,0.39182990014038344,0.001108439325114209,0.3934954095673596,0.14587730647026437,-0.0025823454425372857,0.0,0.025455866197758546,0.0,0.5360759491858925,t1_load_only -> t2_plus_compliance_level -> t3_plus_survival_shape -> t4_TOTAL_plus_electricity_member
REAL_CAPACITY_FHWA_MV1_2024_REGISTERED_AUTOMOBILES_AND_STI_V2_INTERSECTIONS,energy_kwh_eq,ADOPTING_13,2075,13,0.38903682047555854,-2.5494768746866207e-06,0.3886024728563679,0.15437094774645577,0.0009790276467176512,0.0,0.00020967797220912608,0.0,0.5440993357001144,t1_load_only -> t2_plus_compliance_level -> t3_plus_survival_shape -> t4_TOTAL_plus_electricity_member
REAL_CAPACITY_FHWA_MV1_2024_REGISTERED_AUTOMOBILES_AND_STI_V2_INTERSECTIONS,energy_kwh_eq,NO_VEHICLE_RULE_38,2050,38,0.3873110761316624,0.08772618508655856,0.4751328244985983,0.0,-0.0009724222095961438,0.0,-0.0009724222095961438,0.0,0.4741748311674031,t1_load_only -> t2_plus_compliance_level -> t3_plus_survival_shape -> t4_TOTAL_plus_electricity_member
REAL_CAPACITY_FHWA_MV1_2024_REGISTERED_AUTOMOBILES_AND_STI_V2_INTERSECTIONS,energy_kwh_eq,NO_VEHICLE_RULE_38,2075,38,0.3808379995695609,0.08114914839997478,0.4618096212187216,0.0,-0.00015546389290540716,0.0,-0.00015546389290540716,0.0,0.462153547697939,t1_load_only -> t2_plus_compliance_level -> t3_plus_survival_shape -> t4_TOTAL_plus_electricity_member
REAL_CAPACITY_FHWA_MV1_2024_REGISTERED_AUTOMOBILES_AND_STI_V2_INTERSECTIONS,energy_kwh_eq,ALL_51,2050,51,0.38736825412481346,0.08715419994459137,0.47438860893688867,0.0,-0.0009788552359062156,0.0,-0.0009244557477599125,0.0,0.4746728076579573,t1_load_only -> t2_plus_compliance_level -> t3_plus_survival_shape -> t4_TOTAL_plus_electricity_member
REAL_CAPACITY_FHWA_MV1_2024_REGISTERED_AUTOMOBILES_AND_STI_V2_INTERSECTIONS,energy_kwh_eq,ALL_51,2075,51,0.3810066036599952,0.08055178481688917,0.4613451507463654,0.0,0.0002689921952609332,0.0,7.142660602064194e-05,0.0,0.46238753940816507,t1_load_only -> t2_plus_compliance_level -> t3_plus_survival_shape -> t4_TOTAL_plus_electricity_member
REAL_CAPACITY_FHWA_MV1_2024_REGISTERED_AUTOMOBILES_AND_STI_V2_INTERSECTIONS,direct_co2_kg,FULL_SCHEDULE_10,2050,10,0.38376147082210144,0.09375694955383557,0.47750673566622914,7.398303303013332,0.7194953112273805,0.0,1.5695570132040122,0.0,8.599945236868171,t1_load_only -> t2_plus_compliance_level -> t3_plus_survival_shape -> t4_TOTAL_plus_electricity_member
REAL_CAPACITY_FHWA_MV1_2024_REGISTERED_AUTOMOBILES_AND_STI_V2_INTERSECTIONS,direct_co2_kg,FULL_SCHEDULE_10,2075,10,0.3897755534693763,0.08860816662483591,0.4783611444971703,18170.074179266798,98.35607878766899,0.0,99.89885712307452,0.0,18269.40394365964,t1_load_only -> t2_plus_compliance_level -> t3_plus_survival_shape -> t4_TOTAL_plus_electricity_member
REAL_CAPACITY_FHWA_MV1_2024_REGISTERED_AUTOMOBILES_AND_STI_V2_INTERSECTIONS,direct_co2_kg,CAPPED_82_MY2032_3,2050,3,0.3886091866536061,0.0982963536540061,0.4868851392608188,0.39603412288241596,0.01997656186926286,0.0,0.04261948910631707,0.0,0.9028958240124976,t1_load_only -> t2_plus_compliance_level -> t3_plus_survival_shape -> t4_TOTAL_plus_electricity_member
REAL_CAPACITY_FHWA_MV1_2024_REGISTERED_AUTOMOBILES_AND_STI_V2_INTERSECTIONS,direct_co2_kg,CAPPED_82_MY2032_3,2075,3,0.3827446600743403,0.09495417009637781,0.47769156817142805,2.5498272417122627,0.05139476103471962,0.0,0.20982262849532035,0.0,3.0789185702173936,t1_load_only -> t2_plus_compliance_level -> t3_plus_survival_shape -> t4_TOTAL_plus_electricity_member
REAL_CAPACITY_FHWA_MV1_2024_REGISTERED_AUTOMOBILES_AND_STI_V2_INTERSECTIONS,direct_co2_kg,ADOPTING_13,2050,13,0.38377548308221066,0.0937590522916262,0.4775092054101778,7.284120001475763,0.7193684846736047,0.0,1.5686919895289824,0.0,8.488818604621851,t1_load_only -> t2_plus_compliance_level -> t3_plus_survival_shape -> t4_TOTAL_plus_electricity_member
REAL_CAPACITY_FHWA_MV1_2024_REGISTERED_AUTOMOBILES_AND_STI_V2_INTERSECTIONS,direct_co2_kg,ADOPTING_13,2075,13,0.38932386762829885,0.08909612469831055,0.4783139611646197,17922.850067821688,98.336906006851,0.0,99.86233706523124,0.0,18022.846986243778,t1_load_only -> t2_plus_compliance_level -> t3_plus_survival_shape -> t4_TOTAL_plus_electricity_member
REAL_CAPACITY_FHWA_MV1_2024_REGISTERED_AUTOMOBILES_AND_STI_V2_INTERSECTIONS,direct_co2_kg,NO_VEHICLE_RULE_38,2050,38,0.39010181127400384,0.09092142446836905,0.4817252618309843,0.0,0.0018562318238098815,0.004290694628332887,0.0018562318238098815,0.004702195570874602,0.485241833823459,t1_load_only -> t2_plus_compliance_level -> t3_plus_survival_shape -> t4_TOTAL_plus_electricity_member
REAL_CAPACITY_FHWA_MV1_2024_REGISTERED_AUTOMOBILES_AND_STI_V2_INTERSECTIONS,direct_co2_kg,NO_VEHICLE_RULE_38,2075,38,0.38216157598996525,0.09135475388881951,0.47331488763124424,0.0,-0.0009608647896055403,0.008091716277550143,-0.0009608647896055403,0.007836123374835765,0.47688034596616646,t1_load_only -> t2_plus_compliance_level -> t3_plus_survival_shape -> t4_TOTAL_plus_electricity_member
REAL_CAPACITY_FHWA_MV1_2024_REGISTERED_AUTOMOBILES_AND_STI_V2_INTERSECTIONS,direct_co2_kg,ALL_51,2050,51,0.38993408644384076,0.09299092184576983,0.47763544293229016,0.0,0.005014465806256208,0.0,0.005014465806256208,0.001492690553227545,0.4900408314315422,t1_load_only -> t2_plus_compliance_level -> t3_plus_survival_shape -> t4_TOTAL_plus_electricity_member
REAL_CAPACITY_FHWA_MV1_2024_REGISTERED_AUTOMOBILES_AND_STI_V2_INTERSECTIONS,direct_co2_kg,ALL_51,2075,51,0.38274704595559883,0.0892243931962371,0.4747580690929314,0.0,-0.0006620142110689137,0.0005113066080135704,-0.0005496618446340758,0.0,0.4869657528590144,t1_load_only -> t2_plus_compliance_level -> t3_plus_survival_shape -> t4_TOTAL_plus_electricity_member
REAL_CAPACITY_FHWA_MV1_2024_REGISTERED_AUTOMOBILES_AND_STI_V2_INTERSECTIONS,grid_intensity_kg_per_kwh,FULL_SCHEDULE_10,2050,3,0.19951457778971457,0.0,0.19951457778971457,0.0,0.0,0.37615327785646785,0.0,0.37615327785646785,0.5756678556461825,t1_load_only -> t2_plus_compliance_level -> t3_plus_survival_shape -> t4_TOTAL_plus_electricity_member
REAL_CAPACITY_FHWA_MV1_2024_REGISTERED_AUTOMOBILES_AND_STI_V2_INTERSECTIONS,grid_intensity_kg_per_kwh,FULL_SCHEDULE_10,2075,3,0.19951457778971457,0.0,0.19951457778971457,0.0,0.0,0.7060473861814698,0.0,0.7060473861814698,0.9055619639711843,t1_load_only -> t2_plus_compliance_level -> t3_plus_survival_shape -> t4_TOTAL_plus_electricity_member
REAL_CAPACITY_FHWA_MV1_2024_REGISTERED_AUTOMOBILES_AND_STI_V2_INTERSECTIONS,grid_intensity_kg_per_kwh,CAPPED_82_MY2032_3,2050,1,0.19951457778971468,0.0,0.19951457778971468,0.0,0.0,0.0,0.0,0.0,0.19951457778971468,t1_load_only -> t2_plus_compliance_level -> t3_plus_survival_shape -> t4_TOTAL_plus_electricity_member
REAL_CAPACITY_FHWA_MV1_2024_REGISTERED_AUTOMOBILES_AND_STI_V2_INTERSECTIONS,grid_intensity_kg_per_kwh,CAPPED_82_MY2032_3,2075,1,0.19951457778971468,0.0,0.19951457778971468,0.0,0.0,0.0,0.0,0.0,0.19951457778971468,t1_load_only -> t2_plus_compliance_level -> t3_plus_survival_shape -> t4_TOTAL_plus_electricity_member
REAL_CAPACITY_FHWA_MV1_2024_REGISTERED_AUTOMOBILES_AND_STI_V2_INTERSECTIONS,grid_intensity_kg_per_kwh,ADOPTING_13,2050,4,0.1995145777897146,0.0,0.1995145777897146,0.0,0.0,0.18807663892823392,0.0,0.18807663892823392,0.3875912167179486,t1_load_only -> t2_plus_compliance_level -> t3_plus_survival_shape -> t4_TOTAL_plus_electricity_member
REAL_CAPACITY_FHWA_MV1_2024_REGISTERED_AUTOMOBILES_AND_STI_V2_INTERSECTIONS,grid_intensity_kg_per_kwh,ADOPTING_13,2075,4,0.1995145777897146,0.0,0.1995145777897146,0.0,0.0,0.3530236930907349,0.0,0.3530236930907349,0.5525382708804495,t1_load_only -> t2_plus_compliance_level -> t3_plus_survival_shape -> t4_TOTAL_plus_electricity_member
REAL_CAPACITY_FHWA_MV1_2024_REGISTERED_AUTOMOBILES_AND_STI_V2_INTERSECTIONS,grid_intensity_kg_per_kwh,NO_VEHICLE_RULE_38,2050,30,0.1995145777897146,0.0,0.1995145777897146,0.0,0.0,1.218121836702554,0.0,1.218121836702554,1.4176364144922686,t1_load_only -> t2_plus_compliance_level -> t3_plus_survival_shape -> t4_TOTAL_plus_electricity_member
REAL_CAPACITY_FHWA_MV1_2024_REGISTERED_AUTOMOBILES_AND_STI_V2_INTERSECTIONS,grid_intensity_kg_per_kwh,NO_VEHICLE_RULE_38,2075,30,0.19951457778971463,0.0,0.19951457778971463,0.0,0.0,1.204791627670085,0.0,1.204791627670085,1.4043062054597997,t1_load_only -> t2_plus_compliance_level -> t3_plus_survival_shape -> t4_TOTAL_plus_electricity_member
REAL_CAPACITY_FHWA_MV1_2024_REGISTERED_AUTOMOBILES_AND_STI_V2_INTERSECTIONS,grid_intensity_kg_per_kwh,ALL_51,2050,34,0.1995145777897146,0.0,0.1995145777897146,0.0,0.0,0.8939653504809413,0.0,0.8939653504809413,1.093479928270656,t1_load_only -> t2_plus_compliance_level -> t3_plus_survival_shape -> t4_TOTAL_plus_electricity_member
REAL_CAPACITY_FHWA_MV1_2024_REGISTERED_AUTOMOBILES_AND_STI_V2_INTERSECTIONS,grid_intensity_kg_per_kwh,ALL_51,2075,34,0.19951457778971463,0.0,0.19951457778971463,0.0,0.0,1.1779007286087175,0.0,1.1779007286087175,1.377415306398432,t1_load_only -> t2_plus_compliance_level -> t3_plus_survival_shape -> t4_TOTAL_plus_electricity_member
EQUAL_SIZE_COMPARISON_1000000_VEHICLES_AT_THE_MEASURED_NATIONAL_RATIO_2988_STI_UNITS_PER_MILLION_VEHICLES,energy_kwh_eq,FULL_SCHEDULE_10,2050,10,0.39221617520589347,0.0017937883481381302,0.394028785809003,0.14651116480686865,-0.003368307844692866,0.0,0.025743524625532067,0.0,0.5372479185160901,t1_load_only -> t2_plus_compliance_level -> t3_plus_survival_shape -> t4_TOTAL_plus_electricity_member
EQUAL_SIZE_COMPARISON_1000000_VEHICLES_AT_THE_MEASURED_NATIONAL_RATIO_2988_STI_UNITS_PER_MILLION_VEHICLES,energy_kwh_eq,FULL_SCHEDULE_10,2075,10,0.3896937580029103,-2.49819530768368e-06,0.3896912296526953,0.15467390013294163,0.0009006691497771283,0.0,-0.00039804608707318974,0.0,0.545266023233233,t1_load_only -> t2_plus_compliance_level -> t3_plus_survival_shape -> t4_TOTAL_plus_electricity_member
EQUAL_SIZE_COMPARISON_1000000_VEHICLES_AT_THE_MEASURED_NATIONAL_RATIO_2988_STI_UNITS_PER_MILLION_VEHICLES,energy_kwh_eq,CAPPED_82_MY2032_3,2050,3,0.388079460207541,0.016280945858405456,0.4043604060659465,0.07187750703881035,0.002340063084830231,0.0,0.012204423065112316,0.0,0.4785779761895871,t1_load_only -> t2_plus_compliance_level -> t3_plus_survival_shape -> t4_TOTAL_plus_electricity_member
EQUAL_SIZE_COMPARISON_1000000_VEHICLES_AT_THE_MEASURED_NATIONAL_RATIO_2988_STI_UNITS_PER_MILLION_VEHICLES,energy_kwh_eq,CAPPED_82_MY2032_3,2075,3,0.38855264604477824,-0.0013001993332520515,0.38725244671152614,0.1249703706761527,0.0008357748089994553,0.0,0.006939117019941906,0.0,0.5130571685711104,t1_load_only -> t2_plus_compliance_level -> t3_plus_survival_shape -> t4_TOTAL_plus_electricity_member
EQUAL_SIZE_COMPARISON_1000000_VEHICLES_AT_THE_MEASURED_NATIONAL_RATIO_2988_STI_UNITS_PER_MILLION_VEHICLES,energy_kwh_eq,ADOPTING_13,2050,13,0.392175294745593,0.0018899287975087063,0.39404096797883975,0.14600673321840169,-0.0024155631558950854,0.0,0.025730676722777686,0.0,0.537230970353492,t1_load_only -> t2_plus_compliance_level -> t3_plus_survival_shape -> t4_TOTAL_plus_electricity_member
EQUAL_SIZE_COMPARISON_1000000_VEHICLES_AT_THE_MEASURED_NATIONAL_RATIO_2988_STI_UNITS_PER_MILLION_VEHICLES,energy_kwh_eq,ADOPTING_13,2075,13,0.38969200383977215,-2.552051052929019e-06,0.3896895065076632,0.15466446571544587,0.0009003049124055091,0.0,-0.00039390218500135826,0.0,0.5452564118496187,t1_load_only -> t2_plus_compliance_level -> t3_plus_survival_shape -> t4_TOTAL_plus_electricity_member
EQUAL_SIZE_COMPARISON_1000000_VEHICLES_AT_THE_MEASURED_NATIONAL_RATIO_2988_STI_UNITS_PER_MILLION_VEHICLES,energy_kwh_eq,NO_VEHICLE_RULE_38,2050,38,0.3872306208184807,0.08765334897039648,0.4749138342429493,0.0,-0.0010007871193020777,0.0,-0.0010007871193020777,0.0,0.4739133573267877,t1_load_only -> t2_plus_compliance_level -> t3_plus_survival_shape -> t4_TOTAL_plus_electricity_member
EQUAL_SIZE_COMPARISON_1000000_VEHICLES_AT_THE_MEASURED_NATIONAL_RATIO_2988_STI_UNITS_PER_MILLION_VEHICLES,energy_kwh_eq,NO_VEHICLE_RULE_38,2075,38,0.38053865329585257,0.08087113376931744,0.461423521888486,0.0,-0.00018197606900373,0.0,-0.00018197606900373,0.0,0.4612666501181323,t1_load_only -> t2_plus_compliance_level -> t3_plus_survival_shape -> t4_TOTAL_plus_electricity_member
EQUAL_SIZE_COMPARISON_1000000_VEHICLES_AT_THE_MEASURED_NATIONAL_RATIO_2988_STI_UNITS_PER_MILLION_VEHICLES,energy_kwh_eq,ALL_51,2050,51,0.3872702383925686,0.08737825968545651,0.47462820977730397,0.0,-0.001004829132165289,0.0,-0.0009898386331962472,0.0,0.473987755865494,t1_load_only -> t2_plus_compliance_level -> t3_plus_survival_shape -> t4_TOTAL_plus_electricity_member
EQUAL_SIZE_COMPARISON_1000000_VEHICLES_AT_THE_MEASURED_NATIONAL_RATIO_2988_STI_UNITS_PER_MILLION_VEHICLES,energy_kwh_eq,ALL_51,2075,51,0.3805584322433824,0.0808109085102992,0.4612951499500298,0.0,0.00022057737274837564,0.0,-0.0002551681037543164,0.0,0.4614779868968644,t1_load_only -> t2_plus_compliance_level -> t3_plus_survival_shape -> t4_TOTAL_plus_electricity_member
EQUAL_SIZE_COMPARISON_1000000_VEHICLES_AT_THE_MEASURED_NATIONAL_RATIO_2988_STI_UNITS_PER_MILLION_VEHICLES,direct_co2_kg,FULL_SCHEDULE_10,2050,10,0.3837614708221019,0.09375694955383525,0.47750673566622903,7.398303303013332,0.7194953112273806,0.0,1.569557013204011,0.0,8.59994523686817,t1_load_only -> t2_plus_compliance_level -> t3_plus_survival_shape -> t4_TOTAL_plus_electricity_member
EQUAL_SIZE_COMPARISON_1000000_VEHICLES_AT_THE_MEASURED_NATIONAL_RATIO_2988_STI_UNITS_PER_MILLION_VEHICLES,direct_co2_kg,FULL_SCHEDULE_10,2075,10,0.3897755534693762,0.08860816662483614,0.4783611444971702,18170.074179266805,98.35607878767544,0.0,99.89885712307455,0.0,18269.403943659647,t1_load_only -> t2_plus_compliance_level -> t3_plus_survival_shape -> t4_TOTAL_plus_electricity_member
EQUAL_SIZE_COMPARISON_1000000_VEHICLES_AT_THE_MEASURED_NATIONAL_RATIO_2988_STI_UNITS_PER_MILLION_VEHICLES,direct_co2_kg,CAPPED_82_MY2032_3,2050,3,0.388609186653606,0.0982963536540059,0.4868851392608191,0.3960341228824158,0.019976561869263346,0.0,0.042619489106316875,0.0,0.9028958240124982,t1_load_only -> t2_plus_compliance_level -> t3_plus_survival_shape -> t4_TOTAL_plus_electricity_member
EQUAL_SIZE_COMPARISON_1000000_VEHICLES_AT_THE_MEASURED_NATIONAL_RATIO_2988_STI_UNITS_PER_MILLION_VEHICLES,direct_co2_kg,CAPPED_82_MY2032_3,2075,3,0.38274466007434116,0.09495417009637781,0.4776915681714283,2.5498272417122636,0.051394761034719696,0.0,0.2098226284953199,0.0,3.078918570217394,t1_load_only -> t2_plus_compliance_level -> t3_plus_survival_shape -> t4_TOTAL_plus_electricity_member
EQUAL_SIZE_COMPARISON_1000000_VEHICLES_AT_THE_MEASURED_NATIONAL_RATIO_2988_STI_UNITS_PER_MILLION_VEHICLES,direct_co2_kg,ADOPTING_13,2050,13,0.383775483082211,0.09375905229162558,0.477509205410178,7.284120001475764,0.7193684846736009,0.0,1.5686919895289828,0.0,8.488818604621846,t1_load_only -> t2_plus_compliance_level -> t3_plus_survival_shape -> t4_TOTAL_plus_electricity_member
EQUAL_SIZE_COMPARISON_1000000_VEHICLES_AT_THE_MEASURED_NATIONAL_RATIO_2988_STI_UNITS_PER_MILLION_VEHICLES,direct_co2_kg,ADOPTING_13,2075,13,0.38932386762829885,0.0890961246983108,0.4783139611646197,17922.850067821684,98.33690600684146,0.0,99.86233706523124,0.0,18022.846986243792,t1_load_only -> t2_plus_compliance_level -> t3_plus_survival_shape -> t4_TOTAL_plus_electricity_member
EQUAL_SIZE_COMPARISON_1000000_VEHICLES_AT_THE_MEASURED_NATIONAL_RATIO_2988_STI_UNITS_PER_MILLION_VEHICLES,direct_co2_kg,NO_VEHICLE_RULE_38,2050,38,0.3900603868334115,0.09079594048534116,0.48120484070529135,0.0,0.0017984492356978707,0.004805394255199167,0.0017984492356978707,0.005356529063704895,0.4852418338234589,t1_load_only -> t2_plus_compliance_level -> t3_plus_survival_shape -> t4_TOTAL_plus_electricity_member
EQUAL_SIZE_COMPARISON_1000000_VEHICLES_AT_THE_MEASURED_NATIONAL_RATIO_2988_STI_UNITS_PER_MILLION_VEHICLES,direct_co2_kg,NO_VEHICLE_RULE_38,2075,38,0.3817399968477849,0.09142067712661797,0.47340848214550446,0.0,-0.0009632515819929883,0.00783857070499739,-0.0009632515819929883,0.007824992384985963,0.4769454817922002,t1_load_only -> t2_plus_compliance_level -> t3_plus_survival_shape -> t4_TOTAL_plus_electricity_member
EQUAL_SIZE_COMPARISON_1000000_VEHICLES_AT_THE_MEASURED_NATIONAL_RATIO_2988_STI_UNITS_PER_MILLION_VEHICLES,direct_co2_kg,ALL_51,2050,51,0.3898835675628215,0.09301233322673862,0.47771661660541537,0.0,0.005152196397477673,0.0,0.005152196397477673,0.0018346534516337275,0.49019846371247294,t1_load_only -> t2_plus_compliance_level -> t3_plus_survival_shape -> t4_TOTAL_plus_electricity_member
EQUAL_SIZE_COMPARISON_1000000_VEHICLES_AT_THE_MEASURED_NATIONAL_RATIO_2988_STI_UNITS_PER_MILLION_VEHICLES,direct_co2_kg,ALL_51,2075,51,0.38274466007434116,0.08942634801856933,0.47459463761205406,0.0,-0.0006874290548334471,0.0011402427093951352,-0.0006247182593499579,0.0,0.48624199883140123,t1_load_only -> t2_plus_compliance_level -> t3_plus_survival_shape -> t4_TOTAL_plus_electricity_member
EQUAL_SIZE_COMPARISON_1000000_VEHICLES_AT_THE_MEASURED_NATIONAL_RATIO_2988_STI_UNITS_PER_MILLION_VEHICLES,grid_intensity_kg_per_kwh,FULL_SCHEDULE_10,2050,3,0.19951457778971457,0.0,0.19951457778971457,0.0,0.0,0.37615327785646785,0.0,0.37615327785646785,0.5756678556461825,t1_load_only -> t2_plus_compliance_level -> t3_plus_survival_shape -> t4_TOTAL_plus_electricity_member
EQUAL_SIZE_COMPARISON_1000000_VEHICLES_AT_THE_MEASURED_NATIONAL_RATIO_2988_STI_UNITS_PER_MILLION_VEHICLES,grid_intensity_kg_per_kwh,FULL_SCHEDULE_10,2075,3,0.19951457778971457,0.0,0.19951457778971457,0.0,0.0,0.7060473861814698,0.0,0.7060473861814698,0.9055619639711843,t1_load_only -> t2_plus_compliance_level -> t3_plus_survival_shape -> t4_TOTAL_plus_electricity_member
EQUAL_SIZE_COMPARISON_1000000_VEHICLES_AT_THE_MEASURED_NATIONAL_RATIO_2988_STI_UNITS_PER_MILLION_VEHICLES,grid_intensity_kg_per_kwh,CAPPED_82_MY2032_3,2050,1,0.19951457778971468,0.0,0.19951457778971468,0.0,0.0,0.0,0.0,0.0,0.19951457778971468,t1_load_only -> t2_plus_compliance_level -> t3_plus_survival_shape -> t4_TOTAL_plus_electricity_member
EQUAL_SIZE_COMPARISON_1000000_VEHICLES_AT_THE_MEASURED_NATIONAL_RATIO_2988_STI_UNITS_PER_MILLION_VEHICLES,grid_intensity_kg_per_kwh,CAPPED_82_MY2032_3,2075,1,0.19951457778971468,0.0,0.19951457778971468,0.0,0.0,0.0,0.0,0.0,0.19951457778971468,t1_load_only -> t2_plus_compliance_level -> t3_plus_survival_shape -> t4_TOTAL_plus_electricity_member
EQUAL_SIZE_COMPARISON_1000000_VEHICLES_AT_THE_MEASURED_NATIONAL_RATIO_2988_STI_UNITS_PER_MILLION_VEHICLES,grid_intensity_kg_per_kwh,ADOPTING_13,2050,4,0.1995145777897146,0.0,0.1995145777897146,0.0,0.0,0.18807663892823392,0.0,0.18807663892823392,0.3875912167179486,t1_load_only -> t2_plus_compliance_level -> t3_plus_survival_shape -> t4_TOTAL_plus_electricity_member
EQUAL_SIZE_COMPARISON_1000000_VEHICLES_AT_THE_MEASURED_NATIONAL_RATIO_2988_STI_UNITS_PER_MILLION_VEHICLES,grid_intensity_kg_per_kwh,ADOPTING_13,2075,4,0.1995145777897146,0.0,0.1995145777897146,0.0,0.0,0.3530236930907349,0.0,0.3530236930907349,0.5525382708804495,t1_load_only -> t2_plus_compliance_level -> t3_plus_survival_shape -> t4_TOTAL_plus_electricity_member
EQUAL_SIZE_COMPARISON_1000000_VEHICLES_AT_THE_MEASURED_NATIONAL_RATIO_2988_STI_UNITS_PER_MILLION_VEHICLES,grid_intensity_kg_per_kwh,NO_VEHICLE_RULE_38,2050,30,0.1995145777897146,0.0,0.1995145777897146,0.0,0.0,1.218121836702554,0.0,1.218121836702554,1.4176364144922686,t1_load_only -> t2_plus_compliance_level -> t3_plus_survival_shape -> t4_TOTAL_plus_electricity_member
EQUAL_SIZE_COMPARISON_1000000_VEHICLES_AT_THE_MEASURED_NATIONAL_RATIO_2988_STI_UNITS_PER_MILLION_VEHICLES,grid_intensity_kg_per_kwh,NO_VEHICLE_RULE_38,2075,30,0.19951457778971463,0.0,0.19951457778971463,0.0,0.0,1.204791627670085,0.0,1.204791627670085,1.4043062054597997,t1_load_only -> t2_plus_compliance_level -> t3_plus_survival_shape -> t4_TOTAL_plus_electricity_member
EQUAL_SIZE_COMPARISON_1000000_VEHICLES_AT_THE_MEASURED_NATIONAL_RATIO_2988_STI_UNITS_PER_MILLION_VEHICLES,grid_intensity_kg_per_kwh,ALL_51,2050,34,0.1995145777897146,0.0,0.1995145777897146,0.0,0.0,0.8939653504809413,0.0,0.8939653504809413,1.093479928270656,t1_load_only -> t2_plus_compliance_level -> t3_plus_survival_shape -> t4_TOTAL_plus_electricity_member
EQUAL_SIZE_COMPARISON_1000000_VEHICLES_AT_THE_MEASURED_NATIONAL_RATIO_2988_STI_UNITS_PER_MILLION_VEHICLES,grid_intensity_kg_per_kwh,ALL_51,2075,34,0.19951457778971463,0.0,0.19951457778971463,0.0,0.0,1.1779007286087175,0.0,1.1779007286087175,1.377415306398432,t1_load_only -> t2_plus_compliance_level -> t3_plus_survival_shape -> t4_TOTAL_plus_electricity_member
