prescription,capacity_basis,metric,conversion_coefficient_central,n_entry_years,n_entry_years_with_the_central_inside_p05_p95,n_entry_years_with_the_central_outside_p05_p95,status,why
V33_POLICY_CONDITIONAL,REAL_CAPACITY_FHWA_MV1_2024_REGISTERED_AUTOMOBILES_AND_STI_V2_INTERSECTIONS,energy_kwh_eq,0.21,2601,2601,0,DIAGNOSTIC_NOT_A_VALIDATION,"the draws are centred on the central, so containment of the central by its own draws is close to a tautology; it is reported because a reader who does not see it will ask, and it establishes nothing about calibration"
V31C_REPRODUCED_PARITY_CERTIFICATE,REAL_CAPACITY_FHWA_MV1_2024_REGISTERED_AUTOMOBILES_AND_STI_V2_INTERSECTIONS,energy_kwh_eq,0.2744,2601,2601,0,DIAGNOSTIC_NOT_A_VALIDATION,"the draws are centred on the central, so containment of the central by its own draws is close to a tautology; it is reported because a reader who does not see it will ask, and it establishes nothing about calibration"
V33_POLICY_CONDITIONAL,REAL_CAPACITY_FHWA_MV1_2024_REGISTERED_AUTOMOBILES_AND_STI_V2_INTERSECTIONS,direct_co2_kg,0.21,2601,2601,0,DIAGNOSTIC_NOT_A_VALIDATION,"the draws are centred on the central, so containment of the central by its own draws is close to a tautology; it is reported because a reader who does not see it will ask, and it establishes nothing about calibration"
V31C_REPRODUCED_PARITY_CERTIFICATE,REAL_CAPACITY_FHWA_MV1_2024_REGISTERED_AUTOMOBILES_AND_STI_V2_INTERSECTIONS,direct_co2_kg,0.2744,2601,2601,0,DIAGNOSTIC_NOT_A_VALIDATION,"the draws are centred on the central, so containment of the central by its own draws is close to a tautology; it is reported because a reader who does not see it will ask, and it establishes nothing about calibration"
V33_POLICY_CONDITIONAL,REAL_CAPACITY_FHWA_MV1_2024_REGISTERED_AUTOMOBILES_AND_STI_V2_INTERSECTIONS,grid_intensity_kg_per_kwh,0.21,2601,2601,0,DIAGNOSTIC_NOT_A_VALIDATION,"the draws are centred on the central, so containment of the central by its own draws is close to a tautology; it is reported because a reader who does not see it will ask, and it establishes nothing about calibration"
V31C_REPRODUCED_PARITY_CERTIFICATE,REAL_CAPACITY_FHWA_MV1_2024_REGISTERED_AUTOMOBILES_AND_STI_V2_INTERSECTIONS,grid_intensity_kg_per_kwh,0.2744,2601,2601,0,DIAGNOSTIC_NOT_A_VALIDATION,"the draws are centred on the central, so containment of the central by its own draws is close to a tautology; it is reported because a reader who does not see it will ask, and it establishes nothing about calibration"
V33_POLICY_CONDITIONAL,EQUAL_SIZE_COMPARISON_1000000_VEHICLES_AT_THE_MEASURED_NATIONAL_RATIO_2988_STI_UNITS_PER_MILLION_VEHICLES,energy_kwh_eq,0.21,2601,2601,0,DIAGNOSTIC_NOT_A_VALIDATION,"the draws are centred on the central, so containment of the central by its own draws is close to a tautology; it is reported because a reader who does not see it will ask, and it establishes nothing about calibration"
V31C_REPRODUCED_PARITY_CERTIFICATE,EQUAL_SIZE_COMPARISON_1000000_VEHICLES_AT_THE_MEASURED_NATIONAL_RATIO_2988_STI_UNITS_PER_MILLION_VEHICLES,energy_kwh_eq,0.2744,2601,2601,0,DIAGNOSTIC_NOT_A_VALIDATION,"the draws are centred on the central, so containment of the central by its own draws is close to a tautology; it is reported because a reader who does not see it will ask, and it establishes nothing about calibration"
V33_POLICY_CONDITIONAL,EQUAL_SIZE_COMPARISON_1000000_VEHICLES_AT_THE_MEASURED_NATIONAL_RATIO_2988_STI_UNITS_PER_MILLION_VEHICLES,direct_co2_kg,0.21,2601,2601,0,DIAGNOSTIC_NOT_A_VALIDATION,"the draws are centred on the central, so containment of the central by its own draws is close to a tautology; it is reported because a reader who does not see it will ask, and it establishes nothing about calibration"
V31C_REPRODUCED_PARITY_CERTIFICATE,EQUAL_SIZE_COMPARISON_1000000_VEHICLES_AT_THE_MEASURED_NATIONAL_RATIO_2988_STI_UNITS_PER_MILLION_VEHICLES,direct_co2_kg,0.2744,2601,2601,0,DIAGNOSTIC_NOT_A_VALIDATION,"the draws are centred on the central, so containment of the central by its own draws is close to a tautology; it is reported because a reader who does not see it will ask, and it establishes nothing about calibration"
V33_POLICY_CONDITIONAL,EQUAL_SIZE_COMPARISON_1000000_VEHICLES_AT_THE_MEASURED_NATIONAL_RATIO_2988_STI_UNITS_PER_MILLION_VEHICLES,grid_intensity_kg_per_kwh,0.21,2601,2601,0,DIAGNOSTIC_NOT_A_VALIDATION,"the draws are centred on the central, so containment of the central by its own draws is close to a tautology; it is reported because a reader who does not see it will ask, and it establishes nothing about calibration"
V31C_REPRODUCED_PARITY_CERTIFICATE,EQUAL_SIZE_COMPARISON_1000000_VEHICLES_AT_THE_MEASURED_NATIONAL_RATIO_2988_STI_UNITS_PER_MILLION_VEHICLES,grid_intensity_kg_per_kwh,0.2744,2601,2601,0,DIAGNOSTIC_NOT_A_VALIDATION,"the draws are centred on the central, so containment of the central by its own draws is close to a tautology; it is reported because a reader who does not see it will ask, and it establishes nothing about calibration"
