state,state_name,scope_role,scenario_bundle,scenario_definition,method_used,vehicle_group,first_compliance_model_year,capacity_basis,registered_automobiles,intersections,weather_workload_multiplier,grid_bridge_class,grid_source,grid_tail_rule,vehicle_tail_rule,peak_year,peak_direct_co2_metric_tonnes,sustained_nonincrease_onset_year,turning_status,ratio_2075_over_peak,estimand_conditional_on,onset_year_grid_tail_TREND,onset_year_grid_tail_FROZEN,onset_year_grid_tail_STATUTE,onset_year_vehicle_tail_FROZEN,equal_size_comparison_onset_year,v30_prior_central_onset_year,v22_prior_central_onset_year,onset_shift_v31_minus_v30_years,post_2050_disclosure,vehicle_post_2050_disclosure,minimum_subsequent_modeled_years,forbidden_interpretation,vehicle_rule_enforceability,survival_convention
AK,Alaska,PRIMARY_50_STATE,expert_central_v32_ALTTRNP,ENACTED_STATE_LAW_AS_WRITTEN_OVER_PUBLISHED_NO_ADDITIONAL_POLICY_PROJECTION__ACCII_FEDERAL_WAIVER_DISAPPROVED_PUBL_119_16__NOT_ENFORCEABLE_2026_09_05,PUBLISHED_MARKET_PROJECTION_REBASED,NO_VEHICLE_RULE_38,,REAL_CAPACITY_FHWA_MV1_2024_REGISTERED_AUTOMOBILES_AND_STI_V2_INTERSECTIONS,122678.0,487.0,1.07971325,AK_RAILBELT_PUBLISHED_SCENARIO,NREL_TP-5700-81698_RAILBELT_RPS80_PUBLISHED_SCENARIO,FROZEN,TREND,2075,8681.650389102722,,RIGHT_CENSORED_THROUGH_2075,1.0,REGISTERED_STATUTORY_SCHEDULE_FLOOR_OVER_PUBLISHED_NO_ADDITIONAL_POLICY_MARKET_PROJECTION_ON_AN_AGE_SPECIFIC_SURVIVAL_WEIGHTED_VEHICLE_STOCK,,,,,,,2063,,AUTHOR_POST_CAMBIUM_EXTENSION_NOT_CAMBIUM; 2051-2075 shaded per SHADE_2051_2075_AUTHOR_EXTENSION,AUTHOR_POST_AEO_EXTENSION_NOT_AEO; 2051-2075 shaded per SHADE_2051_2075_AUTHOR_EXTENSION,5,NOT_CARBON_NEUTRALITY_AND_NOT_CUMULATIVE_PAYBACK,NO_STATE_VEHICLE_RULE,EPA_MOVES5_TABLE_C1_PASSENGER_CAR_AGE_SPECIFIC_SURVIVAL_MONOTONE_AGE27_INTERPOLATION_AGE40_PLUS_RATE_REUSED
AL,Alabama,PRIMARY_50_STATE,expert_central_v32_ALTTRNP,ENACTED_STATE_LAW_AS_WRITTEN_OVER_PUBLISHED_NO_ADDITIONAL_POLICY_PROJECTION__ACCII_FEDERAL_WAIVER_DISAPPROVED_PUBL_119_16__NOT_ENFORCEABLE_2026_09_05,PUBLISHED_MARKET_PROJECTION_REBASED,NO_VEHICLE_RULE_38,,REAL_CAPACITY_FHWA_MV1_2024_REGISTERED_AUTOMOBILES_AND_STI_V2_INTERSECTIONS,1937330.0,3873.0,1.0409058,CAMBIUM_BA_STATE_PATH,NREL_CAMBIUM_2024_MIDCASE_BA_ROLLUP_TO_STATE_ADDITIVE_REBASED_WITH_CLIPPING_ON_REGISTERED_EGRID_S0G,FROZEN,TREND,2075,130707.2239024201,,RIGHT_CENSORED_THROUGH_2075,1.0,REGISTERED_STATUTORY_SCHEDULE_FLOOR_OVER_PUBLISHED_NO_ADDITIONAL_POLICY_MARKET_PROJECTION_ON_AN_AGE_SPECIFIC_SURVIVAL_WEIGHTED_VEHICLE_STOCK,,,,,,2063.0,2063,,AUTHOR_POST_CAMBIUM_EXTENSION_NOT_CAMBIUM; 2051-2075 shaded per SHADE_2051_2075_AUTHOR_EXTENSION,AUTHOR_POST_AEO_EXTENSION_NOT_AEO; 2051-2075 shaded per SHADE_2051_2075_AUTHOR_EXTENSION,5,NOT_CARBON_NEUTRALITY_AND_NOT_CUMULATIVE_PAYBACK,NO_STATE_VEHICLE_RULE,EPA_MOVES5_TABLE_C1_PASSENGER_CAR_AGE_SPECIFIC_SURVIVAL_MONOTONE_AGE27_INTERPOLATION_AGE40_PLUS_RATE_REUSED
AR,Arkansas,PRIMARY_50_STATE,expert_central_v32_ALTTRNP,ENACTED_STATE_LAW_AS_WRITTEN_OVER_PUBLISHED_NO_ADDITIONAL_POLICY_PROJECTION__ACCII_FEDERAL_WAIVER_DISAPPROVED_PUBL_119_16__NOT_ENFORCEABLE_2026_09_05,PUBLISHED_MARKET_PROJECTION_REBASED,NO_VEHICLE_RULE_38,,REAL_CAPACITY_FHWA_MV1_2024_REGISTERED_AUTOMOBILES_AND_STI_V2_INTERSECTIONS,911769.0,1612.0,1.0340818,CAMBIUM_BA_STATE_PATH,NREL_CAMBIUM_2024_MIDCASE_BA_ROLLUP_TO_STATE_ADDITIVE_REBASED_WITH_CLIPPING_ON_REGISTERED_EGRID_S0G,FROZEN,TREND,2075,59850.559570555226,,RIGHT_CENSORED_THROUGH_2075,1.0,REGISTERED_STATUTORY_SCHEDULE_FLOOR_OVER_PUBLISHED_NO_ADDITIONAL_POLICY_MARKET_PROJECTION_ON_AN_AGE_SPECIFIC_SURVIVAL_WEIGHTED_VEHICLE_STOCK,,,,,,2057.0,2063,,AUTHOR_POST_CAMBIUM_EXTENSION_NOT_CAMBIUM; 2051-2075 shaded per SHADE_2051_2075_AUTHOR_EXTENSION,AUTHOR_POST_AEO_EXTENSION_NOT_AEO; 2051-2075 shaded per SHADE_2051_2075_AUTHOR_EXTENSION,5,NOT_CARBON_NEUTRALITY_AND_NOT_CUMULATIVE_PAYBACK,NO_STATE_VEHICLE_RULE,EPA_MOVES5_TABLE_C1_PASSENGER_CAR_AGE_SPECIFIC_SURVIVAL_MONOTONE_AGE27_INTERPOLATION_AGE40_PLUS_RATE_REUSED
AZ,Arizona,PRIMARY_50_STATE,expert_central_v32_ALTTRNP,ENACTED_STATE_LAW_AS_WRITTEN_OVER_PUBLISHED_NO_ADDITIONAL_POLICY_PROJECTION__ACCII_FEDERAL_WAIVER_DISAPPROVED_PUBL_119_16__NOT_ENFORCEABLE_2026_09_05,PUBLISHED_MARKET_PROJECTION_REBASED,NO_VEHICLE_RULE_38,,REAL_CAPACITY_FHWA_MV1_2024_REGISTERED_AUTOMOBILES_AND_STI_V2_INTERSECTIONS,2287531.0,5014.0,1.01635375,CAMBIUM_BA_STATE_PATH,NREL_CAMBIUM_2024_MIDCASE_BA_ROLLUP_TO_STATE_ADDITIVE_REBASED_WITH_CLIPPING_ON_REGISTERED_EGRID_S0G,FROZEN,TREND,2075,149833.72019307438,,RIGHT_CENSORED_THROUGH_2075,1.0,REGISTERED_STATUTORY_SCHEDULE_FLOOR_OVER_PUBLISHED_NO_ADDITIONAL_POLICY_MARKET_PROJECTION_ON_AN_AGE_SPECIFIC_SURVIVAL_WEIGHTED_VEHICLE_STOCK,,,,,,,2062,,AUTHOR_POST_CAMBIUM_EXTENSION_NOT_CAMBIUM; 2051-2075 shaded per SHADE_2051_2075_AUTHOR_EXTENSION,AUTHOR_POST_AEO_EXTENSION_NOT_AEO; 2051-2075 shaded per SHADE_2051_2075_AUTHOR_EXTENSION,5,NOT_CARBON_NEUTRALITY_AND_NOT_CUMULATIVE_PAYBACK,NO_STATE_VEHICLE_RULE,EPA_MOVES5_TABLE_C1_PASSENGER_CAR_AGE_SPECIFIC_SURVIVAL_MONOTONE_AGE27_INTERPOLATION_AGE40_PLUS_RATE_REUSED
CA,California,PRIMARY_50_STATE,expert_central_v32_ALTTRNP,ENACTED_STATE_LAW_AS_WRITTEN_OVER_PUBLISHED_NO_ADDITIONAL_POLICY_PROJECTION__ACCII_FEDERAL_WAIVER_DISAPPROVED_PUBL_119_16__NOT_ENFORCEABLE_2026_09_05,POLICY_SCHEDULE_FLOOR_OVER_MARKET_PROJECTION,FULL_SCHEDULE_10,2026.0,REAL_CAPACITY_FHWA_MV1_2024_REGISTERED_AUTOMOBILES_AND_STI_V2_INTERSECTIONS,12979522.0,40180.0,1.0348575000000002,CAMBIUM_BA_STATE_PATH_WITH_REGISTERED_STATUTORY_FLOOR,NREL_CAMBIUM_2024_MIDCASE_BA_ROLLUP_TO_STATE_ADDITIVE_REBASED_WITH_CLIPPING_ON_REGISTERED_EGRID_S0G_WITH_THE_FIRST_HAND_REGISTERED_ENFORCEABLE_STANDARD_AS_A_FLOOR,FROZEN,TREND,2075,97216.63552329279,,RIGHT_CENSORED_THROUGH_2075,1.0,REGISTERED_STATUTORY_SCHEDULE_FLOOR_OVER_PUBLISHED_NO_ADDITIONAL_POLICY_MARKET_PROJECTION_ON_AN_AGE_SPECIFIC_SURVIVAL_WEIGHTED_VEHICLE_STOCK,,,,,,2057.0,2057,,AUTHOR_POST_CAMBIUM_EXTENSION_NOT_CAMBIUM; 2051-2075 shaded per SHADE_2051_2075_AUTHOR_EXTENSION,AUTHOR_POST_AEO_EXTENSION_NOT_AEO; 2051-2075 shaded per SHADE_2051_2075_AUTHOR_EXTENSION,5,NOT_CARBON_NEUTRALITY_AND_NOT_CUMULATIVE_PAYBACK,ENACTED_STATE_RULE__FEDERAL_WAIVER_DISAPPROVED_PUBL_119_16__NOT_ENFORCEABLE_2026_09_05,EPA_MOVES5_TABLE_C1_PASSENGER_CAR_AGE_SPECIFIC_SURVIVAL_MONOTONE_AGE27_INTERPOLATION_AGE40_PLUS_RATE_REUSED
CO,Colorado,PRIMARY_50_STATE,expert_central_v32_ALTTRNP,ENACTED_STATE_LAW_AS_WRITTEN_OVER_PUBLISHED_NO_ADDITIONAL_POLICY_PROJECTION__ACCII_FEDERAL_WAIVER_DISAPPROVED_PUBL_119_16__NOT_ENFORCEABLE_2026_09_05,POLICY_SCHEDULE_FLOOR_OVER_MARKET_PROJECTION,CAPPED_82_MY2032_3,2027.0,REAL_CAPACITY_FHWA_MV1_2024_REGISTERED_AUTOMOBILES_AND_STI_V2_INTERSECTIONS,1356526.0,6072.0,1.0414877000000002,CAMBIUM_BA_STATE_PATH_WITH_REGISTERED_STATUTORY_FLOOR,NREL_CAMBIUM_2024_MIDCASE_BA_ROLLUP_TO_STATE_ADDITIVE_REBASED_WITH_CLIPPING_ON_REGISTERED_EGRID_S0G_WITH_THE_FIRST_HAND_REGISTERED_ENFORCEABLE_STANDARD_AS_A_FLOOR,FROZEN,TREND,2074,23322.031981089476,,RIGHT_CENSORED_THROUGH_2075,0.9980678682963212,REGISTERED_STATUTORY_SCHEDULE_FLOOR_OVER_PUBLISHED_NO_ADDITIONAL_POLICY_MARKET_PROJECTION_ON_AN_AGE_SPECIFIC_SURVIVAL_WEIGHTED_VEHICLE_STOCK,2070.0,,,2070.0,2070.0,2057.0,2060,,AUTHOR_POST_CAMBIUM_EXTENSION_NOT_CAMBIUM; 2051-2075 shaded per SHADE_2051_2075_AUTHOR_EXTENSION,AUTHOR_POST_AEO_EXTENSION_NOT_AEO; 2051-2075 shaded per SHADE_2051_2075_AUTHOR_EXTENSION,5,NOT_CARBON_NEUTRALITY_AND_NOT_CUMULATIVE_PAYBACK,ENACTED_STATE_RULE__FEDERAL_WAIVER_DISAPPROVED_PUBL_119_16__NOT_ENFORCEABLE_2026_09_05,EPA_MOVES5_TABLE_C1_PASSENGER_CAR_AGE_SPECIFIC_SURVIVAL_MONOTONE_AGE27_INTERPOLATION_AGE40_PLUS_RATE_REUSED
CT,Connecticut,PRIMARY_50_STATE,expert_central_v32_ALTTRNP,ENACTED_STATE_LAW_AS_WRITTEN_OVER_PUBLISHED_NO_ADDITIONAL_POLICY_PROJECTION__ACCII_FEDERAL_WAIVER_DISAPPROVED_PUBL_119_16__NOT_ENFORCEABLE_2026_09_05,PUBLISHED_MARKET_PROJECTION_REBASED,NO_VEHICLE_RULE_38,,REAL_CAPACITY_FHWA_MV1_2024_REGISTERED_AUTOMOBILES_AND_STI_V2_INTERSECTIONS,1028799.0,4956.0,1.0518885500000001,CAMBIUM_BA_STATE_PATH_WITH_REGISTERED_STATUTORY_FLOOR,NREL_CAMBIUM_2024_MIDCASE_BA_ROLLUP_TO_STATE_ADDITIVE_REBASED_WITH_CLIPPING_ON_REGISTERED_EGRID_S0G_WITH_THE_FIRST_HAND_REGISTERED_ENFORCEABLE_STANDARD_AS_A_FLOOR,FROZEN,TREND,2075,66150.7467981716,,RIGHT_CENSORED_THROUGH_2075,1.0,REGISTERED_STATUTORY_SCHEDULE_FLOOR_OVER_PUBLISHED_NO_ADDITIONAL_POLICY_MARKET_PROJECTION_ON_AN_AGE_SPECIFIC_SURVIVAL_WEIGHTED_VEHICLE_STOCK,,,,,,2057.0,2057,,AUTHOR_POST_CAMBIUM_EXTENSION_NOT_CAMBIUM; 2051-2075 shaded per SHADE_2051_2075_AUTHOR_EXTENSION,AUTHOR_POST_AEO_EXTENSION_NOT_AEO; 2051-2075 shaded per SHADE_2051_2075_AUTHOR_EXTENSION,5,NOT_CARBON_NEUTRALITY_AND_NOT_CUMULATIVE_PAYBACK,NO_STATE_VEHICLE_RULE,EPA_MOVES5_TABLE_C1_PASSENGER_CAR_AGE_SPECIFIC_SURVIVAL_MONOTONE_AGE27_INTERPOLATION_AGE40_PLUS_RATE_REUSED
DC,District of Columbia,SUPPLEMENTAL_DC,expert_central_v32_ALTTRNP,ENACTED_STATE_LAW_AS_WRITTEN_OVER_PUBLISHED_NO_ADDITIONAL_POLICY_PROJECTION__ACCII_FEDERAL_WAIVER_DISAPPROVED_PUBL_119_16__NOT_ENFORCEABLE_2026_09_05,POLICY_SCHEDULE_FLOOR_OVER_MARKET_PROJECTION,FULL_SCHEDULE_10,2027.0,REAL_CAPACITY_FHWA_MV1_2024_REGISTERED_AUTOMOBILES_AND_STI_V2_INTERSECTIONS,150476.0,1596.0,1.0529085,CAMBIUM_BA_STATE_PATH_WITH_REGISTERED_STATUTORY_FLOOR,NREL_CAMBIUM_2024_MIDCASE_BA_ROLLUP_TO_STATE_ADDITIVE_REBASED_WITH_CLIPPING_ON_REGISTERED_EGRID_S0G_WITH_THE_FIRST_HAND_REGISTERED_ENFORCEABLE_STANDARD_AS_A_FLOOR,FROZEN,TREND,2031,382.62088684123347,2035.0,IDENTIFIED,0.0002004698156133552,REGISTERED_STATUTORY_SCHEDULE_FLOOR_OVER_PUBLISHED_NO_ADDITIONAL_POLICY_MARKET_PROJECTION_ON_AN_AGE_SPECIFIC_SURVIVAL_WEIGHTED_VEHICLE_STOCK,2035.0,2035.0,2035.0,2035.0,2035.0,2057.0,2057,-22.0,AUTHOR_POST_CAMBIUM_EXTENSION_NOT_CAMBIUM; 2051-2075 shaded per SHADE_2051_2075_AUTHOR_EXTENSION,AUTHOR_POST_AEO_EXTENSION_NOT_AEO; 2051-2075 shaded per SHADE_2051_2075_AUTHOR_EXTENSION,5,NOT_CARBON_NEUTRALITY_AND_NOT_CUMULATIVE_PAYBACK,ENACTED_STATE_RULE__FEDERAL_WAIVER_DISAPPROVED_PUBL_119_16__NOT_ENFORCEABLE_2026_09_05,EPA_MOVES5_TABLE_C1_PASSENGER_CAR_AGE_SPECIFIC_SURVIVAL_MONOTONE_AGE27_INTERPOLATION_AGE40_PLUS_RATE_REUSED
DE,Delaware,PRIMARY_50_STATE,expert_central_v32_ALTTRNP,ENACTED_STATE_LAW_AS_WRITTEN_OVER_PUBLISHED_NO_ADDITIONAL_POLICY_PROJECTION__ACCII_FEDERAL_WAIVER_DISAPPROVED_PUBL_119_16__NOT_ENFORCEABLE_2026_09_05,POLICY_SCHEDULE_FLOOR_OVER_MARKET_PROJECTION,CAPPED_82_MY2032_3,2027.0,REAL_CAPACITY_FHWA_MV1_2024_REGISTERED_AUTOMOBILES_AND_STI_V2_INTERSECTIONS,148493.0,1053.0,1.0411441,CAMBIUM_BA_STATE_PATH_WITH_REGISTERED_STATUTORY_FLOOR,NREL_CAMBIUM_2024_MIDCASE_BA_ROLLUP_TO_STATE_ADDITIVE_REBASED_WITH_CLIPPING_ON_REGISTERED_EGRID_S0G_WITH_THE_FIRST_HAND_REGISTERED_ENFORCEABLE_STANDARD_AS_A_FLOOR,FROZEN,TREND,2075,2974.0792227222278,,RIGHT_CENSORED_THROUGH_2075,1.0,REGISTERED_STATUTORY_SCHEDULE_FLOOR_OVER_PUBLISHED_NO_ADDITIONAL_POLICY_MARKET_PROJECTION_ON_AN_AGE_SPECIFIC_SURVIVAL_WEIGHTED_VEHICLE_STOCK,,,,,,,2062,,AUTHOR_POST_CAMBIUM_EXTENSION_NOT_CAMBIUM; 2051-2075 shaded per SHADE_2051_2075_AUTHOR_EXTENSION,AUTHOR_POST_AEO_EXTENSION_NOT_AEO; 2051-2075 shaded per SHADE_2051_2075_AUTHOR_EXTENSION,5,NOT_CARBON_NEUTRALITY_AND_NOT_CUMULATIVE_PAYBACK,ENACTED_STATE_RULE__FEDERAL_WAIVER_DISAPPROVED_PUBL_119_16__NOT_ENFORCEABLE_2026_09_05,EPA_MOVES5_TABLE_C1_PASSENGER_CAR_AGE_SPECIFIC_SURVIVAL_MONOTONE_AGE27_INTERPOLATION_AGE40_PLUS_RATE_REUSED
FL,Florida,PRIMARY_50_STATE,expert_central_v32_ALTTRNP,ENACTED_STATE_LAW_AS_WRITTEN_OVER_PUBLISHED_NO_ADDITIONAL_POLICY_PROJECTION__ACCII_FEDERAL_WAIVER_DISAPPROVED_PUBL_119_16__NOT_ENFORCEABLE_2026_09_05,PUBLISHED_MARKET_PROJECTION_REBASED,NO_VEHICLE_RULE_38,,REAL_CAPACITY_FHWA_MV1_2024_REGISTERED_AUTOMOBILES_AND_STI_V2_INTERSECTIONS,7210114.0,17312.0,1.03725845,CAMBIUM_BA_STATE_PATH,NREL_CAMBIUM_2024_MIDCASE_BA_ROLLUP_TO_STATE_ADDITIVE_REBASED_WITH_CLIPPING_ON_REGISTERED_EGRID_S0G,FROZEN,TREND,2075,494607.98740251944,,RIGHT_CENSORED_THROUGH_2075,1.0,REGISTERED_STATUTORY_SCHEDULE_FLOOR_OVER_PUBLISHED_NO_ADDITIONAL_POLICY_MARKET_PROJECTION_ON_AN_AGE_SPECIFIC_SURVIVAL_WEIGHTED_VEHICLE_STOCK,,,,,,,2063,,AUTHOR_POST_CAMBIUM_EXTENSION_NOT_CAMBIUM; 2051-2075 shaded per SHADE_2051_2075_AUTHOR_EXTENSION,AUTHOR_POST_AEO_EXTENSION_NOT_AEO; 2051-2075 shaded per SHADE_2051_2075_AUTHOR_EXTENSION,5,NOT_CARBON_NEUTRALITY_AND_NOT_CUMULATIVE_PAYBACK,NO_STATE_VEHICLE_RULE,EPA_MOVES5_TABLE_C1_PASSENGER_CAR_AGE_SPECIFIC_SURVIVAL_MONOTONE_AGE27_INTERPOLATION_AGE40_PLUS_RATE_REUSED
GA,Georgia,PRIMARY_50_STATE,expert_central_v32_ALTTRNP,ENACTED_STATE_LAW_AS_WRITTEN_OVER_PUBLISHED_NO_ADDITIONAL_POLICY_PROJECTION__ACCII_FEDERAL_WAIVER_DISAPPROVED_PUBL_119_16__NOT_ENFORCEABLE_2026_09_05,PUBLISHED_MARKET_PROJECTION_REBASED,NO_VEHICLE_RULE_38,,REAL_CAPACITY_FHWA_MV1_2024_REGISTERED_AUTOMOBILES_AND_STI_V2_INTERSECTIONS,3206610.0,7310.0,1.0423971,CAMBIUM_BA_STATE_PATH,NREL_CAMBIUM_2024_MIDCASE_BA_ROLLUP_TO_STATE_ADDITIVE_REBASED_WITH_CLIPPING_ON_REGISTERED_EGRID_S0G,FROZEN,TREND,2075,220433.03944172268,,RIGHT_CENSORED_THROUGH_2075,1.0,REGISTERED_STATUTORY_SCHEDULE_FLOOR_OVER_PUBLISHED_NO_ADDITIONAL_POLICY_MARKET_PROJECTION_ON_AN_AGE_SPECIFIC_SURVIVAL_WEIGHTED_VEHICLE_STOCK,,,,,,,2063,,AUTHOR_POST_CAMBIUM_EXTENSION_NOT_CAMBIUM; 2051-2075 shaded per SHADE_2051_2075_AUTHOR_EXTENSION,AUTHOR_POST_AEO_EXTENSION_NOT_AEO; 2051-2075 shaded per SHADE_2051_2075_AUTHOR_EXTENSION,5,NOT_CARBON_NEUTRALITY_AND_NOT_CUMULATIVE_PAYBACK,NO_STATE_VEHICLE_RULE,EPA_MOVES5_TABLE_C1_PASSENGER_CAR_AGE_SPECIFIC_SURVIVAL_MONOTONE_AGE27_INTERPOLATION_AGE40_PLUS_RATE_REUSED
HI,Hawaii,PRIMARY_50_STATE,expert_central_v32_ALTTRNP,ENACTED_STATE_LAW_AS_WRITTEN_OVER_PUBLISHED_NO_ADDITIONAL_POLICY_PROJECTION__ACCII_FEDERAL_WAIVER_DISAPPROVED_PUBL_119_16__NOT_ENFORCEABLE_2026_09_05,PUBLISHED_MARKET_PROJECTION_REBASED,NO_VEHICLE_RULE_38,,REAL_CAPACITY_FHWA_MV1_2024_REGISTERED_AUTOMOBILES_AND_STI_V2_INTERSECTIONS,422292.0,939.0,1.04017755,HI_STATUTE_MINUS_REGISTERED_FIRM_BIOFUEL,ENACTED_HAWAII_RPS_STATUTE_MINUS_THE_REGISTERED_FIRM_BIOFUEL_BRACKET,FROZEN,TREND,2075,26713.340402355927,,RIGHT_CENSORED_THROUGH_2075,1.0,REGISTERED_STATUTORY_SCHEDULE_FLOOR_OVER_PUBLISHED_NO_ADDITIONAL_POLICY_MARKET_PROJECTION_ON_AN_AGE_SPECIFIC_SURVIVAL_WEIGHTED_VEHICLE_STOCK,,,,,,2057.0,2057,,AUTHOR_POST_CAMBIUM_EXTENSION_NOT_CAMBIUM; 2051-2075 shaded per SHADE_2051_2075_AUTHOR_EXTENSION,AUTHOR_POST_AEO_EXTENSION_NOT_AEO; 2051-2075 shaded per SHADE_2051_2075_AUTHOR_EXTENSION,5,NOT_CARBON_NEUTRALITY_AND_NOT_CUMULATIVE_PAYBACK,NO_STATE_VEHICLE_RULE,EPA_MOVES5_TABLE_C1_PASSENGER_CAR_AGE_SPECIFIC_SURVIVAL_MONOTONE_AGE27_INTERPOLATION_AGE40_PLUS_RATE_REUSED
IA,Iowa,PRIMARY_50_STATE,expert_central_v32_ALTTRNP,ENACTED_STATE_LAW_AS_WRITTEN_OVER_PUBLISHED_NO_ADDITIONAL_POLICY_PROJECTION__ACCII_FEDERAL_WAIVER_DISAPPROVED_PUBL_119_16__NOT_ENFORCEABLE_2026_09_05,PUBLISHED_MARKET_PROJECTION_REBASED,NO_VEHICLE_RULE_38,,REAL_CAPACITY_FHWA_MV1_2024_REGISTERED_AUTOMOBILES_AND_STI_V2_INTERSECTIONS,1006994.0,2532.0,1.0497978,CAMBIUM_BA_STATE_PATH,NREL_CAMBIUM_2024_MIDCASE_BA_ROLLUP_TO_STATE_ADDITIVE_REBASED_WITH_CLIPPING_ON_REGISTERED_EGRID_S0G,FROZEN,TREND,2075,67309.64247024202,,RIGHT_CENSORED_THROUGH_2075,1.0,REGISTERED_STATUTORY_SCHEDULE_FLOOR_OVER_PUBLISHED_NO_ADDITIONAL_POLICY_MARKET_PROJECTION_ON_AN_AGE_SPECIFIC_SURVIVAL_WEIGHTED_VEHICLE_STOCK,,,,,,2064.0,2062,,AUTHOR_POST_CAMBIUM_EXTENSION_NOT_CAMBIUM; 2051-2075 shaded per SHADE_2051_2075_AUTHOR_EXTENSION,AUTHOR_POST_AEO_EXTENSION_NOT_AEO; 2051-2075 shaded per SHADE_2051_2075_AUTHOR_EXTENSION,5,NOT_CARBON_NEUTRALITY_AND_NOT_CUMULATIVE_PAYBACK,NO_STATE_VEHICLE_RULE,EPA_MOVES5_TABLE_C1_PASSENGER_CAR_AGE_SPECIFIC_SURVIVAL_MONOTONE_AGE27_INTERPOLATION_AGE40_PLUS_RATE_REUSED
ID,Idaho,PRIMARY_50_STATE,expert_central_v32_ALTTRNP,ENACTED_STATE_LAW_AS_WRITTEN_OVER_PUBLISHED_NO_ADDITIONAL_POLICY_PROJECTION__ACCII_FEDERAL_WAIVER_DISAPPROVED_PUBL_119_16__NOT_ENFORCEABLE_2026_09_05,PUBLISHED_MARKET_PROJECTION_REBASED,NO_VEHICLE_RULE_38,,REAL_CAPACITY_FHWA_MV1_2024_REGISTERED_AUTOMOBILES_AND_STI_V2_INTERSECTIONS,510516.0,1084.0,1.0345380999999998,CAMBIUM_BA_STATE_PATH,NREL_CAMBIUM_2024_MIDCASE_BA_ROLLUP_TO_STATE_ADDITIVE_REBASED_WITH_CLIPPING_ON_REGISTERED_EGRID_S0G,FROZEN,TREND,2075,34089.474842410404,,RIGHT_CENSORED_THROUGH_2075,1.0,REGISTERED_STATUTORY_SCHEDULE_FLOOR_OVER_PUBLISHED_NO_ADDITIONAL_POLICY_MARKET_PROJECTION_ON_AN_AGE_SPECIFIC_SURVIVAL_WEIGHTED_VEHICLE_STOCK,,,,,,,2061,,AUTHOR_POST_CAMBIUM_EXTENSION_NOT_CAMBIUM; 2051-2075 shaded per SHADE_2051_2075_AUTHOR_EXTENSION,AUTHOR_POST_AEO_EXTENSION_NOT_AEO; 2051-2075 shaded per SHADE_2051_2075_AUTHOR_EXTENSION,5,NOT_CARBON_NEUTRALITY_AND_NOT_CUMULATIVE_PAYBACK,NO_STATE_VEHICLE_RULE,EPA_MOVES5_TABLE_C1_PASSENGER_CAR_AGE_SPECIFIC_SURVIVAL_MONOTONE_AGE27_INTERPOLATION_AGE40_PLUS_RATE_REUSED
IL,Illinois,PRIMARY_50_STATE,expert_central_v32_ALTTRNP,ENACTED_STATE_LAW_AS_WRITTEN_OVER_PUBLISHED_NO_ADDITIONAL_POLICY_PROJECTION__ACCII_FEDERAL_WAIVER_DISAPPROVED_PUBL_119_16__NOT_ENFORCEABLE_2026_09_05,PUBLISHED_MARKET_PROJECTION_REBASED,NO_VEHICLE_RULE_38,,REAL_CAPACITY_FHWA_MV1_2024_REGISTERED_AUTOMOBILES_AND_STI_V2_INTERSECTIONS,3514238.0,11218.0,1.05241685,CAMBIUM_BA_STATE_PATH_WITH_REGISTERED_STATUTORY_FLOOR,NREL_CAMBIUM_2024_MIDCASE_BA_ROLLUP_TO_STATE_ADDITIVE_REBASED_WITH_CLIPPING_ON_REGISTERED_EGRID_S0G_WITH_THE_FIRST_HAND_REGISTERED_ENFORCEABLE_STANDARD_AS_A_FLOOR,FROZEN,TREND,2075,226236.62606134007,,RIGHT_CENSORED_THROUGH_2075,1.0,REGISTERED_STATUTORY_SCHEDULE_FLOOR_OVER_PUBLISHED_NO_ADDITIONAL_POLICY_MARKET_PROJECTION_ON_AN_AGE_SPECIFIC_SURVIVAL_WEIGHTED_VEHICLE_STOCK,,,,,,2057.0,2057,,AUTHOR_POST_CAMBIUM_EXTENSION_NOT_CAMBIUM; 2051-2075 shaded per SHADE_2051_2075_AUTHOR_EXTENSION,AUTHOR_POST_AEO_EXTENSION_NOT_AEO; 2051-2075 shaded per SHADE_2051_2075_AUTHOR_EXTENSION,5,NOT_CARBON_NEUTRALITY_AND_NOT_CUMULATIVE_PAYBACK,NO_STATE_VEHICLE_RULE,EPA_MOVES5_TABLE_C1_PASSENGER_CAR_AGE_SPECIFIC_SURVIVAL_MONOTONE_AGE27_INTERPOLATION_AGE40_PLUS_RATE_REUSED
IN,Indiana,PRIMARY_50_STATE,expert_central_v32_ALTTRNP,ENACTED_STATE_LAW_AS_WRITTEN_OVER_PUBLISHED_NO_ADDITIONAL_POLICY_PROJECTION__ACCII_FEDERAL_WAIVER_DISAPPROVED_PUBL_119_16__NOT_ENFORCEABLE_2026_09_05,PUBLISHED_MARKET_PROJECTION_REBASED,NO_VEHICLE_RULE_38,,REAL_CAPACITY_FHWA_MV1_2024_REGISTERED_AUTOMOBILES_AND_STI_V2_INTERSECTIONS,1791108.0,5432.0,1.0552697,CAMBIUM_BA_STATE_PATH,NREL_CAMBIUM_2024_MIDCASE_BA_ROLLUP_TO_STATE_ADDITIVE_REBASED_WITH_CLIPPING_ON_REGISTERED_EGRID_S0G,FROZEN,TREND,2075,126871.01082557549,,RIGHT_CENSORED_THROUGH_2075,1.0,REGISTERED_STATUTORY_SCHEDULE_FLOOR_OVER_PUBLISHED_NO_ADDITIONAL_POLICY_MARKET_PROJECTION_ON_AN_AGE_SPECIFIC_SURVIVAL_WEIGHTED_VEHICLE_STOCK,,,,,,,2064,,AUTHOR_POST_CAMBIUM_EXTENSION_NOT_CAMBIUM; 2051-2075 shaded per SHADE_2051_2075_AUTHOR_EXTENSION,AUTHOR_POST_AEO_EXTENSION_NOT_AEO; 2051-2075 shaded per SHADE_2051_2075_AUTHOR_EXTENSION,5,NOT_CARBON_NEUTRALITY_AND_NOT_CUMULATIVE_PAYBACK,NO_STATE_VEHICLE_RULE,EPA_MOVES5_TABLE_C1_PASSENGER_CAR_AGE_SPECIFIC_SURVIVAL_MONOTONE_AGE27_INTERPOLATION_AGE40_PLUS_RATE_REUSED
KS,Kansas,PRIMARY_50_STATE,expert_central_v32_ALTTRNP,ENACTED_STATE_LAW_AS_WRITTEN_OVER_PUBLISHED_NO_ADDITIONAL_POLICY_PROJECTION__ACCII_FEDERAL_WAIVER_DISAPPROVED_PUBL_119_16__NOT_ENFORCEABLE_2026_09_05,PUBLISHED_MARKET_PROJECTION_REBASED,NO_VEHICLE_RULE_38,,REAL_CAPACITY_FHWA_MV1_2024_REGISTERED_AUTOMOBILES_AND_STI_V2_INTERSECTIONS,594786.0,2318.0,1.0396961500000002,CAMBIUM_BA_STATE_PATH,NREL_CAMBIUM_2024_MIDCASE_BA_ROLLUP_TO_STATE_ADDITIVE_REBASED_WITH_CLIPPING_ON_REGISTERED_EGRID_S0G,FROZEN,TREND,2075,39276.537125197516,,RIGHT_CENSORED_THROUGH_2075,1.0,REGISTERED_STATUTORY_SCHEDULE_FLOOR_OVER_PUBLISHED_NO_ADDITIONAL_POLICY_MARKET_PROJECTION_ON_AN_AGE_SPECIFIC_SURVIVAL_WEIGHTED_VEHICLE_STOCK,,,,,,2067.0,2063,,AUTHOR_POST_CAMBIUM_EXTENSION_NOT_CAMBIUM; 2051-2075 shaded per SHADE_2051_2075_AUTHOR_EXTENSION,AUTHOR_POST_AEO_EXTENSION_NOT_AEO; 2051-2075 shaded per SHADE_2051_2075_AUTHOR_EXTENSION,5,NOT_CARBON_NEUTRALITY_AND_NOT_CUMULATIVE_PAYBACK,NO_STATE_VEHICLE_RULE,EPA_MOVES5_TABLE_C1_PASSENGER_CAR_AGE_SPECIFIC_SURVIVAL_MONOTONE_AGE27_INTERPOLATION_AGE40_PLUS_RATE_REUSED
KY,Kentucky,PRIMARY_50_STATE,expert_central_v32_ALTTRNP,ENACTED_STATE_LAW_AS_WRITTEN_OVER_PUBLISHED_NO_ADDITIONAL_POLICY_PROJECTION__ACCII_FEDERAL_WAIVER_DISAPPROVED_PUBL_119_16__NOT_ENFORCEABLE_2026_09_05,PUBLISHED_MARKET_PROJECTION_REBASED,NO_VEHICLE_RULE_38,,REAL_CAPACITY_FHWA_MV1_2024_REGISTERED_AUTOMOBILES_AND_STI_V2_INTERSECTIONS,1458659.0,3363.0,1.0474118000000001,CAMBIUM_BA_STATE_PATH,NREL_CAMBIUM_2024_MIDCASE_BA_ROLLUP_TO_STATE_ADDITIVE_REBASED_WITH_CLIPPING_ON_REGISTERED_EGRID_S0G,FROZEN,TREND,2075,97212.93630992914,,RIGHT_CENSORED_THROUGH_2075,1.0,REGISTERED_STATUTORY_SCHEDULE_FLOOR_OVER_PUBLISHED_NO_ADDITIONAL_POLICY_MARKET_PROJECTION_ON_AN_AGE_SPECIFIC_SURVIVAL_WEIGHTED_VEHICLE_STOCK,,,,,,2062.0,2064,,AUTHOR_POST_CAMBIUM_EXTENSION_NOT_CAMBIUM; 2051-2075 shaded per SHADE_2051_2075_AUTHOR_EXTENSION,AUTHOR_POST_AEO_EXTENSION_NOT_AEO; 2051-2075 shaded per SHADE_2051_2075_AUTHOR_EXTENSION,5,NOT_CARBON_NEUTRALITY_AND_NOT_CUMULATIVE_PAYBACK,NO_STATE_VEHICLE_RULE,EPA_MOVES5_TABLE_C1_PASSENGER_CAR_AGE_SPECIFIC_SURVIVAL_MONOTONE_AGE27_INTERPOLATION_AGE40_PLUS_RATE_REUSED
LA,Louisiana,PRIMARY_50_STATE,expert_central_v32_ALTTRNP,ENACTED_STATE_LAW_AS_WRITTEN_OVER_PUBLISHED_NO_ADDITIONAL_POLICY_PROJECTION__ACCII_FEDERAL_WAIVER_DISAPPROVED_PUBL_119_16__NOT_ENFORCEABLE_2026_09_05,PUBLISHED_MARKET_PROJECTION_REBASED,NO_VEHICLE_RULE_38,,REAL_CAPACITY_FHWA_MV1_2024_REGISTERED_AUTOMOBILES_AND_STI_V2_INTERSECTIONS,1370563.0,2693.0,1.0353773999999998,CAMBIUM_BA_STATE_PATH,NREL_CAMBIUM_2024_MIDCASE_BA_ROLLUP_TO_STATE_ADDITIVE_REBASED_WITH_CLIPPING_ON_REGISTERED_EGRID_S0G,FROZEN,TREND,2075,94488.2141963724,,RIGHT_CENSORED_THROUGH_2075,1.0,REGISTERED_STATUTORY_SCHEDULE_FLOOR_OVER_PUBLISHED_NO_ADDITIONAL_POLICY_MARKET_PROJECTION_ON_AN_AGE_SPECIFIC_SURVIVAL_WEIGHTED_VEHICLE_STOCK,,,,,,,2063,,AUTHOR_POST_CAMBIUM_EXTENSION_NOT_CAMBIUM; 2051-2075 shaded per SHADE_2051_2075_AUTHOR_EXTENSION,AUTHOR_POST_AEO_EXTENSION_NOT_AEO; 2051-2075 shaded per SHADE_2051_2075_AUTHOR_EXTENSION,5,NOT_CARBON_NEUTRALITY_AND_NOT_CUMULATIVE_PAYBACK,NO_STATE_VEHICLE_RULE,EPA_MOVES5_TABLE_C1_PASSENGER_CAR_AGE_SPECIFIC_SURVIVAL_MONOTONE_AGE27_INTERPOLATION_AGE40_PLUS_RATE_REUSED
MA,Massachusetts,PRIMARY_50_STATE,expert_central_v32_ALTTRNP,ENACTED_STATE_LAW_AS_WRITTEN_OVER_PUBLISHED_NO_ADDITIONAL_POLICY_PROJECTION__ACCII_FEDERAL_WAIVER_DISAPPROVED_PUBL_119_16__NOT_ENFORCEABLE_2026_09_05,POLICY_SCHEDULE_FLOOR_OVER_MARKET_PROJECTION,FULL_SCHEDULE_10,2026.0,REAL_CAPACITY_FHWA_MV1_2024_REGISTERED_AUTOMOBILES_AND_STI_V2_INTERSECTIONS,1706714.0,5439.0,1.05819945,CAMBIUM_BA_STATE_PATH_WITH_REGISTERED_STATUTORY_FLOOR,NREL_CAMBIUM_2024_MIDCASE_BA_ROLLUP_TO_STATE_ADDITIVE_REBASED_WITH_CLIPPING_ON_REGISTERED_EGRID_S0G_WITH_THE_FIRST_HAND_REGISTERED_ENFORCEABLE_STANDARD_AS_A_FLOOR,FROZEN,TREND,2075,13555.599375799522,,RIGHT_CENSORED_THROUGH_2075,1.0,REGISTERED_STATUTORY_SCHEDULE_FLOOR_OVER_PUBLISHED_NO_ADDITIONAL_POLICY_MARKET_PROJECTION_ON_AN_AGE_SPECIFIC_SURVIVAL_WEIGHTED_VEHICLE_STOCK,,,,,,2057.0,2057,,AUTHOR_POST_CAMBIUM_EXTENSION_NOT_CAMBIUM; 2051-2075 shaded per SHADE_2051_2075_AUTHOR_EXTENSION,AUTHOR_POST_AEO_EXTENSION_NOT_AEO; 2051-2075 shaded per SHADE_2051_2075_AUTHOR_EXTENSION,5,NOT_CARBON_NEUTRALITY_AND_NOT_CUMULATIVE_PAYBACK,ENACTED_STATE_RULE__FEDERAL_WAIVER_DISAPPROVED_PUBL_119_16__NOT_ENFORCEABLE_2026_09_05,EPA_MOVES5_TABLE_C1_PASSENGER_CAR_AGE_SPECIFIC_SURVIVAL_MONOTONE_AGE27_INTERPOLATION_AGE40_PLUS_RATE_REUSED
MD,Maryland,PRIMARY_50_STATE,expert_central_v32_ALTTRNP,ENACTED_STATE_LAW_AS_WRITTEN_OVER_PUBLISHED_NO_ADDITIONAL_POLICY_PROJECTION__ACCII_FEDERAL_WAIVER_DISAPPROVED_PUBL_119_16__NOT_ENFORCEABLE_2026_09_05,POLICY_SCHEDULE_FLOOR_OVER_MARKET_PROJECTION,FULL_SCHEDULE_10,2027.0,REAL_CAPACITY_FHWA_MV1_2024_REGISTERED_AUTOMOBILES_AND_STI_V2_INTERSECTIONS,1908452.0,5878.0,1.0430396499999999,CAMBIUM_BA_STATE_PATH_WITH_REGISTERED_STATUTORY_FLOOR,NREL_CAMBIUM_2024_MIDCASE_BA_ROLLUP_TO_STATE_ADDITIVE_REBASED_WITH_CLIPPING_ON_REGISTERED_EGRID_S0G_WITH_THE_FIRST_HAND_REGISTERED_ENFORCEABLE_STANDARD_AS_A_FLOOR,FROZEN,TREND,2075,23526.60278996173,,RIGHT_CENSORED_THROUGH_2075,1.0,REGISTERED_STATUTORY_SCHEDULE_FLOOR_OVER_PUBLISHED_NO_ADDITIONAL_POLICY_MARKET_PROJECTION_ON_AN_AGE_SPECIFIC_SURVIVAL_WEIGHTED_VEHICLE_STOCK,,,,,,,2062,,AUTHOR_POST_CAMBIUM_EXTENSION_NOT_CAMBIUM; 2051-2075 shaded per SHADE_2051_2075_AUTHOR_EXTENSION,AUTHOR_POST_AEO_EXTENSION_NOT_AEO; 2051-2075 shaded per SHADE_2051_2075_AUTHOR_EXTENSION,5,NOT_CARBON_NEUTRALITY_AND_NOT_CUMULATIVE_PAYBACK,ENACTED_STATE_RULE__FEDERAL_WAIVER_DISAPPROVED_PUBL_119_16__NOT_ENFORCEABLE_2026_09_05,EPA_MOVES5_TABLE_C1_PASSENGER_CAR_AGE_SPECIFIC_SURVIVAL_MONOTONE_AGE27_INTERPOLATION_AGE40_PLUS_RATE_REUSED
ME,Maine,PRIMARY_50_STATE,expert_central_v32_ALTTRNP,ENACTED_STATE_LAW_AS_WRITTEN_OVER_PUBLISHED_NO_ADDITIONAL_POLICY_PROJECTION__ACCII_FEDERAL_WAIVER_DISAPPROVED_PUBL_119_16__NOT_ENFORCEABLE_2026_09_05,PUBLISHED_MARKET_PROJECTION_REBASED,NO_VEHICLE_RULE_38,,REAL_CAPACITY_FHWA_MV1_2024_REGISTERED_AUTOMOBILES_AND_STI_V2_INTERSECTIONS,312473.0,839.0,1.0599389,CAMBIUM_BA_STATE_PATH_WITH_REGISTERED_STATUTORY_FLOOR,NREL_CAMBIUM_2024_MIDCASE_BA_ROLLUP_TO_STATE_ADDITIVE_REBASED_WITH_CLIPPING_ON_REGISTERED_EGRID_S0G_WITH_THE_FIRST_HAND_REGISTERED_ENFORCEABLE_STANDARD_AS_A_FLOOR,FROZEN,TREND,2075,20454.921088508734,,RIGHT_CENSORED_THROUGH_2075,1.0,REGISTERED_STATUTORY_SCHEDULE_FLOOR_OVER_PUBLISHED_NO_ADDITIONAL_POLICY_MARKET_PROJECTION_ON_AN_AGE_SPECIFIC_SURVIVAL_WEIGHTED_VEHICLE_STOCK,,,,,,2057.0,2057,,AUTHOR_POST_CAMBIUM_EXTENSION_NOT_CAMBIUM; 2051-2075 shaded per SHADE_2051_2075_AUTHOR_EXTENSION,AUTHOR_POST_AEO_EXTENSION_NOT_AEO; 2051-2075 shaded per SHADE_2051_2075_AUTHOR_EXTENSION,5,NOT_CARBON_NEUTRALITY_AND_NOT_CUMULATIVE_PAYBACK,NO_STATE_VEHICLE_RULE,EPA_MOVES5_TABLE_C1_PASSENGER_CAR_AGE_SPECIFIC_SURVIVAL_MONOTONE_AGE27_INTERPOLATION_AGE40_PLUS_RATE_REUSED
MI,Michigan,PRIMARY_50_STATE,expert_central_v32_ALTTRNP,ENACTED_STATE_LAW_AS_WRITTEN_OVER_PUBLISHED_NO_ADDITIONAL_POLICY_PROJECTION__ACCII_FEDERAL_WAIVER_DISAPPROVED_PUBL_119_16__NOT_ENFORCEABLE_2026_09_05,PUBLISHED_MARKET_PROJECTION_REBASED,NO_VEHICLE_RULE_38,,REAL_CAPACITY_FHWA_MV1_2024_REGISTERED_AUTOMOBILES_AND_STI_V2_INTERSECTIONS,2494236.0,8422.0,1.06247335,CAMBIUM_BA_STATE_PATH_WITH_REGISTERED_STATUTORY_FLOOR,NREL_CAMBIUM_2024_MIDCASE_BA_ROLLUP_TO_STATE_ADDITIVE_REBASED_WITH_CLIPPING_ON_REGISTERED_EGRID_S0G_WITH_THE_FIRST_HAND_REGISTERED_ENFORCEABLE_STANDARD_AS_A_FLOOR,FROZEN,TREND,2075,162809.23706408578,,RIGHT_CENSORED_THROUGH_2075,1.0,REGISTERED_STATUTORY_SCHEDULE_FLOOR_OVER_PUBLISHED_NO_ADDITIONAL_POLICY_MARKET_PROJECTION_ON_AN_AGE_SPECIFIC_SURVIVAL_WEIGHTED_VEHICLE_STOCK,,,,,,2057.0,2057,,AUTHOR_POST_CAMBIUM_EXTENSION_NOT_CAMBIUM; 2051-2075 shaded per SHADE_2051_2075_AUTHOR_EXTENSION,AUTHOR_POST_AEO_EXTENSION_NOT_AEO; 2051-2075 shaded per SHADE_2051_2075_AUTHOR_EXTENSION,5,NOT_CARBON_NEUTRALITY_AND_NOT_CUMULATIVE_PAYBACK,NO_STATE_VEHICLE_RULE,EPA_MOVES5_TABLE_C1_PASSENGER_CAR_AGE_SPECIFIC_SURVIVAL_MONOTONE_AGE27_INTERPOLATION_AGE40_PLUS_RATE_REUSED
MN,Minnesota,PRIMARY_50_STATE,expert_central_v32_ALTTRNP,ENACTED_STATE_LAW_AS_WRITTEN_OVER_PUBLISHED_NO_ADDITIONAL_POLICY_PROJECTION__ACCII_FEDERAL_WAIVER_DISAPPROVED_PUBL_119_16__NOT_ENFORCEABLE_2026_09_05,PUBLISHED_MARKET_PROJECTION_REBASED,NO_VEHICLE_RULE_38,,REAL_CAPACITY_FHWA_MV1_2024_REGISTERED_AUTOMOBILES_AND_STI_V2_INTERSECTIONS,1609042.0,4163.0,1.0534591500000001,CAMBIUM_BA_STATE_PATH_WITH_REGISTERED_STATUTORY_FLOOR,NREL_CAMBIUM_2024_MIDCASE_BA_ROLLUP_TO_STATE_ADDITIVE_REBASED_WITH_CLIPPING_ON_REGISTERED_EGRID_S0G_WITH_THE_FIRST_HAND_REGISTERED_ENFORCEABLE_STANDARD_AS_A_FLOOR,FROZEN,TREND,2075,104383.16384150859,,RIGHT_CENSORED_THROUGH_2075,1.0,REGISTERED_STATUTORY_SCHEDULE_FLOOR_OVER_PUBLISHED_NO_ADDITIONAL_POLICY_MARKET_PROJECTION_ON_AN_AGE_SPECIFIC_SURVIVAL_WEIGHTED_VEHICLE_STOCK,,,,,,2057.0,2057,,AUTHOR_POST_CAMBIUM_EXTENSION_NOT_CAMBIUM; 2051-2075 shaded per SHADE_2051_2075_AUTHOR_EXTENSION,AUTHOR_POST_AEO_EXTENSION_NOT_AEO; 2051-2075 shaded per SHADE_2051_2075_AUTHOR_EXTENSION,5,NOT_CARBON_NEUTRALITY_AND_NOT_CUMULATIVE_PAYBACK,NO_STATE_VEHICLE_RULE,EPA_MOVES5_TABLE_C1_PASSENGER_CAR_AGE_SPECIFIC_SURVIVAL_MONOTONE_AGE27_INTERPOLATION_AGE40_PLUS_RATE_REUSED
MO,Missouri,PRIMARY_50_STATE,expert_central_v32_ALTTRNP,ENACTED_STATE_LAW_AS_WRITTEN_OVER_PUBLISHED_NO_ADDITIONAL_POLICY_PROJECTION__ACCII_FEDERAL_WAIVER_DISAPPROVED_PUBL_119_16__NOT_ENFORCEABLE_2026_09_05,PUBLISHED_MARKET_PROJECTION_REBASED,NO_VEHICLE_RULE_38,,REAL_CAPACITY_FHWA_MV1_2024_REGISTERED_AUTOMOBILES_AND_STI_V2_INTERSECTIONS,1645714.0,4949.0,1.0438663,CAMBIUM_BA_STATE_PATH_WITH_REGISTERED_STATUTORY_FLOOR,NREL_CAMBIUM_2024_MIDCASE_BA_ROLLUP_TO_STATE_ADDITIVE_REBASED_WITH_CLIPPING_ON_REGISTERED_EGRID_S0G_WITH_THE_FIRST_HAND_REGISTERED_ENFORCEABLE_STANDARD_AS_A_FLOOR,FROZEN,TREND,2075,107120.58213037242,,RIGHT_CENSORED_THROUGH_2075,1.0,REGISTERED_STATUTORY_SCHEDULE_FLOOR_OVER_PUBLISHED_NO_ADDITIONAL_POLICY_MARKET_PROJECTION_ON_AN_AGE_SPECIFIC_SURVIVAL_WEIGHTED_VEHICLE_STOCK,,,,,,2058.0,2064,,AUTHOR_POST_CAMBIUM_EXTENSION_NOT_CAMBIUM; 2051-2075 shaded per SHADE_2051_2075_AUTHOR_EXTENSION,AUTHOR_POST_AEO_EXTENSION_NOT_AEO; 2051-2075 shaded per SHADE_2051_2075_AUTHOR_EXTENSION,5,NOT_CARBON_NEUTRALITY_AND_NOT_CUMULATIVE_PAYBACK,NO_STATE_VEHICLE_RULE,EPA_MOVES5_TABLE_C1_PASSENGER_CAR_AGE_SPECIFIC_SURVIVAL_MONOTONE_AGE27_INTERPOLATION_AGE40_PLUS_RATE_REUSED
MS,Mississippi,PRIMARY_50_STATE,expert_central_v32_ALTTRNP,ENACTED_STATE_LAW_AS_WRITTEN_OVER_PUBLISHED_NO_ADDITIONAL_POLICY_PROJECTION__ACCII_FEDERAL_WAIVER_DISAPPROVED_PUBL_119_16__NOT_ENFORCEABLE_2026_09_05,PUBLISHED_MARKET_PROJECTION_REBASED,NO_VEHICLE_RULE_38,,REAL_CAPACITY_FHWA_MV1_2024_REGISTERED_AUTOMOBILES_AND_STI_V2_INTERSECTIONS,756941.0,1661.0,1.0309282,CAMBIUM_BA_STATE_PATH,NREL_CAMBIUM_2024_MIDCASE_BA_ROLLUP_TO_STATE_ADDITIVE_REBASED_WITH_CLIPPING_ON_REGISTERED_EGRID_S0G,FROZEN,TREND,2075,50358.97842929545,,RIGHT_CENSORED_THROUGH_2075,1.0,REGISTERED_STATUTORY_SCHEDULE_FLOOR_OVER_PUBLISHED_NO_ADDITIONAL_POLICY_MARKET_PROJECTION_ON_AN_AGE_SPECIFIC_SURVIVAL_WEIGHTED_VEHICLE_STOCK,,,,,,2056.0,2063,,AUTHOR_POST_CAMBIUM_EXTENSION_NOT_CAMBIUM; 2051-2075 shaded per SHADE_2051_2075_AUTHOR_EXTENSION,AUTHOR_POST_AEO_EXTENSION_NOT_AEO; 2051-2075 shaded per SHADE_2051_2075_AUTHOR_EXTENSION,5,NOT_CARBON_NEUTRALITY_AND_NOT_CUMULATIVE_PAYBACK,NO_STATE_VEHICLE_RULE,EPA_MOVES5_TABLE_C1_PASSENGER_CAR_AGE_SPECIFIC_SURVIVAL_MONOTONE_AGE27_INTERPOLATION_AGE40_PLUS_RATE_REUSED
MT,Montana,PRIMARY_50_STATE,expert_central_v32_ALTTRNP,ENACTED_STATE_LAW_AS_WRITTEN_OVER_PUBLISHED_NO_ADDITIONAL_POLICY_PROJECTION__ACCII_FEDERAL_WAIVER_DISAPPROVED_PUBL_119_16__NOT_ENFORCEABLE_2026_09_05,PUBLISHED_MARKET_PROJECTION_REBASED,NO_VEHICLE_RULE_38,,REAL_CAPACITY_FHWA_MV1_2024_REGISTERED_AUTOMOBILES_AND_STI_V2_INTERSECTIONS,525226.0,634.0,1.0438171,CAMBIUM_BA_STATE_PATH,NREL_CAMBIUM_2024_MIDCASE_BA_ROLLUP_TO_STATE_ADDITIVE_REBASED_WITH_CLIPPING_ON_REGISTERED_EGRID_S0G,FROZEN,TREND,2075,39299.06097068028,,RIGHT_CENSORED_THROUGH_2075,1.0,REGISTERED_STATUTORY_SCHEDULE_FLOOR_OVER_PUBLISHED_NO_ADDITIONAL_POLICY_MARKET_PROJECTION_ON_AN_AGE_SPECIFIC_SURVIVAL_WEIGHTED_VEHICLE_STOCK,,,,,,,2063,,AUTHOR_POST_CAMBIUM_EXTENSION_NOT_CAMBIUM; 2051-2075 shaded per SHADE_2051_2075_AUTHOR_EXTENSION,AUTHOR_POST_AEO_EXTENSION_NOT_AEO; 2051-2075 shaded per SHADE_2051_2075_AUTHOR_EXTENSION,5,NOT_CARBON_NEUTRALITY_AND_NOT_CUMULATIVE_PAYBACK,NO_STATE_VEHICLE_RULE,EPA_MOVES5_TABLE_C1_PASSENGER_CAR_AGE_SPECIFIC_SURVIVAL_MONOTONE_AGE27_INTERPOLATION_AGE40_PLUS_RATE_REUSED
NC,North Carolina,PRIMARY_50_STATE,expert_central_v32_ALTTRNP,ENACTED_STATE_LAW_AS_WRITTEN_OVER_PUBLISHED_NO_ADDITIONAL_POLICY_PROJECTION__ACCII_FEDERAL_WAIVER_DISAPPROVED_PUBL_119_16__NOT_ENFORCEABLE_2026_09_05,PUBLISHED_MARKET_PROJECTION_REBASED,NO_VEHICLE_RULE_38,,REAL_CAPACITY_FHWA_MV1_2024_REGISTERED_AUTOMOBILES_AND_STI_V2_INTERSECTIONS,3005649.0,9648.0,1.0423589,CAMBIUM_BA_STATE_PATH_WITH_REGISTERED_STATUTORY_FLOOR,NREL_CAMBIUM_2024_MIDCASE_BA_ROLLUP_TO_STATE_ADDITIVE_REBASED_WITH_CLIPPING_ON_REGISTERED_EGRID_S0G_WITH_THE_FIRST_HAND_REGISTERED_ENFORCEABLE_STANDARD_AS_A_FLOOR,FROZEN,TREND,2075,198407.85425610596,,RIGHT_CENSORED_THROUGH_2075,1.0,REGISTERED_STATUTORY_SCHEDULE_FLOOR_OVER_PUBLISHED_NO_ADDITIONAL_POLICY_MARKET_PROJECTION_ON_AN_AGE_SPECIFIC_SURVIVAL_WEIGHTED_VEHICLE_STOCK,,,,,,2057.0,2057,,AUTHOR_POST_CAMBIUM_EXTENSION_NOT_CAMBIUM; 2051-2075 shaded per SHADE_2051_2075_AUTHOR_EXTENSION,AUTHOR_POST_AEO_EXTENSION_NOT_AEO; 2051-2075 shaded per SHADE_2051_2075_AUTHOR_EXTENSION,5,NOT_CARBON_NEUTRALITY_AND_NOT_CUMULATIVE_PAYBACK,NO_STATE_VEHICLE_RULE,EPA_MOVES5_TABLE_C1_PASSENGER_CAR_AGE_SPECIFIC_SURVIVAL_MONOTONE_AGE27_INTERPOLATION_AGE40_PLUS_RATE_REUSED
ND,North Dakota,PRIMARY_50_STATE,expert_central_v32_ALTTRNP,ENACTED_STATE_LAW_AS_WRITTEN_OVER_PUBLISHED_NO_ADDITIONAL_POLICY_PROJECTION__ACCII_FEDERAL_WAIVER_DISAPPROVED_PUBL_119_16__NOT_ENFORCEABLE_2026_09_05,PUBLISHED_MARKET_PROJECTION_REBASED,NO_VEHICLE_RULE_38,,REAL_CAPACITY_FHWA_MV1_2024_REGISTERED_AUTOMOBILES_AND_STI_V2_INTERSECTIONS,215289.0,470.0,1.0471919,CAMBIUM_BA_STATE_PATH,NREL_CAMBIUM_2024_MIDCASE_BA_ROLLUP_TO_STATE_ADDITIVE_REBASED_WITH_CLIPPING_ON_REGISTERED_EGRID_S0G,FROZEN,TREND,2075,15385.144921765126,,RIGHT_CENSORED_THROUGH_2075,1.0,REGISTERED_STATUTORY_SCHEDULE_FLOOR_OVER_PUBLISHED_NO_ADDITIONAL_POLICY_MARKET_PROJECTION_ON_AN_AGE_SPECIFIC_SURVIVAL_WEIGHTED_VEHICLE_STOCK,,,,,,,2063,,AUTHOR_POST_CAMBIUM_EXTENSION_NOT_CAMBIUM; 2051-2075 shaded per SHADE_2051_2075_AUTHOR_EXTENSION,AUTHOR_POST_AEO_EXTENSION_NOT_AEO; 2051-2075 shaded per SHADE_2051_2075_AUTHOR_EXTENSION,5,NOT_CARBON_NEUTRALITY_AND_NOT_CUMULATIVE_PAYBACK,NO_STATE_VEHICLE_RULE,EPA_MOVES5_TABLE_C1_PASSENGER_CAR_AGE_SPECIFIC_SURVIVAL_MONOTONE_AGE27_INTERPOLATION_AGE40_PLUS_RATE_REUSED
NE,Nebraska,PRIMARY_50_STATE,expert_central_v32_ALTTRNP,ENACTED_STATE_LAW_AS_WRITTEN_OVER_PUBLISHED_NO_ADDITIONAL_POLICY_PROJECTION__ACCII_FEDERAL_WAIVER_DISAPPROVED_PUBL_119_16__NOT_ENFORCEABLE_2026_09_05,PUBLISHED_MARKET_PROJECTION_REBASED,NO_VEHICLE_RULE_38,,REAL_CAPACITY_FHWA_MV1_2024_REGISTERED_AUTOMOBILES_AND_STI_V2_INTERSECTIONS,561111.0,1995.0,1.0446169,CAMBIUM_BA_STATE_PATH,NREL_CAMBIUM_2024_MIDCASE_BA_ROLLUP_TO_STATE_ADDITIVE_REBASED_WITH_CLIPPING_ON_REGISTERED_EGRID_S0G,FROZEN,TREND,2075,39415.52652942934,,RIGHT_CENSORED_THROUGH_2075,1.0,REGISTERED_STATUTORY_SCHEDULE_FLOOR_OVER_PUBLISHED_NO_ADDITIONAL_POLICY_MARKET_PROJECTION_ON_AN_AGE_SPECIFIC_SURVIVAL_WEIGHTED_VEHICLE_STOCK,,,,,,2057.0,2057,,AUTHOR_POST_CAMBIUM_EXTENSION_NOT_CAMBIUM; 2051-2075 shaded per SHADE_2051_2075_AUTHOR_EXTENSION,AUTHOR_POST_AEO_EXTENSION_NOT_AEO; 2051-2075 shaded per SHADE_2051_2075_AUTHOR_EXTENSION,5,NOT_CARBON_NEUTRALITY_AND_NOT_CUMULATIVE_PAYBACK,NO_STATE_VEHICLE_RULE,EPA_MOVES5_TABLE_C1_PASSENGER_CAR_AGE_SPECIFIC_SURVIVAL_MONOTONE_AGE27_INTERPOLATION_AGE40_PLUS_RATE_REUSED
NH,New Hampshire,PRIMARY_50_STATE,expert_central_v32_ALTTRNP,ENACTED_STATE_LAW_AS_WRITTEN_OVER_PUBLISHED_NO_ADDITIONAL_POLICY_PROJECTION__ACCII_FEDERAL_WAIVER_DISAPPROVED_PUBL_119_16__NOT_ENFORCEABLE_2026_09_05,PUBLISHED_MARKET_PROJECTION_REBASED,NO_VEHICLE_RULE_38,,REAL_CAPACITY_FHWA_MV1_2024_REGISTERED_AUTOMOBILES_AND_STI_V2_INTERSECTIONS,391064.0,991.0,1.0588975999999999,CAMBIUM_BA_STATE_PATH_WITH_REGISTERED_STATUTORY_FLOOR,NREL_CAMBIUM_2024_MIDCASE_BA_ROLLUP_TO_STATE_ADDITIVE_REBASED_WITH_CLIPPING_ON_REGISTERED_EGRID_S0G_WITH_THE_FIRST_HAND_REGISTERED_ENFORCEABLE_STANDARD_AS_A_FLOOR,FROZEN,TREND,2075,27090.285930469585,,RIGHT_CENSORED_THROUGH_2075,1.0,REGISTERED_STATUTORY_SCHEDULE_FLOOR_OVER_PUBLISHED_NO_ADDITIONAL_POLICY_MARKET_PROJECTION_ON_AN_AGE_SPECIFIC_SURVIVAL_WEIGHTED_VEHICLE_STOCK,,,,,,,2061,,AUTHOR_POST_CAMBIUM_EXTENSION_NOT_CAMBIUM; 2051-2075 shaded per SHADE_2051_2075_AUTHOR_EXTENSION,AUTHOR_POST_AEO_EXTENSION_NOT_AEO; 2051-2075 shaded per SHADE_2051_2075_AUTHOR_EXTENSION,5,NOT_CARBON_NEUTRALITY_AND_NOT_CUMULATIVE_PAYBACK,NO_STATE_VEHICLE_RULE,EPA_MOVES5_TABLE_C1_PASSENGER_CAR_AGE_SPECIFIC_SURVIVAL_MONOTONE_AGE27_INTERPOLATION_AGE40_PLUS_RATE_REUSED
NJ,New Jersey,PRIMARY_50_STATE,expert_central_v32_ALTTRNP,ENACTED_STATE_LAW_AS_WRITTEN_OVER_PUBLISHED_NO_ADDITIONAL_POLICY_PROJECTION__ACCII_FEDERAL_WAIVER_DISAPPROVED_PUBL_119_16__NOT_ENFORCEABLE_2026_09_05,POLICY_SCHEDULE_FLOOR_OVER_MARKET_PROJECTION,FULL_SCHEDULE_10,2027.0,REAL_CAPACITY_FHWA_MV1_2024_REGISTERED_AUTOMOBILES_AND_STI_V2_INTERSECTIONS,2275055.0,8896.0,1.0472353500000002,CAMBIUM_BA_STATE_PATH_WITH_REGISTERED_STATUTORY_FLOOR,NREL_CAMBIUM_2024_MIDCASE_BA_ROLLUP_TO_STATE_ADDITIVE_REBASED_WITH_CLIPPING_ON_REGISTERED_EGRID_S0G_WITH_THE_FIRST_HAND_REGISTERED_ENFORCEABLE_STANDARD_AS_A_FLOOR,FROZEN,TREND,2075,31761.083461509224,,RIGHT_CENSORED_THROUGH_2075,1.0,REGISTERED_STATUTORY_SCHEDULE_FLOOR_OVER_PUBLISHED_NO_ADDITIONAL_POLICY_MARKET_PROJECTION_ON_AN_AGE_SPECIFIC_SURVIVAL_WEIGHTED_VEHICLE_STOCK,,,,,,,2062,,AUTHOR_POST_CAMBIUM_EXTENSION_NOT_CAMBIUM; 2051-2075 shaded per SHADE_2051_2075_AUTHOR_EXTENSION,AUTHOR_POST_AEO_EXTENSION_NOT_AEO; 2051-2075 shaded per SHADE_2051_2075_AUTHOR_EXTENSION,5,NOT_CARBON_NEUTRALITY_AND_NOT_CUMULATIVE_PAYBACK,ENACTED_STATE_RULE__FEDERAL_WAIVER_DISAPPROVED_PUBL_119_16__NOT_ENFORCEABLE_2026_09_05,EPA_MOVES5_TABLE_C1_PASSENGER_CAR_AGE_SPECIFIC_SURVIVAL_MONOTONE_AGE27_INTERPOLATION_AGE40_PLUS_RATE_REUSED
NM,New Mexico,PRIMARY_50_STATE,expert_central_v32_ALTTRNP,ENACTED_STATE_LAW_AS_WRITTEN_OVER_PUBLISHED_NO_ADDITIONAL_POLICY_PROJECTION__ACCII_FEDERAL_WAIVER_DISAPPROVED_PUBL_119_16__NOT_ENFORCEABLE_2026_09_05,POLICY_SCHEDULE_FLOOR_OVER_MARKET_PROJECTION,CAPPED_82_MY2032_3,2027.0,REAL_CAPACITY_FHWA_MV1_2024_REGISTERED_AUTOMOBILES_AND_STI_V2_INTERSECTIONS,590034.0,1534.0,1.0308577,CAMBIUM_BA_STATE_PATH_WITH_REGISTERED_STATUTORY_FLOOR,NREL_CAMBIUM_2024_MIDCASE_BA_ROLLUP_TO_STATE_ADDITIVE_REBASED_WITH_CLIPPING_ON_REGISTERED_EGRID_S0G_WITH_THE_FIRST_HAND_REGISTERED_ENFORCEABLE_STANDARD_AS_A_FLOOR,FROZEN,TREND,2044,3515.8192559300733,2060.0,IDENTIFIED,0.5240253711061622,REGISTERED_STATUTORY_SCHEDULE_FLOOR_OVER_PUBLISHED_NO_ADDITIONAL_POLICY_MARKET_PROJECTION_ON_AN_AGE_SPECIFIC_SURVIVAL_WEIGHTED_VEHICLE_STOCK,2060.0,2060.0,2060.0,2060.0,2060.0,2057.0,2057,3.0,AUTHOR_POST_CAMBIUM_EXTENSION_NOT_CAMBIUM; 2051-2075 shaded per SHADE_2051_2075_AUTHOR_EXTENSION,AUTHOR_POST_AEO_EXTENSION_NOT_AEO; 2051-2075 shaded per SHADE_2051_2075_AUTHOR_EXTENSION,5,NOT_CARBON_NEUTRALITY_AND_NOT_CUMULATIVE_PAYBACK,ENACTED_STATE_RULE__FEDERAL_WAIVER_DISAPPROVED_PUBL_119_16__NOT_ENFORCEABLE_2026_09_05,EPA_MOVES5_TABLE_C1_PASSENGER_CAR_AGE_SPECIFIC_SURVIVAL_MONOTONE_AGE27_INTERPOLATION_AGE40_PLUS_RATE_REUSED
NV,Nevada,PRIMARY_50_STATE,expert_central_v32_ALTTRNP,ENACTED_STATE_LAW_AS_WRITTEN_OVER_PUBLISHED_NO_ADDITIONAL_POLICY_PROJECTION__ACCII_FEDERAL_WAIVER_DISAPPROVED_PUBL_119_16__NOT_ENFORCEABLE_2026_09_05,PUBLISHED_MARKET_PROJECTION_REBASED,NO_VEHICLE_RULE_38,,REAL_CAPACITY_FHWA_MV1_2024_REGISTERED_AUTOMOBILES_AND_STI_V2_INTERSECTIONS,843099.0,2385.0,1.0272692,CAMBIUM_BA_STATE_PATH_WITH_REGISTERED_STATUTORY_FLOOR,NREL_CAMBIUM_2024_MIDCASE_BA_ROLLUP_TO_STATE_ADDITIVE_REBASED_WITH_CLIPPING_ON_REGISTERED_EGRID_S0G_WITH_THE_FIRST_HAND_REGISTERED_ENFORCEABLE_STANDARD_AS_A_FLOOR,FROZEN,TREND,2075,57263.82132093484,,RIGHT_CENSORED_THROUGH_2075,1.0,REGISTERED_STATUTORY_SCHEDULE_FLOOR_OVER_PUBLISHED_NO_ADDITIONAL_POLICY_MARKET_PROJECTION_ON_AN_AGE_SPECIFIC_SURVIVAL_WEIGHTED_VEHICLE_STOCK,,,,,,2057.0,2057,,AUTHOR_POST_CAMBIUM_EXTENSION_NOT_CAMBIUM; 2051-2075 shaded per SHADE_2051_2075_AUTHOR_EXTENSION,AUTHOR_POST_AEO_EXTENSION_NOT_AEO; 2051-2075 shaded per SHADE_2051_2075_AUTHOR_EXTENSION,5,NOT_CARBON_NEUTRALITY_AND_NOT_CUMULATIVE_PAYBACK,NO_STATE_VEHICLE_RULE,EPA_MOVES5_TABLE_C1_PASSENGER_CAR_AGE_SPECIFIC_SURVIVAL_MONOTONE_AGE27_INTERPOLATION_AGE40_PLUS_RATE_REUSED
NY,New York,PRIMARY_50_STATE,expert_central_v32_ALTTRNP,ENACTED_STATE_LAW_AS_WRITTEN_OVER_PUBLISHED_NO_ADDITIONAL_POLICY_PROJECTION__ACCII_FEDERAL_WAIVER_DISAPPROVED_PUBL_119_16__NOT_ENFORCEABLE_2026_09_05,POLICY_SCHEDULE_FLOOR_OVER_MARKET_PROJECTION,FULL_SCHEDULE_10,2026.0,REAL_CAPACITY_FHWA_MV1_2024_REGISTERED_AUTOMOBILES_AND_STI_V2_INTERSECTIONS,6474059.0,23645.0,1.06123935,CAMBIUM_BA_STATE_PATH_WITH_REGISTERED_STATUTORY_FLOOR,NREL_CAMBIUM_2024_MIDCASE_BA_ROLLUP_TO_STATE_ADDITIVE_REBASED_WITH_CLIPPING_ON_REGISTERED_EGRID_S0G_WITH_THE_FIRST_HAND_REGISTERED_ENFORCEABLE_STANDARD_AS_A_FLOOR,FROZEN,TREND,2036,20231.36469257503,2036.0,IDENTIFIED,0.00016086019091205884,REGISTERED_STATUTORY_SCHEDULE_FLOOR_OVER_PUBLISHED_NO_ADDITIONAL_POLICY_MARKET_PROJECTION_ON_AN_AGE_SPECIFIC_SURVIVAL_WEIGHTED_VEHICLE_STOCK,2036.0,2036.0,2036.0,2036.0,2036.0,2057.0,2057,-21.0,AUTHOR_POST_CAMBIUM_EXTENSION_NOT_CAMBIUM; 2051-2075 shaded per SHADE_2051_2075_AUTHOR_EXTENSION,AUTHOR_POST_AEO_EXTENSION_NOT_AEO; 2051-2075 shaded per SHADE_2051_2075_AUTHOR_EXTENSION,5,NOT_CARBON_NEUTRALITY_AND_NOT_CUMULATIVE_PAYBACK,ENACTED_STATE_RULE__FEDERAL_WAIVER_DISAPPROVED_PUBL_119_16__NOT_ENFORCEABLE_2026_09_05,EPA_MOVES5_TABLE_C1_PASSENGER_CAR_AGE_SPECIFIC_SURVIVAL_MONOTONE_AGE27_INTERPOLATION_AGE40_PLUS_RATE_REUSED
OH,Ohio,PRIMARY_50_STATE,expert_central_v32_ALTTRNP,ENACTED_STATE_LAW_AS_WRITTEN_OVER_PUBLISHED_NO_ADDITIONAL_POLICY_PROJECTION__ACCII_FEDERAL_WAIVER_DISAPPROVED_PUBL_119_16__NOT_ENFORCEABLE_2026_09_05,PUBLISHED_MARKET_PROJECTION_REBASED,NO_VEHICLE_RULE_38,,REAL_CAPACITY_FHWA_MV1_2024_REGISTERED_AUTOMOBILES_AND_STI_V2_INTERSECTIONS,3805614.0,12767.0,1.05438155,CAMBIUM_BA_STATE_PATH_WITH_REGISTERED_STATUTORY_FLOOR,NREL_CAMBIUM_2024_MIDCASE_BA_ROLLUP_TO_STATE_ADDITIVE_REBASED_WITH_CLIPPING_ON_REGISTERED_EGRID_S0G_WITH_THE_FIRST_HAND_REGISTERED_ENFORCEABLE_STANDARD_AS_A_FLOOR,FROZEN,TREND,2075,287453.5653132697,,RIGHT_CENSORED_THROUGH_2075,1.0,REGISTERED_STATUTORY_SCHEDULE_FLOOR_OVER_PUBLISHED_NO_ADDITIONAL_POLICY_MARKET_PROJECTION_ON_AN_AGE_SPECIFIC_SURVIVAL_WEIGHTED_VEHICLE_STOCK,,,,,,,2063,,AUTHOR_POST_CAMBIUM_EXTENSION_NOT_CAMBIUM; 2051-2075 shaded per SHADE_2051_2075_AUTHOR_EXTENSION,AUTHOR_POST_AEO_EXTENSION_NOT_AEO; 2051-2075 shaded per SHADE_2051_2075_AUTHOR_EXTENSION,5,NOT_CARBON_NEUTRALITY_AND_NOT_CUMULATIVE_PAYBACK,NO_STATE_VEHICLE_RULE,EPA_MOVES5_TABLE_C1_PASSENGER_CAR_AGE_SPECIFIC_SURVIVAL_MONOTONE_AGE27_INTERPOLATION_AGE40_PLUS_RATE_REUSED
OK,Oklahoma,PRIMARY_50_STATE,expert_central_v32_ALTTRNP,ENACTED_STATE_LAW_AS_WRITTEN_OVER_PUBLISHED_NO_ADDITIONAL_POLICY_PROJECTION__ACCII_FEDERAL_WAIVER_DISAPPROVED_PUBL_119_16__NOT_ENFORCEABLE_2026_09_05,PUBLISHED_MARKET_PROJECTION_REBASED,NO_VEHICLE_RULE_38,,REAL_CAPACITY_FHWA_MV1_2024_REGISTERED_AUTOMOBILES_AND_STI_V2_INTERSECTIONS,1061114.0,3045.0,1.03846085,CAMBIUM_BA_STATE_PATH,NREL_CAMBIUM_2024_MIDCASE_BA_ROLLUP_TO_STATE_ADDITIVE_REBASED_WITH_CLIPPING_ON_REGISTERED_EGRID_S0G,FROZEN,TREND,2075,71963.50988398511,,RIGHT_CENSORED_THROUGH_2075,1.0,REGISTERED_STATUTORY_SCHEDULE_FLOOR_OVER_PUBLISHED_NO_ADDITIONAL_POLICY_MARKET_PROJECTION_ON_AN_AGE_SPECIFIC_SURVIVAL_WEIGHTED_VEHICLE_STOCK,,,,,,2068.0,2062,,AUTHOR_POST_CAMBIUM_EXTENSION_NOT_CAMBIUM; 2051-2075 shaded per SHADE_2051_2075_AUTHOR_EXTENSION,AUTHOR_POST_AEO_EXTENSION_NOT_AEO; 2051-2075 shaded per SHADE_2051_2075_AUTHOR_EXTENSION,5,NOT_CARBON_NEUTRALITY_AND_NOT_CUMULATIVE_PAYBACK,NO_STATE_VEHICLE_RULE,EPA_MOVES5_TABLE_C1_PASSENGER_CAR_AGE_SPECIFIC_SURVIVAL_MONOTONE_AGE27_INTERPOLATION_AGE40_PLUS_RATE_REUSED
OR,Oregon,PRIMARY_50_STATE,expert_central_v32_ALTTRNP,ENACTED_STATE_LAW_AS_WRITTEN_OVER_PUBLISHED_NO_ADDITIONAL_POLICY_PROJECTION__ACCII_FEDERAL_WAIVER_DISAPPROVED_PUBL_119_16__NOT_ENFORCEABLE_2026_09_05,POLICY_SCHEDULE_FLOOR_OVER_MARKET_PROJECTION,FULL_SCHEDULE_10,2026.0,REAL_CAPACITY_FHWA_MV1_2024_REGISTERED_AUTOMOBILES_AND_STI_V2_INTERSECTIONS,1308985.0,3734.0,1.05006675,CAMBIUM_BA_STATE_PATH_WITH_REGISTERED_STATUTORY_FLOOR,NREL_CAMBIUM_2024_MIDCASE_BA_ROLLUP_TO_STATE_ADDITIVE_REBASED_WITH_CLIPPING_ON_REGISTERED_EGRID_S0G_WITH_THE_FIRST_HAND_REGISTERED_ENFORCEABLE_STANDARD_AS_A_FLOOR,FROZEN,TREND,2039,4825.310229907527,2039.0,IDENTIFIED,0.00013491815491152912,REGISTERED_STATUTORY_SCHEDULE_FLOOR_OVER_PUBLISHED_NO_ADDITIONAL_POLICY_MARKET_PROJECTION_ON_AN_AGE_SPECIFIC_SURVIVAL_WEIGHTED_VEHICLE_STOCK,2039.0,2039.0,2039.0,2039.0,2039.0,2057.0,2057,-18.0,AUTHOR_POST_CAMBIUM_EXTENSION_NOT_CAMBIUM; 2051-2075 shaded per SHADE_2051_2075_AUTHOR_EXTENSION,AUTHOR_POST_AEO_EXTENSION_NOT_AEO; 2051-2075 shaded per SHADE_2051_2075_AUTHOR_EXTENSION,5,NOT_CARBON_NEUTRALITY_AND_NOT_CUMULATIVE_PAYBACK,ENACTED_STATE_RULE__FEDERAL_WAIVER_DISAPPROVED_PUBL_119_16__NOT_ENFORCEABLE_2026_09_05,EPA_MOVES5_TABLE_C1_PASSENGER_CAR_AGE_SPECIFIC_SURVIVAL_MONOTONE_AGE27_INTERPOLATION_AGE40_PLUS_RATE_REUSED
PA,Pennsylvania,PRIMARY_50_STATE,expert_central_v32_ALTTRNP,ENACTED_STATE_LAW_AS_WRITTEN_OVER_PUBLISHED_NO_ADDITIONAL_POLICY_PROJECTION__ACCII_FEDERAL_WAIVER_DISAPPROVED_PUBL_119_16__NOT_ENFORCEABLE_2026_09_05,PUBLISHED_MARKET_PROJECTION_REBASED,NO_VEHICLE_RULE_38,,REAL_CAPACITY_FHWA_MV1_2024_REGISTERED_AUTOMOBILES_AND_STI_V2_INTERSECTIONS,3371581.0,13579.0,1.05363925,CAMBIUM_BA_STATE_PATH_WITH_REGISTERED_STATUTORY_FLOOR,NREL_CAMBIUM_2024_MIDCASE_BA_ROLLUP_TO_STATE_ADDITIVE_REBASED_WITH_CLIPPING_ON_REGISTERED_EGRID_S0G_WITH_THE_FIRST_HAND_REGISTERED_ENFORCEABLE_STANDARD_AS_A_FLOOR,FROZEN,TREND,2075,245157.58043870566,,RIGHT_CENSORED_THROUGH_2075,1.0,REGISTERED_STATUTORY_SCHEDULE_FLOOR_OVER_PUBLISHED_NO_ADDITIONAL_POLICY_MARKET_PROJECTION_ON_AN_AGE_SPECIFIC_SURVIVAL_WEIGHTED_VEHICLE_STOCK,,,,,,,2062,,AUTHOR_POST_CAMBIUM_EXTENSION_NOT_CAMBIUM; 2051-2075 shaded per SHADE_2051_2075_AUTHOR_EXTENSION,AUTHOR_POST_AEO_EXTENSION_NOT_AEO; 2051-2075 shaded per SHADE_2051_2075_AUTHOR_EXTENSION,5,NOT_CARBON_NEUTRALITY_AND_NOT_CUMULATIVE_PAYBACK,NO_STATE_VEHICLE_RULE,EPA_MOVES5_TABLE_C1_PASSENGER_CAR_AGE_SPECIFIC_SURVIVAL_MONOTONE_AGE27_INTERPOLATION_AGE40_PLUS_RATE_REUSED
RI,Rhode Island,PRIMARY_50_STATE,expert_central_v32_ALTTRNP,ENACTED_STATE_LAW_AS_WRITTEN_OVER_PUBLISHED_NO_ADDITIONAL_POLICY_PROJECTION__ACCII_FEDERAL_WAIVER_DISAPPROVED_PUBL_119_16__NOT_ENFORCEABLE_2026_09_05,POLICY_SCHEDULE_FLOOR_OVER_MARKET_PROJECTION,FULL_SCHEDULE_10,2027.0,REAL_CAPACITY_FHWA_MV1_2024_REGISTERED_AUTOMOBILES_AND_STI_V2_INTERSECTIONS,308699.0,1023.0,1.05048545,CAMBIUM_BA_STATE_PATH_WITH_REGISTERED_STATUTORY_FLOOR,NREL_CAMBIUM_2024_MIDCASE_BA_ROLLUP_TO_STATE_ADDITIVE_REBASED_WITH_CLIPPING_ON_REGISTERED_EGRID_S0G_WITH_THE_FIRST_HAND_REGISTERED_ENFORCEABLE_STANDARD_AS_A_FLOOR,FROZEN,TREND,2032,817.7917148205253,2035.0,IDENTIFIED,0.00019250638036061115,REGISTERED_STATUTORY_SCHEDULE_FLOOR_OVER_PUBLISHED_NO_ADDITIONAL_POLICY_MARKET_PROJECTION_ON_AN_AGE_SPECIFIC_SURVIVAL_WEIGHTED_VEHICLE_STOCK,2035.0,2035.0,2035.0,2035.0,2035.0,2057.0,2057,-22.0,AUTHOR_POST_CAMBIUM_EXTENSION_NOT_CAMBIUM; 2051-2075 shaded per SHADE_2051_2075_AUTHOR_EXTENSION,AUTHOR_POST_AEO_EXTENSION_NOT_AEO; 2051-2075 shaded per SHADE_2051_2075_AUTHOR_EXTENSION,5,NOT_CARBON_NEUTRALITY_AND_NOT_CUMULATIVE_PAYBACK,ENACTED_STATE_RULE__FEDERAL_WAIVER_DISAPPROVED_PUBL_119_16__NOT_ENFORCEABLE_2026_09_05,EPA_MOVES5_TABLE_C1_PASSENGER_CAR_AGE_SPECIFIC_SURVIVAL_MONOTONE_AGE27_INTERPOLATION_AGE40_PLUS_RATE_REUSED
SC,South Carolina,PRIMARY_50_STATE,expert_central_v32_ALTTRNP,ENACTED_STATE_LAW_AS_WRITTEN_OVER_PUBLISHED_NO_ADDITIONAL_POLICY_PROJECTION__ACCII_FEDERAL_WAIVER_DISAPPROVED_PUBL_119_16__NOT_ENFORCEABLE_2026_09_05,PUBLISHED_MARKET_PROJECTION_REBASED,NO_VEHICLE_RULE_38,,REAL_CAPACITY_FHWA_MV1_2024_REGISTERED_AUTOMOBILES_AND_STI_V2_INTERSECTIONS,1720378.0,4163.0,1.03530495,CAMBIUM_BA_STATE_PATH,NREL_CAMBIUM_2024_MIDCASE_BA_ROLLUP_TO_STATE_ADDITIVE_REBASED_WITH_CLIPPING_ON_REGISTERED_EGRID_S0G,FROZEN,TREND,2075,111470.83836022267,,RIGHT_CENSORED_THROUGH_2075,1.0,REGISTERED_STATUTORY_SCHEDULE_FLOOR_OVER_PUBLISHED_NO_ADDITIONAL_POLICY_MARKET_PROJECTION_ON_AN_AGE_SPECIFIC_SURVIVAL_WEIGHTED_VEHICLE_STOCK,,,,,,2053.0,2062,,AUTHOR_POST_CAMBIUM_EXTENSION_NOT_CAMBIUM; 2051-2075 shaded per SHADE_2051_2075_AUTHOR_EXTENSION,AUTHOR_POST_AEO_EXTENSION_NOT_AEO; 2051-2075 shaded per SHADE_2051_2075_AUTHOR_EXTENSION,5,NOT_CARBON_NEUTRALITY_AND_NOT_CUMULATIVE_PAYBACK,NO_STATE_VEHICLE_RULE,EPA_MOVES5_TABLE_C1_PASSENGER_CAR_AGE_SPECIFIC_SURVIVAL_MONOTONE_AGE27_INTERPOLATION_AGE40_PLUS_RATE_REUSED
SD,South Dakota,PRIMARY_50_STATE,expert_central_v32_ALTTRNP,ENACTED_STATE_LAW_AS_WRITTEN_OVER_PUBLISHED_NO_ADDITIONAL_POLICY_PROJECTION__ACCII_FEDERAL_WAIVER_DISAPPROVED_PUBL_119_16__NOT_ENFORCEABLE_2026_09_05,PUBLISHED_MARKET_PROJECTION_REBASED,NO_VEHICLE_RULE_38,,REAL_CAPACITY_FHWA_MV1_2024_REGISTERED_AUTOMOBILES_AND_STI_V2_INTERSECTIONS,282489.0,672.0,1.0474063,CAMBIUM_BA_STATE_PATH,NREL_CAMBIUM_2024_MIDCASE_BA_ROLLUP_TO_STATE_ADDITIVE_REBASED_WITH_CLIPPING_ON_REGISTERED_EGRID_S0G,FROZEN,TREND,2075,19275.774278314846,,RIGHT_CENSORED_THROUGH_2075,1.0,REGISTERED_STATUTORY_SCHEDULE_FLOOR_OVER_PUBLISHED_NO_ADDITIONAL_POLICY_MARKET_PROJECTION_ON_AN_AGE_SPECIFIC_SURVIVAL_WEIGHTED_VEHICLE_STOCK,,,,,,,2061,,AUTHOR_POST_CAMBIUM_EXTENSION_NOT_CAMBIUM; 2051-2075 shaded per SHADE_2051_2075_AUTHOR_EXTENSION,AUTHOR_POST_AEO_EXTENSION_NOT_AEO; 2051-2075 shaded per SHADE_2051_2075_AUTHOR_EXTENSION,5,NOT_CARBON_NEUTRALITY_AND_NOT_CUMULATIVE_PAYBACK,NO_STATE_VEHICLE_RULE,EPA_MOVES5_TABLE_C1_PASSENGER_CAR_AGE_SPECIFIC_SURVIVAL_MONOTONE_AGE27_INTERPOLATION_AGE40_PLUS_RATE_REUSED
TN,Tennessee,PRIMARY_50_STATE,expert_central_v32_ALTTRNP,ENACTED_STATE_LAW_AS_WRITTEN_OVER_PUBLISHED_NO_ADDITIONAL_POLICY_PROJECTION__ACCII_FEDERAL_WAIVER_DISAPPROVED_PUBL_119_16__NOT_ENFORCEABLE_2026_09_05,PUBLISHED_MARKET_PROJECTION_REBASED,NO_VEHICLE_RULE_38,,REAL_CAPACITY_FHWA_MV1_2024_REGISTERED_AUTOMOBILES_AND_STI_V2_INTERSECTIONS,2253028.0,5145.0,1.04382515,CAMBIUM_BA_STATE_PATH,NREL_CAMBIUM_2024_MIDCASE_BA_ROLLUP_TO_STATE_ADDITIVE_REBASED_WITH_CLIPPING_ON_REGISTERED_EGRID_S0G,FROZEN,TREND,2075,145813.15006811792,,RIGHT_CENSORED_THROUGH_2075,1.0,REGISTERED_STATUTORY_SCHEDULE_FLOOR_OVER_PUBLISHED_NO_ADDITIONAL_POLICY_MARKET_PROJECTION_ON_AN_AGE_SPECIFIC_SURVIVAL_WEIGHTED_VEHICLE_STOCK,,,,,,2057.0,2062,,AUTHOR_POST_CAMBIUM_EXTENSION_NOT_CAMBIUM; 2051-2075 shaded per SHADE_2051_2075_AUTHOR_EXTENSION,AUTHOR_POST_AEO_EXTENSION_NOT_AEO; 2051-2075 shaded per SHADE_2051_2075_AUTHOR_EXTENSION,5,NOT_CARBON_NEUTRALITY_AND_NOT_CUMULATIVE_PAYBACK,NO_STATE_VEHICLE_RULE,EPA_MOVES5_TABLE_C1_PASSENGER_CAR_AGE_SPECIFIC_SURVIVAL_MONOTONE_AGE27_INTERPOLATION_AGE40_PLUS_RATE_REUSED
TX,Texas,PRIMARY_50_STATE,expert_central_v32_ALTTRNP,ENACTED_STATE_LAW_AS_WRITTEN_OVER_PUBLISHED_NO_ADDITIONAL_POLICY_PROJECTION__ACCII_FEDERAL_WAIVER_DISAPPROVED_PUBL_119_16__NOT_ENFORCEABLE_2026_09_05,PUBLISHED_MARKET_PROJECTION_REBASED,NO_VEHICLE_RULE_38,,REAL_CAPACITY_FHWA_MV1_2024_REGISTERED_AUTOMOBILES_AND_STI_V2_INTERSECTIONS,7281613.0,24007.0,1.0429685499999999,CAMBIUM_BA_STATE_PATH,NREL_CAMBIUM_2024_MIDCASE_BA_ROLLUP_TO_STATE_ADDITIVE_REBASED_WITH_CLIPPING_ON_REGISTERED_EGRID_S0G,FROZEN,TREND,2075,501907.91876675223,,RIGHT_CENSORED_THROUGH_2075,1.0,REGISTERED_STATUTORY_SCHEDULE_FLOOR_OVER_PUBLISHED_NO_ADDITIONAL_POLICY_MARKET_PROJECTION_ON_AN_AGE_SPECIFIC_SURVIVAL_WEIGHTED_VEHICLE_STOCK,,,,,,2068.0,2063,,AUTHOR_POST_CAMBIUM_EXTENSION_NOT_CAMBIUM; 2051-2075 shaded per SHADE_2051_2075_AUTHOR_EXTENSION,AUTHOR_POST_AEO_EXTENSION_NOT_AEO; 2051-2075 shaded per SHADE_2051_2075_AUTHOR_EXTENSION,5,NOT_CARBON_NEUTRALITY_AND_NOT_CUMULATIVE_PAYBACK,NO_STATE_VEHICLE_RULE,EPA_MOVES5_TABLE_C1_PASSENGER_CAR_AGE_SPECIFIC_SURVIVAL_MONOTONE_AGE27_INTERPOLATION_AGE40_PLUS_RATE_REUSED
UT,Utah,PRIMARY_50_STATE,expert_central_v32_ALTTRNP,ENACTED_STATE_LAW_AS_WRITTEN_OVER_PUBLISHED_NO_ADDITIONAL_POLICY_PROJECTION__ACCII_FEDERAL_WAIVER_DISAPPROVED_PUBL_119_16__NOT_ENFORCEABLE_2026_09_05,PUBLISHED_MARKET_PROJECTION_REBASED,NO_VEHICLE_RULE_38,,REAL_CAPACITY_FHWA_MV1_2024_REGISTERED_AUTOMOBILES_AND_STI_V2_INTERSECTIONS,970972.0,2278.0,1.03477785,CAMBIUM_BA_STATE_PATH,NREL_CAMBIUM_2024_MIDCASE_BA_ROLLUP_TO_STATE_ADDITIVE_REBASED_WITH_CLIPPING_ON_REGISTERED_EGRID_S0G,FROZEN,TREND,2075,69640.53668500061,,RIGHT_CENSORED_THROUGH_2075,1.0,REGISTERED_STATUTORY_SCHEDULE_FLOOR_OVER_PUBLISHED_NO_ADDITIONAL_POLICY_MARKET_PROJECTION_ON_AN_AGE_SPECIFIC_SURVIVAL_WEIGHTED_VEHICLE_STOCK,,,,,,2060.0,2064,,AUTHOR_POST_CAMBIUM_EXTENSION_NOT_CAMBIUM; 2051-2075 shaded per SHADE_2051_2075_AUTHOR_EXTENSION,AUTHOR_POST_AEO_EXTENSION_NOT_AEO; 2051-2075 shaded per SHADE_2051_2075_AUTHOR_EXTENSION,5,NOT_CARBON_NEUTRALITY_AND_NOT_CUMULATIVE_PAYBACK,NO_STATE_VEHICLE_RULE,EPA_MOVES5_TABLE_C1_PASSENGER_CAR_AGE_SPECIFIC_SURVIVAL_MONOTONE_AGE27_INTERPOLATION_AGE40_PLUS_RATE_REUSED
VA,Virginia,PRIMARY_50_STATE,expert_central_v32_ALTTRNP,ENACTED_STATE_LAW_AS_WRITTEN_OVER_PUBLISHED_NO_ADDITIONAL_POLICY_PROJECTION__ACCII_FEDERAL_WAIVER_DISAPPROVED_PUBL_119_16__NOT_ENFORCEABLE_2026_09_05,PUBLISHED_MARKET_PROJECTION_REBASED,NO_VEHICLE_RULE_38,,REAL_CAPACITY_FHWA_MV1_2024_REGISTERED_AUTOMOBILES_AND_STI_V2_INTERSECTIONS,2833864.0,7726.0,1.0497253,CAMBIUM_BA_STATE_PATH_WITH_REGISTERED_STATUTORY_FLOOR,NREL_CAMBIUM_2024_MIDCASE_BA_ROLLUP_TO_STATE_ADDITIVE_REBASED_WITH_CLIPPING_ON_REGISTERED_EGRID_S0G_WITH_THE_FIRST_HAND_REGISTERED_ENFORCEABLE_STANDARD_AS_A_FLOOR,FROZEN,TREND,2075,181695.45821706153,,RIGHT_CENSORED_THROUGH_2075,1.0,REGISTERED_STATUTORY_SCHEDULE_FLOOR_OVER_PUBLISHED_NO_ADDITIONAL_POLICY_MARKET_PROJECTION_ON_AN_AGE_SPECIFIC_SURVIVAL_WEIGHTED_VEHICLE_STOCK,,,,,,2057.0,2057,,AUTHOR_POST_CAMBIUM_EXTENSION_NOT_CAMBIUM; 2051-2075 shaded per SHADE_2051_2075_AUTHOR_EXTENSION,AUTHOR_POST_AEO_EXTENSION_NOT_AEO; 2051-2075 shaded per SHADE_2051_2075_AUTHOR_EXTENSION,5,NOT_CARBON_NEUTRALITY_AND_NOT_CUMULATIVE_PAYBACK,NO_STATE_VEHICLE_RULE,EPA_MOVES5_TABLE_C1_PASSENGER_CAR_AGE_SPECIFIC_SURVIVAL_MONOTONE_AGE27_INTERPOLATION_AGE40_PLUS_RATE_REUSED
VT,Vermont,PRIMARY_50_STATE,expert_central_v32_ALTTRNP,ENACTED_STATE_LAW_AS_WRITTEN_OVER_PUBLISHED_NO_ADDITIONAL_POLICY_PROJECTION__ACCII_FEDERAL_WAIVER_DISAPPROVED_PUBL_119_16__NOT_ENFORCEABLE_2026_09_05,POLICY_SCHEDULE_FLOOR_OVER_MARKET_PROJECTION,FULL_SCHEDULE_10,2026.0,REAL_CAPACITY_FHWA_MV1_2024_REGISTERED_AUTOMOBILES_AND_STI_V2_INTERSECTIONS,164231.0,309.0,1.0620614000000002,CAMBIUM_BA_STATE_PATH_WITH_REGISTERED_STATUTORY_FLOOR,NREL_CAMBIUM_2024_MIDCASE_BA_ROLLUP_TO_STATE_ADDITIVE_REBASED_WITH_CLIPPING_ON_REGISTERED_EGRID_S0G_WITH_THE_FIRST_HAND_REGISTERED_ENFORCEABLE_STANDARD_AS_A_FLOOR,FROZEN,TREND,2034,396.52255561435743,2034.0,IDENTIFIED,0.00020835340938317145,REGISTERED_STATUTORY_SCHEDULE_FLOOR_OVER_PUBLISHED_NO_ADDITIONAL_POLICY_MARKET_PROJECTION_ON_AN_AGE_SPECIFIC_SURVIVAL_WEIGHTED_VEHICLE_STOCK,2034.0,2034.0,2034.0,2034.0,2034.0,2057.0,2057,-23.0,AUTHOR_POST_CAMBIUM_EXTENSION_NOT_CAMBIUM; 2051-2075 shaded per SHADE_2051_2075_AUTHOR_EXTENSION,AUTHOR_POST_AEO_EXTENSION_NOT_AEO; 2051-2075 shaded per SHADE_2051_2075_AUTHOR_EXTENSION,5,NOT_CARBON_NEUTRALITY_AND_NOT_CUMULATIVE_PAYBACK,ENACTED_STATE_RULE__FEDERAL_WAIVER_DISAPPROVED_PUBL_119_16__NOT_ENFORCEABLE_2026_09_05,EPA_MOVES5_TABLE_C1_PASSENGER_CAR_AGE_SPECIFIC_SURVIVAL_MONOTONE_AGE27_INTERPOLATION_AGE40_PLUS_RATE_REUSED
WA,Washington,PRIMARY_50_STATE,expert_central_v32_ALTTRNP,ENACTED_STATE_LAW_AS_WRITTEN_OVER_PUBLISHED_NO_ADDITIONAL_POLICY_PROJECTION__ACCII_FEDERAL_WAIVER_DISAPPROVED_PUBL_119_16__NOT_ENFORCEABLE_2026_09_05,POLICY_SCHEDULE_FLOOR_OVER_MARKET_PROJECTION,FULL_SCHEDULE_10,2026.0,REAL_CAPACITY_FHWA_MV1_2024_REGISTERED_AUTOMOBILES_AND_STI_V2_INTERSECTIONS,2535919.0,6253.0,1.04828915,CAMBIUM_BA_STATE_PATH_WITH_REGISTERED_STATUTORY_FLOOR,NREL_CAMBIUM_2024_MIDCASE_BA_ROLLUP_TO_STATE_ADDITIVE_REBASED_WITH_CLIPPING_ON_REGISTERED_EGRID_S0G_WITH_THE_FIRST_HAND_REGISTERED_ENFORCEABLE_STANDARD_AS_A_FLOOR,FROZEN,TREND,2041,8617.019072976247,2041.0,IDENTIFIED,0.00014609434138698667,REGISTERED_STATUTORY_SCHEDULE_FLOOR_OVER_PUBLISHED_NO_ADDITIONAL_POLICY_MARKET_PROJECTION_ON_AN_AGE_SPECIFIC_SURVIVAL_WEIGHTED_VEHICLE_STOCK,2041.0,2041.0,2041.0,2041.0,2041.0,2057.0,2057,-16.0,AUTHOR_POST_CAMBIUM_EXTENSION_NOT_CAMBIUM; 2051-2075 shaded per SHADE_2051_2075_AUTHOR_EXTENSION,AUTHOR_POST_AEO_EXTENSION_NOT_AEO; 2051-2075 shaded per SHADE_2051_2075_AUTHOR_EXTENSION,5,NOT_CARBON_NEUTRALITY_AND_NOT_CUMULATIVE_PAYBACK,ENACTED_STATE_RULE__FEDERAL_WAIVER_DISAPPROVED_PUBL_119_16__NOT_ENFORCEABLE_2026_09_05,EPA_MOVES5_TABLE_C1_PASSENGER_CAR_AGE_SPECIFIC_SURVIVAL_MONOTONE_AGE27_INTERPOLATION_AGE40_PLUS_RATE_REUSED
WI,Wisconsin,PRIMARY_50_STATE,expert_central_v32_ALTTRNP,ENACTED_STATE_LAW_AS_WRITTEN_OVER_PUBLISHED_NO_ADDITIONAL_POLICY_PROJECTION__ACCII_FEDERAL_WAIVER_DISAPPROVED_PUBL_119_16__NOT_ENFORCEABLE_2026_09_05,PUBLISHED_MARKET_PROJECTION_REBASED,NO_VEHICLE_RULE_38,,REAL_CAPACITY_FHWA_MV1_2024_REGISTERED_AUTOMOBILES_AND_STI_V2_INTERSECTIONS,1626951.0,4305.0,1.0523929,CAMBIUM_BA_STATE_PATH,NREL_CAMBIUM_2024_MIDCASE_BA_ROLLUP_TO_STATE_ADDITIVE_REBASED_WITH_CLIPPING_ON_REGISTERED_EGRID_S0G,FROZEN,TREND,2075,120433.63098524472,,RIGHT_CENSORED_THROUGH_2075,1.0,REGISTERED_STATUTORY_SCHEDULE_FLOOR_OVER_PUBLISHED_NO_ADDITIONAL_POLICY_MARKET_PROJECTION_ON_AN_AGE_SPECIFIC_SURVIVAL_WEIGHTED_VEHICLE_STOCK,,,,,,,2063,,AUTHOR_POST_CAMBIUM_EXTENSION_NOT_CAMBIUM; 2051-2075 shaded per SHADE_2051_2075_AUTHOR_EXTENSION,AUTHOR_POST_AEO_EXTENSION_NOT_AEO; 2051-2075 shaded per SHADE_2051_2075_AUTHOR_EXTENSION,5,NOT_CARBON_NEUTRALITY_AND_NOT_CUMULATIVE_PAYBACK,NO_STATE_VEHICLE_RULE,EPA_MOVES5_TABLE_C1_PASSENGER_CAR_AGE_SPECIFIC_SURVIVAL_MONOTONE_AGE27_INTERPOLATION_AGE40_PLUS_RATE_REUSED
WV,West Virginia,PRIMARY_50_STATE,expert_central_v32_ALTTRNP,ENACTED_STATE_LAW_AS_WRITTEN_OVER_PUBLISHED_NO_ADDITIONAL_POLICY_PROJECTION__ACCII_FEDERAL_WAIVER_DISAPPROVED_PUBL_119_16__NOT_ENFORCEABLE_2026_09_05,PUBLISHED_MARKET_PROJECTION_REBASED,NO_VEHICLE_RULE_38,,REAL_CAPACITY_FHWA_MV1_2024_REGISTERED_AUTOMOBILES_AND_STI_V2_INTERSECTIONS,398614.0,1068.0,1.0497592,CAMBIUM_BA_STATE_PATH,NREL_CAMBIUM_2024_MIDCASE_BA_ROLLUP_TO_STATE_ADDITIVE_REBASED_WITH_CLIPPING_ON_REGISTERED_EGRID_S0G,FROZEN,TREND,2075,27603.402737759163,,RIGHT_CENSORED_THROUGH_2075,1.0,REGISTERED_STATUTORY_SCHEDULE_FLOOR_OVER_PUBLISHED_NO_ADDITIONAL_POLICY_MARKET_PROJECTION_ON_AN_AGE_SPECIFIC_SURVIVAL_WEIGHTED_VEHICLE_STOCK,,,,,,2060.0,2064,,AUTHOR_POST_CAMBIUM_EXTENSION_NOT_CAMBIUM; 2051-2075 shaded per SHADE_2051_2075_AUTHOR_EXTENSION,AUTHOR_POST_AEO_EXTENSION_NOT_AEO; 2051-2075 shaded per SHADE_2051_2075_AUTHOR_EXTENSION,5,NOT_CARBON_NEUTRALITY_AND_NOT_CUMULATIVE_PAYBACK,NO_STATE_VEHICLE_RULE,EPA_MOVES5_TABLE_C1_PASSENGER_CAR_AGE_SPECIFIC_SURVIVAL_MONOTONE_AGE27_INTERPOLATION_AGE40_PLUS_RATE_REUSED
WY,Wyoming,PRIMARY_50_STATE,expert_central_v32_ALTTRNP,ENACTED_STATE_LAW_AS_WRITTEN_OVER_PUBLISHED_NO_ADDITIONAL_POLICY_PROJECTION__ACCII_FEDERAL_WAIVER_DISAPPROVED_PUBL_119_16__NOT_ENFORCEABLE_2026_09_05,PUBLISHED_MARKET_PROJECTION_REBASED,NO_VEHICLE_RULE_38,,REAL_CAPACITY_FHWA_MV1_2024_REGISTERED_AUTOMOBILES_AND_STI_V2_INTERSECTIONS,166107.0,431.0,1.04531405,CAMBIUM_BA_STATE_PATH,NREL_CAMBIUM_2024_MIDCASE_BA_ROLLUP_TO_STATE_ADDITIVE_REBASED_WITH_CLIPPING_ON_REGISTERED_EGRID_S0G,FROZEN,TREND,2075,12697.630381939649,,RIGHT_CENSORED_THROUGH_2075,1.0,REGISTERED_STATUTORY_SCHEDULE_FLOOR_OVER_PUBLISHED_NO_ADDITIONAL_POLICY_MARKET_PROJECTION_ON_AN_AGE_SPECIFIC_SURVIVAL_WEIGHTED_VEHICLE_STOCK,,,,,,,2064,,AUTHOR_POST_CAMBIUM_EXTENSION_NOT_CAMBIUM; 2051-2075 shaded per SHADE_2051_2075_AUTHOR_EXTENSION,AUTHOR_POST_AEO_EXTENSION_NOT_AEO; 2051-2075 shaded per SHADE_2051_2075_AUTHOR_EXTENSION,5,NOT_CARBON_NEUTRALITY_AND_NOT_CUMULATIVE_PAYBACK,NO_STATE_VEHICLE_RULE,EPA_MOVES5_TABLE_C1_PASSENGER_CAR_AGE_SPECIFIC_SURVIVAL_MONOTONE_AGE27_INTERPOLATION_AGE40_PLUS_RATE_REUSED
