state,state_name,vehicle_group,registered_automobiles,cumulative_co2_per_registered_automobile_kg_v31,cumulative_co2_per_registered_automobile_kg_v30,ratio_v31_over_v30
AK,Alaska,NO_VEHICLE_RULE_38,122678.0,1688.9339712431936,479.2210176947888,3.524332007322056
AL,Alabama,NO_VEHICLE_RULE_38,1937330.0,1605.4344938439344,383.69759726817125,4.184114013937584
AR,Arkansas,NO_VEHICLE_RULE_38,911769.0,1574.838967172744,299.7521653422224,5.253803472527963
AZ,Arizona,NO_VEHICLE_RULE_38,2287531.0,1559.8613459367286,413.76168888930215,3.769951128447888
CA,California,FULL_SCHEDULE_10,12979522.0,46.587942198643034,182.81696201640835,0.2548338058175457
CO,Colorado,CAPPED_82_MY2032_3,1356526.0,241.86841146097035,249.31941908652746,0.9701146117985651
CT,Connecticut,NO_VEHICLE_RULE_38,1028799.0,1566.1276044454207,222.6445988818998,7.034204343201524
DC,District of Columbia,FULL_SCHEDULE_10,150476.0,45.10468138232733,209.4434671620892,0.21535492127534644
DE,Delaware,CAPPED_82_MY2032_3,148493.0,545.1088466578516,552.2508143940604,0.9870675288291877
FL,Florida,NO_VEHICLE_RULE_38,7210114.0,1618.3594692155366,528.9771628264109,3.059412736399392
GA,Georgia,NO_VEHICLE_RULE_38,3206610.0,1624.1099679584217,487.3875699897636,3.33227613497105
HI,Hawaii,NO_VEHICLE_RULE_38,422292.0,1537.5107491921933,215.8236423440388,7.123921793244912
IA,Iowa,NO_VEHICLE_RULE_38,1006994.0,1607.8694392291802,348.04273287512854,4.619747195830849
ID,Idaho,NO_VEHICLE_RULE_38,510516.0,1600.3642316989649,402.6300714788492,3.9747757186165233
IL,Illinois,NO_VEHICLE_RULE_38,3514238.0,1568.4699612149334,231.4731165608339,6.776035094350669
IN,Indiana,NO_VEHICLE_RULE_38,1791108.0,1668.9525241796932,542.9491983059725,3.0738649755573912
KS,Kansas,NO_VEHICLE_RULE_38,594786.0,1591.7950222031552,339.4159455643745,4.689806248072252
KY,Kentucky,NO_VEHICLE_RULE_38,1458659.0,1600.6596717400391,330.2723971612132,4.846483343743444
LA,Louisiana,NO_VEHICLE_RULE_38,1370563.0,1636.0779950411563,569.9766993680389,2.870429610289607
MA,Massachusetts,FULL_SCHEDULE_10,1706714.0,225.75586588535649,210.57939914370164,1.0720700448541896
MD,Maryland,FULL_SCHEDULE_10,1908452.0,306.36680454948305,588.7907270067003,0.5203322513365545
ME,Maine,NO_VEHICLE_RULE_38,312473.0,1591.3728575078721,239.63591040838114,6.640794590409663
MI,Michigan,NO_VEHICLE_RULE_38,2494236.0,1588.6224763357973,235.53977813402346,6.744603773176105
MN,Minnesota,NO_VEHICLE_RULE_38,1609042.0,1577.9966357113196,242.00028608127388,6.520639546605172
MO,Missouri,NO_VEHICLE_RULE_38,1645714.0,1576.1686646215235,260.7769047944779,6.044126744520283
MS,Mississippi,NO_VEHICLE_RULE_38,756941.0,1581.6103544888554,345.686911751796,4.575268257840364
MT,Montana,NO_VEHICLE_RULE_38,525226.0,1732.2178592630016,861.7593440707527,2.0100946641093596
NC,North Carolina,NO_VEHICLE_RULE_38,3005649.0,1560.9110429601126,237.19372783746542,6.580743332427875
ND,North Dakota,NO_VEHICLE_RULE_38,215289.0,1683.9278152948739,665.0525275319787,2.5320222773138816
NE,Nebraska,NO_VEHICLE_RULE_38,561111.0,1661.5185855376085,268.0612145359483,6.198280450284205
NH,New Hampshire,NO_VEHICLE_RULE_38,391064.0,1646.0556042401024,456.6627481963097,3.604532252174197
NJ,New Jersey,FULL_SCHEDULE_10,2275055.0,336.08668252929004,527.6880776415318,0.6369040665679013
NM,New Mexico,CAPPED_82_MY2032_3,590034.0,213.3969075170977,229.15862199229255,0.9312191950790969
NV,Nevada,NO_VEHICLE_RULE_38,843099.0,1506.7919933680607,215.90231109144102,6.979045225365326
NY,New York,FULL_SCHEDULE_10,6474059.0,47.957204416557886,193.05010274889514,0.2484184350781567
OH,Ohio,NO_VEHICLE_RULE_38,3805614.0,1745.4593020597217,826.8895694725658,2.110873527130193
OK,Oklahoma,NO_VEHICLE_RULE_38,1061114.0,1612.8990091217722,419.3579922488495,3.8461148682833937
OR,Oregon,FULL_SCHEDULE_10,1308985.0,49.777347336115945,189.0495722066388,0.26330314718568787
PA,Pennsylvania,NO_VEHICLE_RULE_38,3371581.0,1703.6758448832609,677.2694823060277,2.5155065884298122
RI,Rhode Island,FULL_SCHEDULE_10,308699.0,45.40654533555714,215.92612053669262,0.21028741322586372
SC,South Carolina,NO_VEHICLE_RULE_38,1720378.0,1563.461623762975,256.4180510122843,6.097314980715121
SD,South Dakota,NO_VEHICLE_RULE_38,282489.0,1632.1918459510268,462.94638353385204,3.5256606466862617
TN,Tennessee,NO_VEHICLE_RULE_38,2253028.0,1570.1382317591676,244.1487584142894,6.431071949564628
TX,Texas,NO_VEHICLE_RULE_38,7281613.0,1624.010684531059,465.8757446680263,3.48593096575203
UT,Utah,NO_VEHICLE_RULE_38,970972.0,1625.6836655177929,512.7514276060696,3.170510266753959
VA,Virginia,NO_VEHICLE_RULE_38,2833864.0,1564.57414853053,230.17624734112604,6.7972875855074575
VT,Vermont,FULL_SCHEDULE_10,164231.0,42.17548672486105,189.9493310747707,0.22203545801516567
WA,Washington,FULL_SCHEDULE_10,2535919.0,55.289725891765926,184.8936050126815,0.2990353608388657
WI,Wisconsin,NO_VEHICLE_RULE_38,1626951.0,1725.9935641069844,815.4884926759814,2.1165149227835576
WV,West Virginia,NO_VEHICLE_RULE_38,398614.0,1630.9414675292962,418.833650410081,3.894007718654978
WY,Wyoming,NO_VEHICLE_RULE_38,166107.0,1762.8140791211267,951.1251369453998,1.853398686089318
