family,levels_emitted,n_names_emitted,n_distinct_levels_delivered,bitwise_identical_pairs,reported_as,max_abs_spread_between_levels
GRID_POST_2050,TREND|FROZEN|STATUTE|ASYMPTOTIC,4,3,FROZEN==STATUTE,3 levels,0.34033953054688537
GRID_STATUTORY_FLOOR,FLOOR_ON|FLOOR_OFF|STATUTE_AS_ASSIGNMENT_v30,3,3,,3 levels,0.5687732828501825
VEHICLE_POST_2050,ASYMPTOTIC|TREND|FROZEN,3,3,,3 levels,0.19903841171860087
VEHICLE_POST_REGULATORY,AUTHOR_POST_REGULATORY_EXTENSION|FROZEN_82,2,2,,2 levels,0.18000000000000005
VEHICLE_MARKET_CASE,ALTTRNP|ELECTRNP|CB2026,3,3,,3 levels,0.42044497751309323
VEHICLE_COMPLIANCE_LEVEL,STATUTE_MET_EXACTLY_1_0|PHEV_AT_THE_20PCT_CAP_0_8,2,2,,2 levels,0.19999999999999996
VEHICLE_ENFORCEMENT,REGULATION_CONTINUED|REGULATION_NOT_ENFORCED,2,2,,2 levels,0.8841498331704806
VEHICLE_REBASING,ADDITIVE|MULTIPLICATIVE,2,2,,2 levels,0.00618461860765529
VEHICLE_BASE_YEAR,2025|2024,2,2,,2 levels,0.005092326589378374
MODEL_YEAR_MAPPING,MY_EQUALS_CALENDAR_YEAR|MY_PLUS_ONE,2,2,,2 levels,0.40484238468643524
VEHICLE_RETIREMENT_RULE,MOVES5_AGE_SPECIFIC_SURVIVAL|FIXED_TWELVE_YEAR_WHOLE_COHORT_STEP,2,2,,2 levels,0.912
VEHICLE_SURVIVAL_SHAPE,MOVES5_PASSENGER_CAR|MOVES5_LIGHT_DUTY_TRUCK|NHTSA_2006_PASSENGER_CAR,3,3,,3 levels,0.1378461690104954
VEHICLE_SURVIVAL_AGE27,MONOTONE_INTERPOLATION_0_753|LITERAL_PRINTED_0_567,2,2,,2 levels,0.18600000000000005
FUEL_TO_DC_COEFFICIENT,REGISTERED_CENTRAL_0_21|REGISTERED_HIGH_0_2744|REGISTERED_LOW_0_17,3,3,,3 levels,0.10439999999999997
