state,state_name,elec_class_v2,elec_class_v1_former,grid_class_v2,grid_class_v1_former,k_ev,k_grid,k_ev_capped,k_grid_capped,r2_ev,r2_grid,s0_afdc_bev_share_2025,s0g_initial_low_carbon_share,fossil_factor_kg_per_kwh,policy_floor_binding,policy_floor_binding_years,lc_floor_clamped_at_zero,lc_clamp_first_year,grid_path_direction
AK,Alaska,MARKET_KEV_PATH,AEO_PATH,MARKET_KGRID_PATH,AEO_GRID_PATH,0.318546,-0.004794,False,False,0.981856,0.517013,0.0071665792693585,0.2870566697361134,0.5152302740624807,no,,no,,nonincreasing
AL,Alabama,MARKET_KEV_PATH,AEO_PATH,MARKET_KGRID_PATH,AEO_GRID_PATH,0.421104,0.002384,False,False,0.988323,0.018201,0.0049294921006909,0.4212243215219031,0.5572085074645455,no,,no,,nondecreasing
AR,Arkansas,MARKET_KEV_PATH,AEO_PATH,MARKET_KGRID_PATH,AEO_GRID_PATH,0.449474,0.010181,True,False,0.968339,0.140263,0.0044271676924738,0.3135072692499098,0.6563864945320848,no,,no,,nondecreasing
AZ,Arizona,MARKET_KEV_PATH,AEO_PATH,MARKET_KGRID_PATH,AEO_GRID_PATH,0.325489,0.014352,False,False,0.985132,0.752156,0.0212526790665607,0.4194502291355396,0.5365197834920509,no,,no,,nondecreasing
CA,California,MARKET_KEV_WITH_ACC_FLOOR,ACC_PATH,GRID_100_STATUTE_V1,GRID_100_STATUTE,0.299555,0.012669,True,False,0.980989,0.145881,0.0481793229643183,0.5563310069790628,0.4023012660399658,yes,"2025-2026,2075",no,,nondecreasing
CO,Colorado,MARKET_KEV_WITH_ACC_FLOOR,ACC_DELAYED_PLUS2,TARGET_TO_2050_THEN_MARKET_KGRID,TARGET_CES_RPS_AEO_TAIL,0.366107,0.045556,False,False,0.992927,0.981561,0.0291589052872904,0.3736650743847065,0.7857732768235602,yes,"2025,2075",no,,nondecreasing
CT,Connecticut,MARKET_KEV_PATH,AEO_PATH,GRID_100_STATUTE_V1,GRID_100_STATUTE,0.345568,-0.021796,False,False,0.984107,0.744957,0.0164931729079356,0.372785841432791,0.3892663252184187,no,,no,,nondecreasing
DC,District of Columbia,MARKET_KEV_WITH_ACC_FLOOR,ACC_DELAYED_PLUS2,GRID_100_STATUTE_V1,GRID_100_STATUTE,0.353334,-0.042012,False,False,0.987432,0.098375,0.0423228346456692,0.4806329190498193,0.3441887366014582,yes,"2025,2075",no,,nondecreasing
DE,Delaware,MARKET_KEV_WITH_ACC_FLOOR,ACC_DELAYED_PLUS2,TARGET_TO_2050_THEN_MARKET_KGRID,TARGET_CES_RPS_AEO_TAIL,0.426119,0.004716,False,False,0.990427,0.830654,0.0170612070804009,0.0472991347654175,0.334799142804643,yes,"2025,2075",no,,nondecreasing
FL,Florida,MARKET_KEV_PATH,AEO_PATH,MARKET_KGRID_PATH,AEO_GRID_PATH,0.398887,0.007499,False,False,0.986626,0.969267,0.0234772863509604,0.1868896107992248,0.4388286936652879,no,,no,,nondecreasing
GA,Georgia,MARKET_KEV_PATH,AEO_PATH,MARKET_KGRID_PATH,AEO_GRID_PATH,0.365183,0.027864,False,False,0.985575,0.814405,0.0163485527676923,0.4030374501918622,0.5423929778736283,no,,no,,nondecreasing
HI,Hawaii,MARKET_KEV_PATH,AEO_PATH,GRID_100_STATUTE_V1,GRID_100_STATUTE,0.299555,0.01416,True,False,0.98529,0.887427,0.0321075740944017,0.1988713141107796,0.7842496019888481,no,,no,,nondecreasing
IA,Iowa,MARKET_KEV_PATH,AEO_PATH,MARKET_KGRID_PATH,AEO_GRID_PATH,0.382214,0.054454,False,True,0.984301,0.657185,0.004705369106603,0.6174692834000945,0.747255063368317,no,,no,,nondecreasing
ID,Idaho,MARKET_KEV_PATH,AEO_PATH,MARKET_KGRID_PATH,AEO_GRID_PATH,0.355525,-0.044451,False,True,0.984957,0.839867,0.0068330506421129,0.6813022253743708,0.4458985035241345,no,,yes,2050.0,nonincreasing
IL,Illinois,MARKET_KEV_PATH,AEO_PATH,GRID_100_STATUTE_V1,GRID_100_STATUTE,0.379296,0.043581,False,False,0.982667,0.780286,0.0160020960902095,0.6857405324913772,0.6808443691039453,no,,no,,nondecreasing
IN,Indiana,MARKET_KEV_PATH,AEO_PATH,MARKET_KGRID_PATH,AEO_GRID_PATH,0.37616,0.016803,False,False,0.991009,0.992692,0.0074131080083554,0.1319836845901274,0.7614721680988146,no,,no,,nondecreasing
KS,Kansas,MARKET_KEV_PATH,AEO_PATH,MARKET_KGRID_PATH,AEO_GRID_PATH,0.361932,0.04524,False,False,0.987337,0.794044,0.006990392882509,0.645571795618261,0.9318892121335284,no,,no,,nondecreasing
KY,Kentucky,MARKET_KEV_PATH,AEO_PATH,MARKET_KGRID_PATH,AEO_GRID_PATH,0.414302,0.001113,False,False,0.986558,0.085285,0.0050883704923674,0.0725303652185638,0.8485311160260123,no,,no,,nondecreasing
LA,Louisiana,MARKET_KEV_PATH,AEO_PATH,MARKET_KGRID_PATH,AEO_GRID_PATH,0.449474,-0.005112,True,False,0.992949,0.217972,0.0059123610202746,0.1609457431773636,0.4116146745924745,no,,yes,2059.0,nonincreasing
MA,Massachusetts,MARKET_KEV_WITH_ACC_FLOOR,ACC_PATH,GRID_100_STATUTE_V1,GRID_100_STATUTE,0.351359,-0.016593,False,False,0.983274,0.54739,0.0203614651674145,0.1961577754527541,0.4640585151823847,yes,"2025,2075",no,,nondecreasing
MD,Maryland,MARKET_KEV_WITH_ACC_FLOOR,ACC_DELAYED_PLUS2,TARGET_TO_2050_THEN_MARKET_KGRID,TARGET_CES_RPS_AEO_TAIL,0.383025,0.022537,False,False,0.985727,0.755401,0.0238505235239395,0.5160543123769228,0.4874059578682607,yes,"2025,2075",no,,nondecreasing
ME,Maine,MARKET_KEV_PATH,AEO_PATH,GRID_100_STATUTE_V1,GRID_100_STATUTE,0.379005,-0.044451,False,True,0.9811,0.768131,0.0093641800440667,0.6591799801003357,0.4150019920323916,no,,no,,nondecreasing
MI,Michigan,MARKET_KEV_PATH,AEO_PATH,GRID_100_STATUTE_V1,GRID_100_STATUTE,0.449474,-0.008684,True,False,0.993996,0.205545,0.0129852157667735,0.3328696703445409,0.539289397756923,no,,no,,nondecreasing
MN,Minnesota,MARKET_KEV_PATH,AEO_PATH,GRID_100_STATUTE_V1,GRID_100_STATUTE,0.359726,0.021753,False,False,0.985705,0.422079,0.0113963371638747,0.5297498091854166,0.7210644777076707,no,,no,,nondecreasing
MO,Missouri,MARKET_KEV_PATH,AEO_PATH,MARKET_KGRID_PATH,AEO_GRID_PATH,0.383024,0.023333,False,False,0.979719,0.763647,0.0075680169024816,0.2543177814902496,0.8784566778913004,no,,no,,nondecreasing
MS,Mississippi,MARKET_KEV_PATH,AEO_PATH,MARKET_KGRID_PATH,AEO_GRID_PATH,0.447958,0.006307,False,False,0.990805,0.147519,0.0026178962295022,0.1881418598270352,0.4616807204570192,no,,no,,nondecreasing
MT,Montana,MARKET_KEV_PATH,AEO_PATH,MARKET_KGRID_PATH,AEO_GRID_PATH,0.397359,0.02263,False,False,0.95378,0.200221,0.0064721883500609,0.5145997495705532,0.9869572424446514,no,,no,,nondecreasing
NC,North Carolina,MARKET_KEV_PATH,AEO_PATH,GRID_100_STATUTE_V1,GRID_100_STATUTE,0.399579,0.005563,False,False,0.985362,0.094002,0.0130012464004813,0.4777257327829638,0.5419041407277438,no,,no,,nondecreasing
ND,North Dakota,MARKET_KEV_PATH,AEO_PATH,MARKET_KGRID_PATH,AEO_GRID_PATH,0.399435,0.01801,False,False,0.975816,0.727221,0.0023267205486162,0.3953946196899682,0.9665677799344315,no,,no,,nondecreasing
NE,Nebraska,MARKET_KEV_PATH,AEO_PATH,GRID_100_STATUTE_V1,GRID_100_STATUTE,0.374252,0.047629,False,False,0.988802,0.915514,0.0058659773314774,0.5091399075506008,0.94085237930111,no,,no,,nondecreasing
NH,New Hampshire,MARKET_KEV_PATH,AEO_PATH,MARKET_KGRID_PATH,AEO_GRID_PATH,0.367129,-0.042629,False,False,0.982192,0.699293,0.0113893604980192,0.7322592525135233,0.4622549749556937,no,,yes,2055.0,nonincreasing
NJ,New Jersey,MARKET_KEV_WITH_ACC_FLOOR,ACC_DELAYED_PLUS2,TARGET_TO_2050_THEN_MARKET_KGRID,TARGET_CES_RPS_AEO_TAIL,0.403594,0.01834,False,False,0.974405,0.466759,0.0278577398087101,0.4735782192347352,0.4035202390104379,yes,"2025,2075",no,,nondecreasing
NM,New Mexico,MARKET_KEV_WITH_ACC_FLOOR,ACC_DELAYED_PLUS2,GRID_100_STATUTE_V1,GRID_100_STATUTE,0.367758,0.054454,False,True,0.982331,0.966756,0.008357247142929,0.4497040968404066,0.6348642460561076,yes,"2025,2075",no,,nondecreasing
NV,Nevada,MARKET_KEV_PATH,AEO_PATH,GRID_100_STATUTE_V1,GRID_100_STATUTE,0.40225,0.033995,False,False,0.985554,0.953085,0.032528975869276,0.3675198119458841,0.4606849925423588,no,,no,,nondecreasing
NY,New York,MARKET_KEV_WITH_ACC_FLOOR,ACC_PATH,GRID_100_STATUTE_V1,GRID_100_STATUTE,0.389299,-0.044451,False,True,0.983688,0.757955,0.0184325709605544,0.5195519216836615,0.4391361941787273,yes,"2025,2075",no,,nondecreasing
OH,Ohio,MARKET_KEV_PATH,AEO_PATH,MARKET_KGRID_PATH,AEO_GRID_PATH,0.379044,0.000448,False,False,0.995285,0.010805,0.0089584601339014,0.159,0.5737592903757431,no,,no,,nondecreasing
OK,Oklahoma,MARKET_KEV_PATH,AEO_PATH,MARKET_KGRID_PATH,AEO_GRID_PATH,0.388142,0.026053,False,False,0.90027,0.604853,0.0061930951610666,0.4363983422687291,0.5208788032886967,no,,no,,nondecreasing
OR,Oregon,MARKET_KEV_WITH_ACC_FLOOR,ACC_PATH,GRID_100_STATUTE_V1,GRID_100_STATUTE,0.299555,-0.024701,True,False,0.988438,0.278523,0.0254611587425305,0.6204506503208184,0.4352032345294786,yes,"2025-2026,2075",no,,nondecreasing
PA,Pennsylvania,MARKET_KEV_PATH,AEO_PATH,MARKET_KGRID_PATH,AEO_GRID_PATH,0.389133,-0.022309,False,False,0.981297,0.76416,0.0109555690809494,0.3488797355028096,0.4498672849296245,no,,yes,2044.0,nonincreasing
RI,Rhode Island,MARKET_KEV_WITH_ACC_FLOOR,ACC_DELAYED_PLUS2,GRID_100_STATUTE_V1,GRID_100_STATUTE,0.39664,0.008745,False,False,0.984971,0.791862,0.0121452472425331,0.0807036454502968,0.4140402440503106,yes,"2025,2075",no,,nondecreasing
SC,South Carolina,MARKET_KEV_PATH,AEO_PATH,MARKET_KGRID_PATH,AEO_GRID_PATH,0.413875,0.004524,False,False,0.981309,0.083196,0.0068417018014564,0.6134724363060908,0.6538457934403513,no,,no,,nondecreasing
SD,South Dakota,MARKET_KEV_PATH,AEO_PATH,MARKET_KGRID_PATH,AEO_GRID_PATH,0.398068,0.054454,False,True,0.984426,0.510148,0.0032348501186111,0.7873397270227472,0.7124714193893974,no,,no,,nondecreasing
TN,Tennessee,MARKET_KEV_PATH,AEO_PATH,MARKET_KGRID_PATH,AEO_GRID_PATH,0.385651,-0.003549,False,False,0.984664,0.016329,0.008388220152926,0.6026111431440948,0.7502256067559883,no,,no,,nonincreasing
TX,Texas,MARKET_KEV_PATH,AEO_PATH,MARKET_KGRID_PATH,AEO_GRID_PATH,0.391412,0.025855,False,False,0.982713,0.96139,0.0145075702254028,0.3487924079706229,0.5351637990817043,no,,no,,nondecreasing
UT,Utah,MARKET_KEV_PATH,AEO_PATH,MARKET_KGRID_PATH,AEO_GRID_PATH,0.349065,0.018468,False,False,0.988102,0.830958,0.0212594020016162,0.1839020452929883,0.7853648368658549,no,,no,,nondecreasing
VA,Virginia,MARKET_KEV_PATH,AEO_PATH,GRID_100_STATUTE_V1,GRID_100_STATUTE,0.38646,0.013752,False,False,0.978022,0.47067,0.0170466033158107,0.4217733024480897,0.4211350296654346,no,,no,,nondecreasing
VT,Vermont,MARKET_KEV_WITH_ACC_FLOOR,ACC_PATH,GRID_100_STATUTE_V1,GRID_100_STATUTE,0.357336,-0.013599,False,False,0.985564,0.009842,0.0207208775901097,0.9984378909131026,12.480468757590508,yes,"2025,2075",no,,nondecreasing
WA,Washington,MARKET_KEV_WITH_ACC_FLOOR,ACC_PATH,GRID_100_STATUTE_V1,GRID_100_STATUTE,0.311441,-0.043735,False,False,0.986448,0.264711,0.0343759542817257,0.7678448855594467,0.5179983039866363,yes,"2025-2026,2075",no,,nondecreasing
WI,Wisconsin,MARKET_KEV_PATH,AEO_PATH,MARKET_KGRID_PATH,AEO_GRID_PATH,0.38474,0.005958,False,False,0.987051,0.447882,0.0074236813663825,0.250155774134268,0.6998847755540258,no,,no,,nondecreasing
WV,West Virginia,MARKET_KEV_PATH,AEO_PATH,MARKET_KGRID_PATH,AEO_GRID_PATH,0.437841,0.0033,False,False,0.984234,0.669645,0.0033692722371967,0.069133402285217,0.9523311063411164,no,,no,,nondecreasing
WY,Wyoming,MARKET_KEV_PATH,AEO_PATH,MARKET_KGRID_PATH,AEO_GRID_PATH,0.37226,0.031175,False,False,0.981584,0.928191,0.0027846988128389,0.2271334207149784,1.068337508574246,no,,no,,nondecreasing
