state,state_name,scope_role,scenario_bundle,elec_bridge_class,grid_bridge_class,peak_year,peak_direct_co2_metric_tonnes,sustained_nonincrease_onset_year,turning_status,ratio_2075_over_peak,v1_policy_central_onset_year,onset_shift_v2_minus_v1_years,minimum_subsequent_modeled_years,forbidden_interpretation
AK,Alaska,PRIMARY_50_STATE,market_central_v2,MARKET_KEV_PATH,MARKET_KGRID_PATH,2075,37295.3661235357,,RIGHT_CENSORED_THROUGH_2075,1.0,2069,,5,NOT_CARBON_NEUTRALITY_AND_NOT_CUMULATIVE_PAYBACK
AL,Alabama,PRIMARY_50_STATE,market_central_v2,MARKET_KEV_PATH,MARKET_KGRID_PATH,2075,22705.9892252485,,RIGHT_CENSORED_THROUGH_2075,1.0,2070,,5,NOT_CARBON_NEUTRALITY_AND_NOT_CUMULATIVE_PAYBACK
AR,Arkansas,PRIMARY_50_STATE,market_central_v2,MARKET_KEV_PATH,MARKET_KGRID_PATH,2075,21316.312950942352,,RIGHT_CENSORED_THROUGH_2075,1.0,2069,,5,NOT_CARBON_NEUTRALITY_AND_NOT_CUMULATIVE_PAYBACK
AZ,Arizona,PRIMARY_50_STATE,market_central_v2,MARKET_KEV_PATH,MARKET_KGRID_PATH,2075,11911.32198913587,,RIGHT_CENSORED_THROUGH_2075,1.0,2070,,5,NOT_CARBON_NEUTRALITY_AND_NOT_CUMULATIVE_PAYBACK
CA,California,PRIMARY_50_STATE,market_central_v2,MARKET_KEV_WITH_ACC_FLOOR,GRID_100_STATUTE_V1,2036,1785.3852369238573,2036.0,IDENTIFIED,9.54037055044271e-05,2057,-21.0,5,NOT_CARBON_NEUTRALITY_AND_NOT_CUMULATIVE_PAYBACK
CO,Colorado,PRIMARY_50_STATE,market_central_v2,MARKET_KEV_WITH_ACC_FLOOR,TARGET_TO_2050_THEN_MARKET_KGRID,2037,3430.290121289857,2059.0,IDENTIFIED,0.4723189156346631,2060,-1.0,5,NOT_CARBON_NEUTRALITY_AND_NOT_CUMULATIVE_PAYBACK
CT,Connecticut,PRIMARY_50_STATE,market_central_v2,MARKET_KEV_PATH,GRID_100_STATUTE_V1,2036,1809.3227470055551,2036.0,IDENTIFIED,1.462969222277608e-05,2070,-34.0,5,NOT_CARBON_NEUTRALITY_AND_NOT_CUMULATIVE_PAYBACK
DC,District of Columbia,SUPPLEMENTAL_DC,market_central_v2,MARKET_KEV_WITH_ACC_FLOOR,GRID_100_STATUTE_V1,2036,1319.6554804060331,2036.0,IDENTIFIED,1.4095257706949486e-05,2057,-21.0,5,NOT_CARBON_NEUTRALITY_AND_NOT_CUMULATIVE_PAYBACK
DE,Delaware,PRIMARY_50_STATE,market_central_v2,MARKET_KEV_WITH_ACC_FLOOR,TARGET_TO_2050_THEN_MARKET_KGRID,2075,14195.410397774662,,RIGHT_CENSORED_THROUGH_2075,1.0,2062,,5,NOT_CARBON_NEUTRALITY_AND_NOT_CUMULATIVE_PAYBACK
FL,Florida,PRIMARY_50_STATE,market_central_v2,MARKET_KEV_PATH,MARKET_KGRID_PATH,2075,19353.732990573077,,RIGHT_CENSORED_THROUGH_2075,1.0,2069,,5,NOT_CARBON_NEUTRALITY_AND_NOT_CUMULATIVE_PAYBACK
GA,Georgia,PRIMARY_50_STATE,market_central_v2,MARKET_KEV_PATH,MARKET_KGRID_PATH,2069,6475.070914112562,2069.0,IDENTIFIED,0.960003404474442,2070,-1.0,5,NOT_CARBON_NEUTRALITY_AND_NOT_CUMULATIVE_PAYBACK
HI,Hawaii,PRIMARY_50_STATE,market_central_v2,MARKET_KEV_PATH,GRID_100_STATUTE_V1,2037,3367.5525471547107,2037.0,IDENTIFIED,5.193543792431555e-05,2070,-33.0,5,NOT_CARBON_NEUTRALITY_AND_NOT_CUMULATIVE_PAYBACK
IA,Iowa,PRIMARY_50_STATE,market_central_v2,MARKET_KEV_PATH,MARKET_KGRID_PATH,2037,2303.81491993402,2055.0,IDENTIFIED,0.6137653712799191,2070,-15.0,5,NOT_CARBON_NEUTRALITY_AND_NOT_CUMULATIVE_PAYBACK
ID,Idaho,PRIMARY_50_STATE,market_central_v2,MARKET_KEV_PATH,MARKET_KGRID_PATH,2075,35452.901246658024,,RIGHT_CENSORED_THROUGH_2075,1.0,2070,,5,NOT_CARBON_NEUTRALITY_AND_NOT_CUMULATIVE_PAYBACK
IL,Illinois,PRIMARY_50_STATE,market_central_v2,MARKET_KEV_PATH,GRID_100_STATUTE_V1,2036,2050.496595892903,2036.0,IDENTIFIED,3.22413973617153e-06,2070,-34.0,5,NOT_CARBON_NEUTRALITY_AND_NOT_CUMULATIVE_PAYBACK
IN,Indiana,PRIMARY_50_STATE,market_central_v2,MARKET_KEV_PATH,MARKET_KGRID_PATH,2074,22326.722899069995,,RIGHT_CENSORED_THROUGH_2075,0.9990856978837972,2069,,5,NOT_CARBON_NEUTRALITY_AND_NOT_CUMULATIVE_PAYBACK
KS,Kansas,PRIMARY_50_STATE,market_central_v2,MARKET_KEV_PATH,MARKET_KGRID_PATH,2060,3296.569374396298,2060.0,IDENTIFIED,0.7929148954242955,2070,-10.0,5,NOT_CARBON_NEUTRALITY_AND_NOT_CUMULATIVE_PAYBACK
KY,Kentucky,PRIMARY_50_STATE,market_central_v2,MARKET_KEV_PATH,MARKET_KGRID_PATH,2075,59119.57146509923,,RIGHT_CENSORED_THROUGH_2075,1.0,2069,,5,NOT_CARBON_NEUTRALITY_AND_NOT_CUMULATIVE_PAYBACK
LA,Louisiana,PRIMARY_50_STATE,market_central_v2,MARKET_KEV_PATH,MARKET_KGRID_PATH,2075,32727.023856353095,,RIGHT_CENSORED_THROUGH_2075,1.0,2070,,5,NOT_CARBON_NEUTRALITY_AND_NOT_CUMULATIVE_PAYBACK
MA,Massachusetts,PRIMARY_50_STATE,market_central_v2,MARKET_KEV_WITH_ACC_FLOOR,GRID_100_STATUTE_V1,2037,2760.8190457293017,2037.0,IDENTIFIED,7.475428342649169e-06,2057,-20.0,5,NOT_CARBON_NEUTRALITY_AND_NOT_CUMULATIVE_PAYBACK
MD,Maryland,PRIMARY_50_STATE,market_central_v2,MARKET_KEV_WITH_ACC_FLOOR,TARGET_TO_2050_THEN_MARKET_KGRID,2071,10674.90739682813,,RIGHT_CENSORED_THROUGH_2075,0.9861372712924132,2062,,5,NOT_CARBON_NEUTRALITY_AND_NOT_CUMULATIVE_PAYBACK
ME,Maine,PRIMARY_50_STATE,market_central_v2,MARKET_KEV_PATH,GRID_100_STATUTE_V1,2036,1510.0529366757955,2036.0,IDENTIFIED,4.460555800361057e-06,2070,-34.0,5,NOT_CARBON_NEUTRALITY_AND_NOT_CUMULATIVE_PAYBACK
MI,Michigan,PRIMARY_50_STATE,market_central_v2,MARKET_KEV_PATH,GRID_100_STATUTE_V1,2035,1692.2479232352898,2035.0,IDENTIFIED,2.224118228426276e-07,2070,-35.0,5,NOT_CARBON_NEUTRALITY_AND_NOT_CUMULATIVE_PAYBACK
MN,Minnesota,PRIMARY_50_STATE,market_central_v2,MARKET_KEV_PATH,GRID_100_STATUTE_V1,2037,2551.3402902201615,2037.0,IDENTIFIED,5.81966347339986e-06,2070,-33.0,5,NOT_CARBON_NEUTRALITY_AND_NOT_CUMULATIVE_PAYBACK
MO,Missouri,PRIMARY_50_STATE,market_central_v2,MARKET_KEV_PATH,MARKET_KGRID_PATH,2071,16118.775791713531,,RIGHT_CENSORED_THROUGH_2075,0.9830029302049296,2069,,5,NOT_CARBON_NEUTRALITY_AND_NOT_CUMULATIVE_PAYBACK
MS,Mississippi,PRIMARY_50_STATE,market_central_v2,MARKET_KEV_PATH,MARKET_KGRID_PATH,2075,21604.473889007324,,RIGHT_CENSORED_THROUGH_2075,1.0,2069,,5,NOT_CARBON_NEUTRALITY_AND_NOT_CUMULATIVE_PAYBACK
MT,Montana,PRIMARY_50_STATE,market_central_v2,MARKET_KEV_PATH,MARKET_KGRID_PATH,2071,12184.443632278886,,RIGHT_CENSORED_THROUGH_2075,0.9857711339352174,2069,,5,NOT_CARBON_NEUTRALITY_AND_NOT_CUMULATIVE_PAYBACK
NC,North Carolina,PRIMARY_50_STATE,market_central_v2,MARKET_KEV_PATH,GRID_100_STATUTE_V1,2036,2247.805634126918,2036.0,IDENTIFIED,1.2843066483861974e-06,2070,-34.0,5,NOT_CARBON_NEUTRALITY_AND_NOT_CUMULATIVE_PAYBACK
ND,North Dakota,PRIMARY_50_STATE,market_central_v2,MARKET_KEV_PATH,MARKET_KGRID_PATH,2074,18583.933430026755,,RIGHT_CENSORED_THROUGH_2075,0.9978805714382104,2069,,5,NOT_CARBON_NEUTRALITY_AND_NOT_CUMULATIVE_PAYBACK
NE,Nebraska,PRIMARY_50_STATE,market_central_v2,MARKET_KEV_PATH,GRID_100_STATUTE_V1,2037,3050.4948382372286,2037.0,IDENTIFIED,2.6934755599594466e-06,2070,-33.0,5,NOT_CARBON_NEUTRALITY_AND_NOT_CUMULATIVE_PAYBACK
NH,New Hampshire,PRIMARY_50_STATE,market_central_v2,MARKET_KEV_PATH,MARKET_KGRID_PATH,2075,36753.38255262497,,RIGHT_CENSORED_THROUGH_2075,1.0,2070,,5,NOT_CARBON_NEUTRALITY_AND_NOT_CUMULATIVE_PAYBACK
NJ,New Jersey,PRIMARY_50_STATE,market_central_v2,MARKET_KEV_WITH_ACC_FLOOR,TARGET_TO_2050_THEN_MARKET_KGRID,2073,9661.54034109668,,RIGHT_CENSORED_THROUGH_2075,0.997250572399974,2062,,5,NOT_CARBON_NEUTRALITY_AND_NOT_CUMULATIVE_PAYBACK
NM,New Mexico,PRIMARY_50_STATE,market_central_v2,MARKET_KEV_WITH_ACC_FLOOR,GRID_100_STATUTE_V1,2037,2620.5640938327106,2037.0,IDENTIFIED,4.062409942076213e-06,2057,-20.0,5,NOT_CARBON_NEUTRALITY_AND_NOT_CUMULATIVE_PAYBACK
NV,Nevada,PRIMARY_50_STATE,market_central_v2,MARKET_KEV_PATH,GRID_100_STATUTE_V1,2037,2253.264520943339,2037.0,IDENTIFIED,1.1257519992006684e-06,2070,-33.0,5,NOT_CARBON_NEUTRALITY_AND_NOT_CUMULATIVE_PAYBACK
NY,New York,PRIMARY_50_STATE,market_central_v2,MARKET_KEV_WITH_ACC_FLOOR,GRID_100_STATUTE_V1,2036,1557.0547839265987,2036.0,IDENTIFIED,2.7973588660892237e-06,2057,-21.0,5,NOT_CARBON_NEUTRALITY_AND_NOT_CUMULATIVE_PAYBACK
OH,Ohio,PRIMARY_50_STATE,market_central_v2,MARKET_KEV_PATH,MARKET_KGRID_PATH,2075,37498.9115969242,,RIGHT_CENSORED_THROUGH_2075,1.0,2069,,5,NOT_CARBON_NEUTRALITY_AND_NOT_CUMULATIVE_PAYBACK
OK,Oklahoma,PRIMARY_50_STATE,market_central_v2,MARKET_KEV_PATH,MARKET_KGRID_PATH,2070,6369.2266811311665,2070.0,IDENTIFIED,0.9704872130254314,2070,0.0,5,NOT_CARBON_NEUTRALITY_AND_NOT_CUMULATIVE_PAYBACK
OR,Oregon,PRIMARY_50_STATE,market_central_v2,MARKET_KEV_WITH_ACC_FLOOR,GRID_100_STATUTE_V1,2036,1853.890795004446,2036.0,IDENTIFIED,9.407127979159744e-05,2057,-21.0,5,NOT_CARBON_NEUTRALITY_AND_NOT_CUMULATIVE_PAYBACK
PA,Pennsylvania,PRIMARY_50_STATE,market_central_v2,MARKET_KEV_PATH,MARKET_KGRID_PATH,2075,35768.448168112256,,RIGHT_CENSORED_THROUGH_2075,1.0,2070,,5,NOT_CARBON_NEUTRALITY_AND_NOT_CUMULATIVE_PAYBACK
RI,Rhode Island,PRIMARY_50_STATE,market_central_v2,MARKET_KEV_WITH_ACC_FLOOR,GRID_100_STATUTE_V1,2031,1212.8320201531562,2036.0,IDENTIFIED,2.676013105256697e-06,2057,-21.0,5,NOT_CARBON_NEUTRALITY_AND_NOT_CUMULATIVE_PAYBACK
SC,South Carolina,PRIMARY_50_STATE,market_central_v2,MARKET_KEV_PATH,MARKET_KGRID_PATH,2075,15953.990829150742,,RIGHT_CENSORED_THROUGH_2075,1.0,2070,,5,NOT_CARBON_NEUTRALITY_AND_NOT_CUMULATIVE_PAYBACK
SD,South Dakota,PRIMARY_50_STATE,market_central_v2,MARKET_KEV_PATH,MARKET_KGRID_PATH,2036,1750.866696970984,2055.0,IDENTIFIED,0.428070710197199,2070,-15.0,5,NOT_CARBON_NEUTRALITY_AND_NOT_CUMULATIVE_PAYBACK
TN,Tennessee,PRIMARY_50_STATE,market_central_v2,MARKET_KEV_PATH,MARKET_KGRID_PATH,2075,28407.31206932737,,RIGHT_CENSORED_THROUGH_2075,1.0,2070,,5,NOT_CARBON_NEUTRALITY_AND_NOT_CUMULATIVE_PAYBACK
TX,Texas,PRIMARY_50_STATE,market_central_v2,MARKET_KEV_PATH,MARKET_KGRID_PATH,2070,7630.254467055223,2070.0,IDENTIFIED,0.97144933991004,2070,0.0,5,NOT_CARBON_NEUTRALITY_AND_NOT_CUMULATIVE_PAYBACK
UT,Utah,PRIMARY_50_STATE,market_central_v2,MARKET_KEV_PATH,MARKET_KGRID_PATH,2073,19929.149821496656,,RIGHT_CENSORED_THROUGH_2075,0.9969948393491764,2069,,5,NOT_CARBON_NEUTRALITY_AND_NOT_CUMULATIVE_PAYBACK
VA,Virginia,PRIMARY_50_STATE,market_central_v2,MARKET_KEV_PATH,GRID_100_STATUTE_V1,2036,2135.774942361351,2036.0,IDENTIFIED,2.304551162050366e-06,2070,-34.0,5,NOT_CARBON_NEUTRALITY_AND_NOT_CUMULATIVE_PAYBACK
VT,Vermont,PRIMARY_50_STATE,market_central_v2,MARKET_KEV_WITH_ACC_FLOOR,GRID_100_STATUTE_V1,2036,1314.2335227913345,2036.0,IDENTIFIED,1.227606615234868e-05,2057,-21.0,5,NOT_CARBON_NEUTRALITY_AND_NOT_CUMULATIVE_PAYBACK
WA,Washington,PRIMARY_50_STATE,market_central_v2,MARKET_KEV_WITH_ACC_FLOOR,GRID_100_STATUTE_V1,2036,1507.3535957358608,2036.0,IDENTIFIED,7.007344377945015e-05,2057,-21.0,5,NOT_CARBON_NEUTRALITY_AND_NOT_CUMULATIVE_PAYBACK
WI,Wisconsin,PRIMARY_50_STATE,market_central_v2,MARKET_KEV_PATH,MARKET_KGRID_PATH,2075,30792.81890023587,,RIGHT_CENSORED_THROUGH_2075,1.0,2069,,5,NOT_CARBON_NEUTRALITY_AND_NOT_CUMULATIVE_PAYBACK
WV,West Virginia,PRIMARY_50_STATE,market_central_v2,MARKET_KEV_PATH,MARKET_KGRID_PATH,2075,59566.12068362023,,RIGHT_CENSORED_THROUGH_2075,1.0,2069,,5,NOT_CARBON_NEUTRALITY_AND_NOT_CUMULATIVE_PAYBACK
WY,Wyoming,PRIMARY_50_STATE,market_central_v2,MARKET_KEV_PATH,MARKET_KGRID_PATH,2067,14290.04932955182,2067.0,IDENTIFIED,0.936913542752129,2069,-2.0,5,NOT_CARBON_NEUTRALITY_AND_NOT_CUMULATIVE_PAYBACK
