state,state_name,scope_role,scenario_bundle,method_used,former_v21_method,grid_bridge_class,peak_year,peak_direct_co2_metric_tonnes,sustained_nonincrease_onset_year,turning_status,ratio_2075_over_peak,v21_expert_central_onset_year,onset_shift_noacc_minus_v21_years,onset_capLA_sub_sensitivity,minimum_subsequent_modeled_years,forbidden_interpretation,scenario_label,year_first_sustained_below_50pct_of_peak,v21_central_year_first_sustained_below_50pct_of_peak,year_first_sustained_below_10pct_of_peak,v21_central_year_first_sustained_below_10pct_of_peak,year_first_sustained_below_1pct_of_peak,v21_central_year_first_sustained_below_1pct_of_peak
AK,Alaska,PRIMARY_50_STATE,noaccii_counterfactual_branch,LOGISTIC_FIT_NO_MANDATE,LOGISTIC_FIT,AEO_GRID_PATH,2041,7891.244235007225,2061.0,IDENTIFIED,0.740617191960422,2063,-2.0,2061.0,5,NOT_CARBON_NEUTRALITY_AND_NOT_CUMULATIVE_PAYBACK,COUNTERFACTUAL_NO_MANDATE_NOT_A_CENTRAL,,,,,,
AL,Alabama,PRIMARY_50_STATE,noaccii_counterfactual_branch,LOGISTIC_FIT_NO_MANDATE,LOGISTIC_FIT,AEO_GRID_PATH,2038,6724.859912516655,2064.0,IDENTIFIED,0.7555377187964335,2063,1.0,2064.0,5,NOT_CARBON_NEUTRALITY_AND_NOT_CUMULATIVE_PAYBACK,COUNTERFACTUAL_NO_MANDATE_NOT_A_CENTRAL,,,,,,
AR,Arkansas,PRIMARY_50_STATE,noaccii_counterfactual_branch,LOGISTIC_FIT_NO_MANDATE,LOGISTIC_FIT,AEO_GRID_PATH,2064,8872.694592863058,2064.0,IDENTIFIED,0.8001116728512483,2063,1.0,2064.0,5,NOT_CARBON_NEUTRALITY_AND_NOT_CUMULATIVE_PAYBACK,COUNTERFACTUAL_NO_MANDATE_NOT_A_CENTRAL,,,,,,
AZ,Arizona,PRIMARY_50_STATE,noaccii_counterfactual_branch,LOGISTIC_FIT_NO_MANDATE,LOGISTIC_FIT,AEO_GRID_PATH,2064,6187.680757595064,2064.0,IDENTIFIED,0.7934650936908485,2062,2.0,2064.0,5,NOT_CARBON_NEUTRALITY_AND_NOT_CUMULATIVE_PAYBACK,COUNTERFACTUAL_NO_MANDATE_NOT_A_CENTRAL,,,,,,
CA,California,PRIMARY_50_STATE,noaccii_counterfactual_branch,LOGISTIC_FIT_NO_MANDATE,POLICY_SCHEDULE,GRID_100_STATUTE,2037,4389.6265112695255,,RIGHT_CENSORED_THROUGH_2075,0.0020559950878188,2057,,,5,NOT_CARBON_NEUTRALITY_AND_NOT_CUMULATIVE_PAYBACK,COUNTERFACTUAL_NO_MANDATE_NOT_A_CENTRAL,2043.0,2074.0,2055.0,,2070.0,
CO,Colorado,PRIMARY_50_STATE,noaccii_counterfactual_branch,LOGISTIC_FIT_NO_MANDATE,POLICY_SCHEDULE,TARGET_CES_RPS_AEO_TAIL,2037,5157.618949106935,2063.0,IDENTIFIED,0.3502862583560054,2060,3.0,2063.0,5,NOT_CARBON_NEUTRALITY_AND_NOT_CUMULATIVE_PAYBACK,COUNTERFACTUAL_NO_MANDATE_NOT_A_CENTRAL,2049.0,,,,,
CT,Connecticut,PRIMARY_50_STATE,noaccii_counterfactual_branch,LOGISTIC_FIT_NO_MANDATE,LOGISTIC_FIT,GRID_100_STATUTE,2037,5373.518569668282,,RIGHT_CENSORED_THROUGH_2075,0.0003231213540373,2057,,,5,NOT_CARBON_NEUTRALITY_AND_NOT_CUMULATIVE_PAYBACK,COUNTERFACTUAL_NO_MANDATE_NOT_A_CENTRAL,2043.0,2070.0,2055.0,,2060.0,
DC,District of Columbia,SUPPLEMENTAL_DC,noaccii_counterfactual_branch,LOGISTIC_FIT_NO_MANDATE,POLICY_SCHEDULE,GRID_100_STATUTE,2036,3539.5053500878175,,RIGHT_CENSORED_THROUGH_2075,0.000169361713472,2057,,,5,NOT_CARBON_NEUTRALITY_AND_NOT_CUMULATIVE_PAYBACK,COUNTERFACTUAL_NO_MANDATE_NOT_A_CENTRAL,2041.0,2074.0,2055.0,,2057.0,
DE,Delaware,PRIMARY_50_STATE,noaccii_counterfactual_branch,LOGISTIC_FIT_NO_MANDATE,POLICY_SCHEDULE,TARGET_CES_RPS_AEO_TAIL,2063,7704.605657456535,2063.0,IDENTIFIED,0.7399673620028991,2062,1.0,2063.0,5,NOT_CARBON_NEUTRALITY_AND_NOT_CUMULATIVE_PAYBACK,COUNTERFACTUAL_NO_MANDATE_NOT_A_CENTRAL,,,,,,
FL,Florida,PRIMARY_50_STATE,noaccii_counterfactual_branch,LOGISTIC_FIT_NO_MANDATE,LOGISTIC_FIT,AEO_GRID_PATH,2064,7031.083849569874,2064.0,IDENTIFIED,0.7995484991430317,2063,1.0,2064.0,5,NOT_CARBON_NEUTRALITY_AND_NOT_CUMULATIVE_PAYBACK,COUNTERFACTUAL_NO_MANDATE_NOT_A_CENTRAL,,,,,,
GA,Georgia,PRIMARY_50_STATE,noaccii_counterfactual_branch,LOGISTIC_FIT_NO_MANDATE,LOGISTIC_FIT,AEO_GRID_PATH,2064,6402.89331435632,2064.0,IDENTIFIED,0.7968487690065424,2063,1.0,2064.0,5,NOT_CARBON_NEUTRALITY_AND_NOT_CUMULATIVE_PAYBACK,COUNTERFACTUAL_NO_MANDATE_NOT_A_CENTRAL,,,,,,
HI,Hawaii,PRIMARY_50_STATE,noaccii_counterfactual_branch,LOGISTIC_FIT_NO_MANDATE,LOGISTIC_FIT,GRID_100_STATUTE,2038,6448.8973413595095,,RIGHT_CENSORED_THROUGH_2075,0.0088543934815575,2057,,,5,NOT_CARBON_NEUTRALITY_AND_NOT_CUMULATIVE_PAYBACK,COUNTERFACTUAL_NO_MANDATE_NOT_A_CENTRAL,2047.0,2066.0,2058.0,,2070.0,
IA,Iowa,PRIMARY_50_STATE,noaccii_counterfactual_branch,LOGISTIC_FIT_NO_MANDATE,LOGISTIC_FIT,AEO_GRID_PATH,2039,7303.546754912348,2059.0,IDENTIFIED,0.6199911097072702,2062,-3.0,2059.0,5,NOT_CARBON_NEUTRALITY_AND_NOT_CUMULATIVE_PAYBACK,COUNTERFACTUAL_NO_MANDATE_NOT_A_CENTRAL,,,,,,
ID,Idaho,PRIMARY_50_STATE,noaccii_counterfactual_branch,LOGISTIC_FIT_NO_MANDATE,LOGISTIC_FIT,AEO_GRID_PATH,2038,6821.940623128913,2058.0,IDENTIFIED,0.3315945216435554,2061,-3.0,2058.0,5,NOT_CARBON_NEUTRALITY_AND_NOT_CUMULATIVE_PAYBACK,COUNTERFACTUAL_NO_MANDATE_NOT_A_CENTRAL,2049.0,,,,,
IL,Illinois,PRIMARY_50_STATE,noaccii_counterfactual_branch,LOGISTIC_FIT_NO_MANDATE,LOGISTIC_FIT,GRID_100_STATUTE,2037,5200.007494787498,,RIGHT_CENSORED_THROUGH_2075,0.0001436696727071,2057,,,5,NOT_CARBON_NEUTRALITY_AND_NOT_CUMULATIVE_PAYBACK,COUNTERFACTUAL_NO_MANDATE_NOT_A_CENTRAL,2043.0,2070.0,2056.0,,2059.0,
IN,Indiana,PRIMARY_50_STATE,noaccii_counterfactual_branch,LOGISTIC_FIT_NO_MANDATE,LOGISTIC_FIT,AEO_GRID_PATH,2064,13013.15549708165,2064.0,IDENTIFIED,0.8002234769055596,2064,0.0,2064.0,5,NOT_CARBON_NEUTRALITY_AND_NOT_CUMULATIVE_PAYBACK,COUNTERFACTUAL_NO_MANDATE_NOT_A_CENTRAL,,,,,,
KS,Kansas,PRIMARY_50_STATE,noaccii_counterfactual_branch,LOGISTIC_FIT_NO_MANDATE,LOGISTIC_FIT,AEO_GRID_PATH,2038,7017.139076070929,2064.0,IDENTIFIED,0.7416335206298325,2063,1.0,2064.0,5,NOT_CARBON_NEUTRALITY_AND_NOT_CUMULATIVE_PAYBACK,COUNTERFACTUAL_NO_MANDATE_NOT_A_CENTRAL,,,,,,
KY,Kentucky,PRIMARY_50_STATE,noaccii_counterfactual_branch,LOGISTIC_FIT_NO_MANDATE,LOGISTIC_FIT,AEO_GRID_PATH,2064,15487.42873345768,2064.0,IDENTIFIED,0.8005581496332391,2064,0.0,2064.0,5,NOT_CARBON_NEUTRALITY_AND_NOT_CUMULATIVE_PAYBACK,COUNTERFACTUAL_NO_MANDATE_NOT_A_CENTRAL,,,,,,
LA,Louisiana,PRIMARY_50_STATE,noaccii_counterfactual_branch,LOGISTIC_FIT_NO_MANDATE,LOGISTIC_FIT,AEO_GRID_PATH,2064,6793.3102005426335,2064.0,IDENTIFIED,0.8009364327065926,2063,1.0,2064.0,5,NOT_CARBON_NEUTRALITY_AND_NOT_CUMULATIVE_PAYBACK,COUNTERFACTUAL_NO_MANDATE_NOT_A_CENTRAL,,,,,,
MA,Massachusetts,PRIMARY_50_STATE,noaccii_counterfactual_branch,LOGISTIC_FIT_NO_MANDATE,POLICY_SCHEDULE,GRID_100_STATUTE,2037,5503.869062811318,,RIGHT_CENSORED_THROUGH_2075,0.0002926904509761,2057,,,5,NOT_CARBON_NEUTRALITY_AND_NOT_CUMULATIVE_PAYBACK,COUNTERFACTUAL_NO_MANDATE_NOT_A_CENTRAL,2045.0,2073.0,2055.0,,2059.0,
MD,Maryland,PRIMARY_50_STATE,noaccii_counterfactual_branch,LOGISTIC_FIT_NO_MANDATE,POLICY_SCHEDULE,TARGET_CES_RPS_AEO_TAIL,2063,8925.76860295891,2063.0,IDENTIFIED,0.7395583353244354,2062,1.0,2063.0,5,NOT_CARBON_NEUTRALITY_AND_NOT_CUMULATIVE_PAYBACK,COUNTERFACTUAL_NO_MANDATE_NOT_A_CENTRAL,,,,,,
ME,Maine,PRIMARY_50_STATE,noaccii_counterfactual_branch,LOGISTIC_FIT_NO_MANDATE,LOGISTIC_FIT,GRID_100_STATUTE,2037,5872.169211623749,,RIGHT_CENSORED_THROUGH_2075,0.0001677107759012,2057,,,5,NOT_CARBON_NEUTRALITY_AND_NOT_CUMULATIVE_PAYBACK,COUNTERFACTUAL_NO_MANDATE_NOT_A_CENTRAL,2044.0,2068.0,2051.0,,2060.0,
MI,Michigan,PRIMARY_50_STATE,noaccii_counterfactual_branch,LOGISTIC_FIT_NO_MANDATE,LOGISTIC_FIT,GRID_100_STATUTE,2036,4250.283814690494,,RIGHT_CENSORED_THROUGH_2075,4.335193923544386e-06,2057,,,5,NOT_CARBON_NEUTRALITY_AND_NOT_CUMULATIVE_PAYBACK,COUNTERFACTUAL_NO_MANDATE_NOT_A_CENTRAL,2041.0,2072.0,2044.0,,2058.0,
MN,Minnesota,PRIMARY_50_STATE,noaccii_counterfactual_branch,LOGISTIC_FIT_NO_MANDATE,LOGISTIC_FIT,GRID_100_STATUTE,2037,6026.79419959814,,RIGHT_CENSORED_THROUGH_2075,0.0002021767930337,2057,,,5,NOT_CARBON_NEUTRALITY_AND_NOT_CUMULATIVE_PAYBACK,COUNTERFACTUAL_NO_MANDATE_NOT_A_CENTRAL,2045.0,2067.0,2051.0,,2059.0,
MO,Missouri,PRIMARY_50_STATE,noaccii_counterfactual_branch,LOGISTIC_FIT_NO_MANDATE,LOGISTIC_FIT,AEO_GRID_PATH,2064,12904.288063963942,2064.0,IDENTIFIED,0.799772705109727,2064,0.0,2064.0,5,NOT_CARBON_NEUTRALITY_AND_NOT_CUMULATIVE_PAYBACK,COUNTERFACTUAL_NO_MANDATE_NOT_A_CENTRAL,,,,,,
MS,Mississippi,PRIMARY_50_STATE,noaccii_counterfactual_branch,LOGISTIC_FIT_NO_MANDATE,LOGISTIC_FIT,AEO_GRID_PATH,2060,7464.6499368334225,2064.0,IDENTIFIED,0.7910733670298,2063,1.0,2064.0,5,NOT_CARBON_NEUTRALITY_AND_NOT_CUMULATIVE_PAYBACK,COUNTERFACTUAL_NO_MANDATE_NOT_A_CENTRAL,,,,,,
MT,Montana,PRIMARY_50_STATE,noaccii_counterfactual_branch,LOGISTIC_FIT_NO_MANDATE,LOGISTIC_FIT,AEO_GRID_PATH,2061,9493.52796514711,2064.0,IDENTIFIED,0.7979477089439498,2063,1.0,2064.0,5,NOT_CARBON_NEUTRALITY_AND_NOT_CUMULATIVE_PAYBACK,COUNTERFACTUAL_NO_MANDATE_NOT_A_CENTRAL,,,,,,
NC,North Carolina,PRIMARY_50_STATE,noaccii_counterfactual_branch,LOGISTIC_FIT_NO_MANDATE,LOGISTIC_FIT,GRID_100_STATUTE,2037,5369.571525235553,,RIGHT_CENSORED_THROUGH_2075,8.136332759144208e-05,2057,,,5,NOT_CARBON_NEUTRALITY_AND_NOT_CUMULATIVE_PAYBACK,COUNTERFACTUAL_NO_MANDATE_NOT_A_CENTRAL,2044.0,2069.0,2050.0,,2059.0,
ND,North Dakota,PRIMARY_50_STATE,noaccii_counterfactual_branch,LOGISTIC_FIT_NO_MANDATE,LOGISTIC_FIT,AEO_GRID_PATH,2061,11677.98024359537,2061.0,IDENTIFIED,0.7891729579127394,2063,-2.0,2061.0,5,NOT_CARBON_NEUTRALITY_AND_NOT_CUMULATIVE_PAYBACK,COUNTERFACTUAL_NO_MANDATE_NOT_A_CENTRAL,,,,,,
NE,Nebraska,PRIMARY_50_STATE,noaccii_counterfactual_branch,LOGISTIC_FIT_NO_MANDATE,LOGISTIC_FIT,GRID_100_STATUTE,2038,7002.771740440471,,RIGHT_CENSORED_THROUGH_2075,7.400977663373257e-05,2057,,,5,NOT_CARBON_NEUTRALITY_AND_NOT_CUMULATIVE_PAYBACK,COUNTERFACTUAL_NO_MANDATE_NOT_A_CENTRAL,2046.0,2061.0,2051.0,,2062.0,
NH,New Hampshire,PRIMARY_50_STATE,noaccii_counterfactual_branch,LOGISTIC_FIT_NO_MANDATE,LOGISTIC_FIT,AEO_GRID_PATH,2037,5815.376420997016,2064.0,IDENTIFIED,0.3354934250475555,2061,3.0,2064.0,5,NOT_CARBON_NEUTRALITY_AND_NOT_CUMULATIVE_PAYBACK,COUNTERFACTUAL_NO_MANDATE_NOT_A_CENTRAL,2046.0,,,,,
NJ,New Jersey,PRIMARY_50_STATE,noaccii_counterfactual_branch,LOGISTIC_FIT_NO_MANDATE,POLICY_SCHEDULE,TARGET_CES_RPS_AEO_TAIL,2063,7362.537291672614,2063.0,IDENTIFIED,0.7389086811103788,2062,1.0,2063.0,5,NOT_CARBON_NEUTRALITY_AND_NOT_CUMULATIVE_PAYBACK,COUNTERFACTUAL_NO_MANDATE_NOT_A_CENTRAL,,,,,,
NM,New Mexico,PRIMARY_50_STATE,noaccii_counterfactual_branch,LOGISTIC_FIT_NO_MANDATE,POLICY_SCHEDULE,GRID_100_STATUTE,2038,6590.295034847986,,RIGHT_CENSORED_THROUGH_2075,0.0001539773451556,2057,,,5,NOT_CARBON_NEUTRALITY_AND_NOT_CUMULATIVE_PAYBACK,COUNTERFACTUAL_NO_MANDATE_NOT_A_CENTRAL,2046.0,2073.0,2051.0,,2062.0,
NV,Nevada,PRIMARY_50_STATE,noaccii_counterfactual_branch,LOGISTIC_FIT_NO_MANDATE,LOGISTIC_FIT,GRID_100_STATUTE,2037,4235.291473195967,,RIGHT_CENSORED_THROUGH_2075,4.393428549569546e-05,2057,,,5,NOT_CARBON_NEUTRALITY_AND_NOT_CUMULATIVE_PAYBACK,COUNTERFACTUAL_NO_MANDATE_NOT_A_CENTRAL,2043.0,2072.0,2050.0,,2057.0,
NY,New York,PRIMARY_50_STATE,noaccii_counterfactual_branch,LOGISTIC_FIT_NO_MANDATE,POLICY_SCHEDULE,GRID_100_STATUTE,2036,4698.273828546686,,RIGHT_CENSORED_THROUGH_2075,0.0001231190697247,2057,,,5,NOT_CARBON_NEUTRALITY_AND_NOT_CUMULATIVE_PAYBACK,COUNTERFACTUAL_NO_MANDATE_NOT_A_CENTRAL,2042.0,2074.0,2056.0,,2059.0,
OH,Ohio,PRIMARY_50_STATE,noaccii_counterfactual_branch,LOGISTIC_FIT_NO_MANDATE,LOGISTIC_FIT,AEO_GRID_PATH,2064,9506.383311079182,2064.0,IDENTIFIED,0.79970366431563,2063,1.0,2064.0,5,NOT_CARBON_NEUTRALITY_AND_NOT_CUMULATIVE_PAYBACK,COUNTERFACTUAL_NO_MANDATE_NOT_A_CENTRAL,,,,,,
OK,Oklahoma,PRIMARY_50_STATE,noaccii_counterfactual_branch,LOGISTIC_FIT_NO_MANDATE,LOGISTIC_FIT,AEO_GRID_PATH,2041,7890.971282988942,2061.0,IDENTIFIED,0.5949625713441461,2062,-1.0,2061.0,5,NOT_CARBON_NEUTRALITY_AND_NOT_CUMULATIVE_PAYBACK,COUNTERFACTUAL_NO_MANDATE_NOT_A_CENTRAL,,,,,,
OR,Oregon,PRIMARY_50_STATE,noaccii_counterfactual_branch,LOGISTIC_FIT_NO_MANDATE,POLICY_SCHEDULE,GRID_100_STATUTE,2037,5293.14279777497,,RIGHT_CENSORED_THROUGH_2075,0.0014615955773338,2057,,,5,NOT_CARBON_NEUTRALITY_AND_NOT_CUMULATIVE_PAYBACK,COUNTERFACTUAL_NO_MANDATE_NOT_A_CENTRAL,2044.0,2074.0,2054.0,,2070.0,
PA,Pennsylvania,PRIMARY_50_STATE,noaccii_counterfactual_branch,LOGISTIC_FIT_NO_MANDATE,LOGISTIC_FIT,AEO_GRID_PATH,2038,6110.698005093729,2064.0,IDENTIFIED,0.7553058852330237,2062,2.0,2064.0,5,NOT_CARBON_NEUTRALITY_AND_NOT_CUMULATIVE_PAYBACK,COUNTERFACTUAL_NO_MANDATE_NOT_A_CENTRAL,,,,,,
RI,Rhode Island,PRIMARY_50_STATE,noaccii_counterfactual_branch,LOGISTIC_FIT_NO_MANDATE,POLICY_SCHEDULE,GRID_100_STATUTE,2037,5070.7997011063,,RIGHT_CENSORED_THROUGH_2075,8.976261534631152e-05,2057,,,5,NOT_CARBON_NEUTRALITY_AND_NOT_CUMULATIVE_PAYBACK,COUNTERFACTUAL_NO_MANDATE_NOT_A_CENTRAL,2042.0,2074.0,2056.0,,2059.0,
SC,South Carolina,PRIMARY_50_STATE,noaccii_counterfactual_branch,LOGISTIC_FIT_NO_MANDATE,LOGISTIC_FIT,AEO_GRID_PATH,2038,6432.944852424205,2064.0,IDENTIFIED,0.6189807264904656,2062,2.0,2064.0,5,NOT_CARBON_NEUTRALITY_AND_NOT_CUMULATIVE_PAYBACK,COUNTERFACTUAL_NO_MANDATE_NOT_A_CENTRAL,,,,,,
SD,South Dakota,PRIMARY_50_STATE,noaccii_counterfactual_branch,LOGISTIC_FIT_NO_MANDATE,LOGISTIC_FIT,AEO_GRID_PATH,2038,7266.2229438904,2060.0,IDENTIFIED,0.3311298662558567,2061,-1.0,2060.0,5,NOT_CARBON_NEUTRALITY_AND_NOT_CUMULATIVE_PAYBACK,COUNTERFACTUAL_NO_MANDATE_NOT_A_CENTRAL,2049.0,,,,,
TN,Tennessee,PRIMARY_50_STATE,noaccii_counterfactual_branch,LOGISTIC_FIT_NO_MANDATE,LOGISTIC_FIT,AEO_GRID_PATH,2038,6530.765719325548,2064.0,IDENTIFIED,0.7192631879747454,2062,2.0,2064.0,5,NOT_CARBON_NEUTRALITY_AND_NOT_CUMULATIVE_PAYBACK,COUNTERFACTUAL_NO_MANDATE_NOT_A_CENTRAL,,,,,,
TX,Texas,PRIMARY_50_STATE,noaccii_counterfactual_branch,LOGISTIC_FIT_NO_MANDATE,LOGISTIC_FIT,AEO_GRID_PATH,2064,6876.179670699101,2064.0,IDENTIFIED,0.7985502502009084,2063,1.0,2064.0,5,NOT_CARBON_NEUTRALITY_AND_NOT_CUMULATIVE_PAYBACK,COUNTERFACTUAL_NO_MANDATE_NOT_A_CENTRAL,,,,,,
UT,Utah,PRIMARY_50_STATE,noaccii_counterfactual_branch,LOGISTIC_FIT_NO_MANDATE,LOGISTIC_FIT,AEO_GRID_PATH,2064,12635.266540738636,2064.0,IDENTIFIED,0.7992345156683035,2064,0.0,2064.0,5,NOT_CARBON_NEUTRALITY_AND_NOT_CUMULATIVE_PAYBACK,COUNTERFACTUAL_NO_MANDATE_NOT_A_CENTRAL,,,,,,
VA,Virginia,PRIMARY_50_STATE,noaccii_counterfactual_branch,LOGISTIC_FIT_NO_MANDATE,LOGISTIC_FIT,GRID_100_STATUTE,2037,5175.424926210918,,RIGHT_CENSORED_THROUGH_2075,0.0001477516946441,2057,,,5,NOT_CARBON_NEUTRALITY_AND_NOT_CUMULATIVE_PAYBACK,COUNTERFACTUAL_NO_MANDATE_NOT_A_CENTRAL,2043.0,2070.0,2056.0,,2059.0,
VT,Vermont,PRIMARY_50_STATE,noaccii_counterfactual_branch,LOGISTIC_FIT_NO_MANDATE,POLICY_SCHEDULE,GRID_100_STATUTE,2036,4585.0288092826795,,RIGHT_CENSORED_THROUGH_2075,0.0002254479889699,2057,,,5,NOT_CARBON_NEUTRALITY_AND_NOT_CUMULATIVE_PAYBACK,COUNTERFACTUAL_NO_MANDATE_NOT_A_CENTRAL,2042.0,2074.0,2056.0,,2059.0,
WA,Washington,PRIMARY_50_STATE,noaccii_counterfactual_branch,LOGISTIC_FIT_NO_MANDATE,POLICY_SCHEDULE,GRID_100_STATUTE,2036,4248.085051993077,,RIGHT_CENSORED_THROUGH_2075,0.0005060939462167,2057,,,5,NOT_CARBON_NEUTRALITY_AND_NOT_CUMULATIVE_PAYBACK,COUNTERFACTUAL_NO_MANDATE_NOT_A_CENTRAL,2042.0,2074.0,2055.0,,2070.0,
WI,Wisconsin,PRIMARY_50_STATE,noaccii_counterfactual_branch,LOGISTIC_FIT_NO_MANDATE,LOGISTIC_FIT,AEO_GRID_PATH,2064,10341.073899987903,2064.0,IDENTIFIED,0.7995715540587996,2063,1.0,2064.0,5,NOT_CARBON_NEUTRALITY_AND_NOT_CUMULATIVE_PAYBACK,COUNTERFACTUAL_NO_MANDATE_NOT_A_CENTRAL,,,,,,
WV,West Virginia,PRIMARY_50_STATE,noaccii_counterfactual_branch,LOGISTIC_FIT_NO_MANDATE,LOGISTIC_FIT,AEO_GRID_PATH,2064,17441.73844336349,2064.0,IDENTIFIED,0.8007324744413701,2064,0.0,2064.0,5,NOT_CARBON_NEUTRALITY_AND_NOT_CUMULATIVE_PAYBACK,COUNTERFACTUAL_NO_MANDATE_NOT_A_CENTRAL,,,,,,
WY,Wyoming,PRIMARY_50_STATE,noaccii_counterfactual_branch,LOGISTIC_FIT_NO_MANDATE,LOGISTIC_FIT,AEO_GRID_PATH,2062,16677.513470367532,2062.0,IDENTIFIED,0.7818766596805288,2064,-2.0,2062.0,5,NOT_CARBON_NEUTRALITY_AND_NOT_CUMULATIVE_PAYBACK,COUNTERFACTUAL_NO_MANDATE_NOT_A_CENTRAL,,,,,,
