state,state_name,scope_role,scenario_bundle,elec_bridge_class,grid_bridge_class,peak_year,peak_direct_co2_metric_tonnes,sustained_nonincrease_onset_year,turning_status,ratio_2075_over_peak,minimum_subsequent_modeled_years,forbidden_interpretation
AK,Alaska,PRIMARY_50_STATE,policy_central_v1,AEO_PATH,AEO_GRID_PATH,2069,25573.682886327475,2069,IDENTIFIED,0.9571925007405864,5,NOT_CARBON_NEUTRALITY_AND_NOT_CUMULATIVE_PAYBACK
AL,Alabama,PRIMARY_50_STATE,policy_central_v1,AEO_PATH,AEO_GRID_PATH,2070,25066.85104770881,2070,IDENTIFIED,0.9584311963140348,5,NOT_CARBON_NEUTRALITY_AND_NOT_CUMULATIVE_PAYBACK
AR,Arkansas,PRIMARY_50_STATE,policy_central_v1,AEO_PATH,AEO_GRID_PATH,2069,26650.22430812371,2069,IDENTIFIED,0.9550395113445488,5,NOT_CARBON_NEUTRALITY_AND_NOT_CUMULATIVE_PAYBACK
AZ,Arizona,PRIMARY_50_STATE,policy_central_v1,AEO_PATH,AEO_GRID_PATH,2070,24617.64616485836,2070,IDENTIFIED,0.9583063710966512,5,NOT_CARBON_NEUTRALITY_AND_NOT_CUMULATIVE_PAYBACK
CA,California,PRIMARY_50_STATE,policy_central_v1,ACC_PATH,GRID_100_STATUTE,2057,3543.6960664874605,2057,IDENTIFIED,0.4256820605598292,5,NOT_CARBON_NEUTRALITY_AND_NOT_CUMULATIVE_PAYBACK
CO,Colorado,PRIMARY_50_STATE,policy_central_v1,ACC_DELAYED_PLUS2,TARGET_CES_RPS_AEO_TAIL,2060,6122.649018125056,2060,IDENTIFIED,0.5609955963893917,5,NOT_CARBON_NEUTRALITY_AND_NOT_CUMULATIVE_PAYBACK
CT,Connecticut,PRIMARY_50_STATE,policy_central_v1,AEO_PATH,GRID_100_STATUTE,2070,20874.5371241248,2070,IDENTIFIED,0.9685316671278648,5,NOT_CARBON_NEUTRALITY_AND_NOT_CUMULATIVE_PAYBACK
DC,District of Columbia,SUPPLEMENTAL_DC,policy_central_v1,ACC_DELAYED_PLUS2,GRID_100_STATUTE,2057,3930.205297960341,2057,IDENTIFIED,0.4197616399084599,5,NOT_CARBON_NEUTRALITY_AND_NOT_CUMULATIVE_PAYBACK
DE,Delaware,PRIMARY_50_STATE,policy_central_v1,ACC_DELAYED_PLUS2,TARGET_CES_RPS_AEO_TAIL,2062,10951.4426049691,2062,IDENTIFIED,0.6623736366680583,5,NOT_CARBON_NEUTRALITY_AND_NOT_CUMULATIVE_PAYBACK
FL,Florida,PRIMARY_50_STATE,policy_central_v1,AEO_PATH,AEO_GRID_PATH,2069,25136.77107200437,2069,IDENTIFIED,0.9569475153331888,5,NOT_CARBON_NEUTRALITY_AND_NOT_CUMULATIVE_PAYBACK
GA,Georgia,PRIMARY_50_STATE,policy_central_v1,AEO_PATH,AEO_GRID_PATH,2070,24863.6437007008,2070,IDENTIFIED,0.9580976611745916,5,NOT_CARBON_NEUTRALITY_AND_NOT_CUMULATIVE_PAYBACK
HI,Hawaii,PRIMARY_50_STATE,policy_central_v1,AEO_PATH,GRID_100_STATUTE,2070,20543.127734520884,2070,IDENTIFIED,0.9685316671278648,5,NOT_CARBON_NEUTRALITY_AND_NOT_CUMULATIVE_PAYBACK
IA,Iowa,PRIMARY_50_STATE,policy_central_v1,AEO_PATH,AEO_GRID_PATH,2070,24622.65555438115,2070,IDENTIFIED,0.9594212484778056,5,NOT_CARBON_NEUTRALITY_AND_NOT_CUMULATIVE_PAYBACK
ID,Idaho,PRIMARY_50_STATE,policy_central_v1,AEO_PATH,AEO_GRID_PATH,2070,22820.444980280055,2070,IDENTIFIED,0.9636260829611096,5,NOT_CARBON_NEUTRALITY_AND_NOT_CUMULATIVE_PAYBACK
IL,Illinois,PRIMARY_50_STATE,policy_central_v1,AEO_PATH,GRID_100_STATUTE,2070,20884.960032212515,2070,IDENTIFIED,0.9685316671278652,5,NOT_CARBON_NEUTRALITY_AND_NOT_CUMULATIVE_PAYBACK
IN,Indiana,PRIMARY_50_STATE,policy_central_v1,AEO_PATH,AEO_GRID_PATH,2069,29189.59765858434,2069,IDENTIFIED,0.9499209111804066,5,NOT_CARBON_NEUTRALITY_AND_NOT_CUMULATIVE_PAYBACK
KS,Kansas,PRIMARY_50_STATE,policy_central_v1,AEO_PATH,AEO_GRID_PATH,2070,25122.738951278436,2070,IDENTIFIED,0.9581719475036294,5,NOT_CARBON_NEUTRALITY_AND_NOT_CUMULATIVE_PAYBACK
KY,Kentucky,PRIMARY_50_STATE,policy_central_v1,AEO_PATH,AEO_GRID_PATH,2069,30780.5563273534,2069,IDENTIFIED,0.9474564607616952,5,NOT_CARBON_NEUTRALITY_AND_NOT_CUMULATIVE_PAYBACK
LA,Louisiana,PRIMARY_50_STATE,policy_central_v1,AEO_PATH,AEO_GRID_PATH,2070,25328.00845840254,2070,IDENTIFIED,0.957807554794986,5,NOT_CARBON_NEUTRALITY_AND_NOT_CUMULATIVE_PAYBACK
MA,Massachusetts,PRIMARY_50_STATE,policy_central_v1,ACC_PATH,GRID_100_STATUTE,2038,4130.843017633267,2057,IDENTIFIED,0.3758493891394263,5,NOT_CARBON_NEUTRALITY_AND_NOT_CUMULATIVE_PAYBACK
MD,Maryland,PRIMARY_50_STATE,policy_central_v1,ACC_DELAYED_PLUS2,TARGET_CES_RPS_AEO_TAIL,2062,12044.159122309797,2062,IDENTIFIED,0.6742671314391935,5,NOT_CARBON_NEUTRALITY_AND_NOT_CUMULATIVE_PAYBACK
ME,Maine,PRIMARY_50_STATE,policy_central_v1,AEO_PATH,GRID_100_STATUTE,2070,21025.84713244925,2070,IDENTIFIED,0.968531667127865,5,NOT_CARBON_NEUTRALITY_AND_NOT_CUMULATIVE_PAYBACK
MI,Michigan,PRIMARY_50_STATE,policy_central_v1,AEO_PATH,GRID_100_STATUTE,2070,20948.99210456407,2070,IDENTIFIED,0.9685316671278652,5,NOT_CARBON_NEUTRALITY_AND_NOT_CUMULATIVE_PAYBACK
MN,Minnesota,PRIMARY_50_STATE,policy_central_v1,AEO_PATH,GRID_100_STATUTE,2070,20982.715414324924,2070,IDENTIFIED,0.968531667127865,5,NOT_CARBON_NEUTRALITY_AND_NOT_CUMULATIVE_PAYBACK
MO,Missouri,PRIMARY_50_STATE,policy_central_v1,AEO_PATH,AEO_GRID_PATH,2069,29113.982448872088,2069,IDENTIFIED,0.9500418335292216,5,NOT_CARBON_NEUTRALITY_AND_NOT_CUMULATIVE_PAYBACK
MS,Mississippi,PRIMARY_50_STATE,policy_central_v1,AEO_PATH,AEO_GRID_PATH,2069,25751.168864293937,2069,IDENTIFIED,0.9571365995288188,5,NOT_CARBON_NEUTRALITY_AND_NOT_CUMULATIVE_PAYBACK
MT,Montana,PRIMARY_50_STATE,policy_central_v1,AEO_PATH,AEO_GRID_PATH,2069,26963.752061687777,2069,IDENTIFIED,0.9542284368250802,5,NOT_CARBON_NEUTRALITY_AND_NOT_CUMULATIVE_PAYBACK
NC,North Carolina,PRIMARY_50_STATE,policy_central_v1,AEO_PATH,GRID_100_STATUTE,2070,20948.651860806494,2070,IDENTIFIED,0.9685316671278648,5,NOT_CARBON_NEUTRALITY_AND_NOT_CUMULATIVE_PAYBACK
ND,North Dakota,PRIMARY_50_STATE,policy_central_v1,AEO_PATH,AEO_GRID_PATH,2069,28333.58140920685,2069,IDENTIFIED,0.9518701275741226,5,NOT_CARBON_NEUTRALITY_AND_NOT_CUMULATIVE_PAYBACK
NE,Nebraska,PRIMARY_50_STATE,policy_central_v1,AEO_PATH,GRID_100_STATUTE,2070,21100.095079062463,2070,IDENTIFIED,0.9685316671278648,5,NOT_CARBON_NEUTRALITY_AND_NOT_CUMULATIVE_PAYBACK
NH,New Hampshire,PRIMARY_50_STATE,policy_central_v1,AEO_PATH,AEO_GRID_PATH,2070,22502.601668473213,2070,IDENTIFIED,0.9641634881167854,5,NOT_CARBON_NEUTRALITY_AND_NOT_CUMULATIVE_PAYBACK
NJ,New Jersey,PRIMARY_50_STATE,policy_central_v1,ACC_DELAYED_PLUS2,TARGET_CES_RPS_AEO_TAIL,2062,10591.569100257446,2062,IDENTIFIED,0.6591982522413848,5,NOT_CARBON_NEUTRALITY_AND_NOT_CUMULATIVE_PAYBACK
NM,New Mexico,PRIMARY_50_STATE,policy_central_v1,ACC_DELAYED_PLUS2,GRID_100_STATUTE,2038,4692.82701318231,2057,IDENTIFIED,0.3640152254887159,5,NOT_CARBON_NEUTRALITY_AND_NOT_CUMULATIVE_PAYBACK
NV,Nevada,PRIMARY_50_STATE,policy_central_v1,AEO_PATH,GRID_100_STATUTE,2070,20534.18365121463,2070,IDENTIFIED,0.9685316671278648,5,NOT_CARBON_NEUTRALITY_AND_NOT_CUMULATIVE_PAYBACK
NY,New York,PRIMARY_50_STATE,policy_central_v1,ACC_PATH,GRID_100_STATUTE,2057,3654.445339548867,2057,IDENTIFIED,0.4256820605598288,5,NOT_CARBON_NEUTRALITY_AND_NOT_CUMULATIVE_PAYBACK
OH,Ohio,PRIMARY_50_STATE,policy_central_v1,AEO_PATH,AEO_GRID_PATH,2069,26961.64293280952,2069,IDENTIFIED,0.9540392474064752,5,NOT_CARBON_NEUTRALITY_AND_NOT_CUMULATIVE_PAYBACK
OK,Oklahoma,PRIMARY_50_STATE,policy_central_v1,AEO_PATH,AEO_GRID_PATH,2070,24688.311887007974,2070,IDENTIFIED,0.9591750642066704,5,NOT_CARBON_NEUTRALITY_AND_NOT_CUMULATIVE_PAYBACK
OR,Oregon,PRIMARY_50_STATE,policy_central_v1,ACC_PATH,GRID_100_STATUTE,2057,3628.277407419547,2057,IDENTIFIED,0.4256820605598295,5,NOT_CARBON_NEUTRALITY_AND_NOT_CUMULATIVE_PAYBACK
PA,Pennsylvania,PRIMARY_50_STATE,policy_central_v1,AEO_PATH,AEO_GRID_PATH,2070,24588.084122521286,2070,IDENTIFIED,0.9590775170627812,5,NOT_CARBON_NEUTRALITY_AND_NOT_CUMULATIVE_PAYBACK
RI,Rhode Island,PRIMARY_50_STATE,policy_central_v1,ACC_DELAYED_PLUS2,GRID_100_STATUTE,2057,4054.050909176918,2057,IDENTIFIED,0.41976163990846,5,NOT_CARBON_NEUTRALITY_AND_NOT_CUMULATIVE_PAYBACK
SC,South Carolina,PRIMARY_50_STATE,policy_central_v1,AEO_PATH,AEO_GRID_PATH,2070,24175.45339912978,2070,IDENTIFIED,0.9602962099458248,5,NOT_CARBON_NEUTRALITY_AND_NOT_CUMULATIVE_PAYBACK
SD,South Dakota,PRIMARY_50_STATE,policy_central_v1,AEO_PATH,AEO_GRID_PATH,2070,23008.614970044124,2070,IDENTIFIED,0.9633776108358294,5,NOT_CARBON_NEUTRALITY_AND_NOT_CUMULATIVE_PAYBACK
TN,Tennessee,PRIMARY_50_STATE,policy_central_v1,AEO_PATH,AEO_GRID_PATH,2070,24701.74083741019,2070,IDENTIFIED,0.9589973322390122,5,NOT_CARBON_NEUTRALITY_AND_NOT_CUMULATIVE_PAYBACK
TX,Texas,PRIMARY_50_STATE,policy_central_v1,AEO_PATH,AEO_GRID_PATH,2070,25202.91176684656,2070,IDENTIFIED,0.9574884175347164,5,NOT_CARBON_NEUTRALITY_AND_NOT_CUMULATIVE_PAYBACK
UT,Utah,PRIMARY_50_STATE,policy_central_v1,AEO_PATH,AEO_GRID_PATH,2069,28707.682236423963,2069,IDENTIFIED,0.9496752206981436,5,NOT_CARBON_NEUTRALITY_AND_NOT_CUMULATIVE_PAYBACK
VA,Virginia,PRIMARY_50_STATE,policy_central_v1,AEO_PATH,GRID_100_STATUTE,2070,20862.790786146692,2070,IDENTIFIED,0.9685316671278644,5,NOT_CARBON_NEUTRALITY_AND_NOT_CUMULATIVE_PAYBACK
VT,Vermont,PRIMARY_50_STATE,policy_central_v1,ACC_PATH,GRID_100_STATUTE,2057,3645.9258112409425,2057,IDENTIFIED,0.425682060559829,5,NOT_CARBON_NEUTRALITY_AND_NOT_CUMULATIVE_PAYBACK
WA,Washington,PRIMARY_50_STATE,policy_central_v1,ACC_PATH,GRID_100_STATUTE,2057,3595.086989678076,2057,IDENTIFIED,0.4256820605598291,5,NOT_CARBON_NEUTRALITY_AND_NOT_CUMULATIVE_PAYBACK
WI,Wisconsin,PRIMARY_50_STATE,policy_central_v1,AEO_PATH,AEO_GRID_PATH,2069,27510.50665162279,2069,IDENTIFIED,0.9530508506974064,5,NOT_CARBON_NEUTRALITY_AND_NOT_CUMULATIVE_PAYBACK
WV,West Virginia,PRIMARY_50_STATE,policy_central_v1,AEO_PATH,AEO_GRID_PATH,2069,32032.30062123678,2069,IDENTIFIED,0.9456964576526324,5,NOT_CARBON_NEUTRALITY_AND_NOT_CUMULATIVE_PAYBACK
WY,Wyoming,PRIMARY_50_STATE,policy_central_v1,AEO_PATH,AEO_GRID_PATH,2069,31293.338758459788,2069,IDENTIFIED,0.946845442923034,5,NOT_CARBON_NEUTRALITY_AND_NOT_CUMULATIVE_PAYBACK
