state,state_name,scope_role,scenario_bundle,weather_branch,weather_workload_multiplier,elec_bridge_class,grid_bridge_class,peak_year,peak_direct_co2_metric_tonnes,sustained_nonincrease_onset_year,turning_status,ratio_2075_over_peak,minimum_subsequent_modeled_years,forbidden_interpretation
AK,Alaska,PRIMARY_50_STATE,policy_central_weather_variant_v1,moderate,1.07971325,AEO_PATH,AEO_GRID_PATH,2069,27597.297959827727,2069,IDENTIFIED,0.9572391126547302,5,NOT_CARBON_NEUTRALITY_AND_NOT_CUMULATIVE_PAYBACK
AL,Alabama,PRIMARY_50_STATE,policy_central_weather_variant_v1,moderate,1.0409058,AEO_PATH,AEO_GRID_PATH,2070,26084.86634934243,2070,IDENTIFIED,0.9584515839974818,5,NOT_CARBON_NEUTRALITY_AND_NOT_CUMULATIVE_PAYBACK
AR,Arkansas,PRIMARY_50_STATE,policy_central_weather_variant_v1,moderate,1.0340818,AEO_PATH,AEO_GRID_PATH,2069,27551.79212423048,2069,IDENTIFIED,0.9550606608518626,5,NOT_CARBON_NEUTRALITY_AND_NOT_CUMULATIVE_PAYBACK
AZ,Arizona,PRIMARY_50_STATE,policy_central_weather_variant_v1,moderate,1.01635375,AEO_PATH,AEO_GRID_PATH,2070,25017.34775017524,2070,IDENTIFIED,0.9583147013205672,5,NOT_CARBON_NEUTRALITY_AND_NOT_CUMULATIVE_PAYBACK
CA,California,PRIMARY_50_STATE,policy_central_weather_variant_v1,moderate,1.0348575000000002,ACC_PATH,GRID_100_STATUTE,2057,3666.205160011474,2057,IDENTIFIED,0.4257085541186257,5,NOT_CARBON_NEUTRALITY_AND_NOT_CUMULATIVE_PAYBACK
CO,Colorado,PRIMARY_50_STATE,policy_central_weather_variant_v1,moderate,1.0414877000000002,ACC_DELAYED_PLUS2,TARGET_CES_RPS_AEO_TAIL,2060,6374.50276109916,2060,IDENTIFIED,0.5610283804069595,5,NOT_CARBON_NEUTRALITY_AND_NOT_CUMULATIVE_PAYBACK
CT,Connecticut,PRIMARY_50_STATE,policy_central_weather_variant_v1,moderate,1.05188855,AEO_PATH,GRID_100_STATUTE,2070,21950.25984579544,2070,IDENTIFIED,0.9685548214717414,5,NOT_CARBON_NEUTRALITY_AND_NOT_CUMULATIVE_PAYBACK
DC,District of Columbia,SUPPLEMENTAL_DC,policy_central_weather_variant_v1,moderate,1.0529085,ACC_DELAYED_PLUS2,GRID_100_STATUTE,2057,4136.437419624318,2057,IDENTIFIED,0.4198006193837499,5,NOT_CARBON_NEUTRALITY_AND_NOT_CUMULATIVE_PAYBACK
DE,Delaware,PRIMARY_50_STATE,policy_central_weather_variant_v1,moderate,1.0411441,ACC_DELAYED_PLUS2,TARGET_CES_RPS_AEO_TAIL,2062,11398.088060629676,2062,IDENTIFIED,0.662409700657879,5,NOT_CARBON_NEUTRALITY_AND_NOT_CUMULATIVE_PAYBACK
FL,Florida,PRIMARY_50_STATE,policy_central_weather_variant_v1,moderate,1.03725845,AEO_PATH,AEO_GRID_PATH,2069,26066.465688517987,2069,IDENTIFIED,0.9569701487012352,5,NOT_CARBON_NEUTRALITY_AND_NOT_CUMULATIVE_PAYBACK
GA,Georgia,PRIMARY_50_STATE,policy_central_weather_variant_v1,moderate,1.0423971,AEO_PATH,AEO_GRID_PATH,2070,25910.21500521212,2070,IDENTIFIED,0.9581187780350938,5,NOT_CARBON_NEUTRALITY_AND_NOT_CUMULATIVE_PAYBACK
HI,Hawaii,PRIMARY_50_STATE,policy_central_weather_variant_v1,moderate,1.04017755,AEO_PATH,GRID_100_STATUTE,2070,21362.84101237462,2070,IDENTIFIED,0.9685497961660712,5,NOT_CARBON_NEUTRALITY_AND_NOT_CUMULATIVE_PAYBACK
IA,Iowa,PRIMARY_50_STATE,policy_central_weather_variant_v1,moderate,1.0497978,AEO_PATH,AEO_GRID_PATH,2070,25840.042335251354,2070,IDENTIFIED,0.959445644033048,5,NOT_CARBON_NEUTRALITY_AND_NOT_CUMULATIVE_PAYBACK
ID,Idaho,PRIMARY_50_STATE,policy_central_weather_variant_v1,moderate,1.0345380999999998,AEO_PATH,AEO_GRID_PATH,2070,23603.091440477227,2070,IDENTIFIED,0.9636425776234266,5,NOT_CARBON_NEUTRALITY_AND_NOT_CUMULATIVE_PAYBACK
IL,Illinois,PRIMARY_50_STATE,policy_central_weather_variant_v1,moderate,1.05241685,AEO_PATH,GRID_100_STATUTE,2070,21972.17774693703,2070,IDENTIFIED,0.9685550455512274,5,NOT_CARBON_NEUTRALITY_AND_NOT_CUMULATIVE_PAYBACK
IN,Indiana,PRIMARY_50_STATE,policy_central_weather_variant_v1,moderate,1.0552697,AEO_PATH,AEO_GRID_PATH,2069,30790.72031882001,2069,IDENTIFIED,0.9499556975808912,5,NOT_CARBON_NEUTRALITY_AND_NOT_CUMULATIVE_PAYBACK
KS,Kansas,PRIMARY_50_STATE,policy_central_weather_variant_v1,moderate,1.0396961500000002,AEO_PATH,AEO_GRID_PATH,2070,26112.845413155897,2070,IDENTIFIED,0.9581917924389888,5,NOT_CARBON_NEUTRALITY_AND_NOT_CUMULATIVE_PAYBACK
KY,Kentucky,PRIMARY_50_STATE,policy_central_weather_variant_v1,moderate,1.0474118,AEO_PATH,AEO_GRID_PATH,2069,32228.790684358417,2069,IDENTIFIED,0.9474870216327856,5,NOT_CARBON_NEUTRALITY_AND_NOT_CUMULATIVE_PAYBACK
LA,Louisiana,PRIMARY_50_STATE,policy_central_weather_variant_v1,moderate,1.0353773999999998,AEO_PATH,AEO_GRID_PATH,2070,26217.594721003225,2070,IDENTIFIED,0.957825374050336,5,NOT_CARBON_NEUTRALITY_AND_NOT_CUMULATIVE_PAYBACK
MA,Massachusetts,PRIMARY_50_STATE,policy_central_weather_variant_v1,moderate,1.05819945,ACC_PATH,GRID_100_STATUTE,2038,4369.118645877117,2057,IDENTIFIED,0.3759014524968561,5,NOT_CARBON_NEUTRALITY_AND_NOT_CUMULATIVE_PAYBACK
MD,Maryland,PRIMARY_50_STATE,policy_central_weather_variant_v1,moderate,1.04303965,ACC_DELAYED_PLUS2,TARGET_CES_RPS_AEO_TAIL,2062,12557.971426015072,2062,IDENTIFIED,0.6743060857581817,5,NOT_CARBON_NEUTRALITY_AND_NOT_CUMULATIVE_PAYBACK
ME,Maine,PRIMARY_50_STATE,policy_central_weather_variant_v1,moderate,1.0599389,AEO_PATH,GRID_100_STATUTE,2070,22277.472118141224,2070,IDENTIFIED,0.9685582119682408,5,NOT_CARBON_NEUTRALITY_AND_NOT_CUMULATIVE_PAYBACK
MI,Michigan,PRIMARY_50_STATE,policy_central_weather_variant_v1,moderate,1.06247335,AEO_PATH,GRID_100_STATUTE,2070,22248.772196760183,2070,IDENTIFIED,0.9685592688153436,5,NOT_CARBON_NEUTRALITY_AND_NOT_CUMULATIVE_PAYBACK
MN,Minnesota,PRIMARY_50_STATE,policy_central_weather_variant_v1,moderate,1.05345915,AEO_PATH,GRID_100_STATUTE,2070,22096.74235284308,2070,IDENTIFIED,0.968555486990001,5,NOT_CARBON_NEUTRALITY_AND_NOT_CUMULATIVE_PAYBACK
MO,Missouri,PRIMARY_50_STATE,policy_central_weather_variant_v1,moderate,1.0438663,AEO_PATH,AEO_GRID_PATH,2069,30381.469881781504,2069,IDENTIFIED,0.9500697188171656,5,NOT_CARBON_NEUTRALITY_AND_NOT_CUMULATIVE_PAYBACK
MS,Mississippi,PRIMARY_50_STATE,policy_central_weather_variant_v1,moderate,1.0309282,AEO_PATH,AEO_GRID_PATH,2069,26541.76285964756,2069,IDENTIFIED,0.9571555615643876,5,NOT_CARBON_NEUTRALITY_AND_NOT_CUMULATIVE_PAYBACK
MT,Montana,PRIMARY_50_STATE,policy_central_weather_variant_v1,moderate,1.0438171,AEO_PATH,AEO_GRID_PATH,2069,28136.458032412986,2069,IDENTIFIED,0.9542555186600644,5,NOT_CARBON_NEUTRALITY_AND_NOT_CUMULATIVE_PAYBACK
NC,North Carolina,PRIMARY_50_STATE,policy_central_weather_variant_v1,moderate,1.0423589,AEO_PATH,GRID_100_STATUTE,2070,21829.929409282344,2070,IDENTIFIED,0.9685507407062056,5,NOT_CARBON_NEUTRALITY_AND_NOT_CUMULATIVE_PAYBACK
ND,North Dakota,PRIMARY_50_STATE,policy_central_weather_variant_v1,moderate,1.0471919,AEO_PATH,AEO_GRID_PATH,2069,29660.674593075822,2069,IDENTIFIED,0.9518997176853398,5,NOT_CARBON_NEUTRALITY_AND_NOT_CUMULATIVE_PAYBACK
NE,Nebraska,PRIMARY_50_STATE,policy_central_weather_variant_v1,moderate,1.0446169,AEO_PATH,GRID_100_STATUTE,2070,22035.06094859413,2070,IDENTIFIED,0.9685517143085204,5,NOT_CARBON_NEUTRALITY_AND_NOT_CUMULATIVE_PAYBACK
NH,New Hampshire,PRIMARY_50_STATE,policy_central_weather_variant_v1,moderate,1.0588976,AEO_PATH,AEO_GRID_PATH,2070,23818.679120948993,2070,IDENTIFIED,0.9641908160586996,5,NOT_CARBON_NEUTRALITY_AND_NOT_CUMULATIVE_PAYBACK
NJ,New Jersey,PRIMARY_50_STATE,policy_central_weather_variant_v1,moderate,1.0472353500000002,ACC_DELAYED_PLUS2,TARGET_CES_RPS_AEO_TAIL,2062,11087.496096879404,2062,IDENTIFIED,0.6592390496885474,5,NOT_CARBON_NEUTRALITY_AND_NOT_CUMULATIVE_PAYBACK
NM,New Mexico,PRIMARY_50_STATE,policy_central_weather_variant_v1,moderate,1.0308577,ACC_DELAYED_PLUS2,GRID_100_STATUTE,2038,4836.378762431995,2057,IDENTIFIED,0.3640404659389383,5,NOT_CARBON_NEUTRALITY_AND_NOT_CUMULATIVE_PAYBACK
NV,Nevada,PRIMARY_50_STATE,policy_central_weather_variant_v1,moderate,1.0272692,AEO_PATH,GRID_100_STATUTE,2070,21090.295043821465,2070,IDENTIFIED,0.9685441252028206,5,NOT_CARBON_NEUTRALITY_AND_NOT_CUMULATIVE_PAYBACK
NY,New York,PRIMARY_50_STATE,policy_central_weather_variant_v1,moderate,1.06123935,ACC_PATH,GRID_100_STATUTE,2057,3876.4017367334113,2057,IDENTIFIED,0.4257274576090332,5,NOT_CARBON_NEUTRALITY_AND_NOT_CUMULATIVE_PAYBACK
OH,Ohio,PRIMARY_50_STATE,policy_central_weather_variant_v1,moderate,1.05438155,AEO_PATH,AEO_GRID_PATH,2069,28416.97342991748,2069,IDENTIFIED,0.9540725471099494,5,NOT_CARBON_NEUTRALITY_AND_NOT_CUMULATIVE_PAYBACK
OK,Oklahoma,PRIMARY_50_STATE,policy_central_weather_variant_v1,moderate,1.03846085,AEO_PATH,AEO_GRID_PATH,2070,25631.04918671503,2070,IDENTIFIED,0.95919414733867,5,NOT_CARBON_NEUTRALITY_AND_NOT_CUMULATIVE_PAYBACK
OR,Oregon,PRIMARY_50_STATE,policy_central_weather_variant_v1,moderate,1.05006675,ACC_PATH,GRID_100_STATUTE,2057,3808.44036771379,2057,IDENTIFIED,0.4257195671071556,5,NOT_CARBON_NEUTRALITY_AND_NOT_CUMULATIVE_PAYBACK
PA,Pennsylvania,PRIMARY_50_STATE,policy_central_weather_variant_v1,moderate,1.05363925,AEO_PATH,AEO_GRID_PATH,2070,25897.530023923184,2070,IDENTIFIED,0.9591037513273626,5,NOT_CARBON_NEUTRALITY_AND_NOT_CUMULATIVE_PAYBACK
RI,Rhode Island,PRIMARY_50_STATE,policy_central_weather_variant_v1,moderate,1.05048545,ACC_DELAYED_PLUS2,GRID_100_STATUTE,2057,4257.039231242707,2057,IDENTIFIED,0.419798919362065,5,NOT_CARBON_NEUTRALITY_AND_NOT_CUMULATIVE_PAYBACK
SC,South Carolina,PRIMARY_50_STATE,policy_central_weather_variant_v1,moderate,1.03530495,AEO_PATH,AEO_GRID_PATH,2070,25022.88868582788,2070,IDENTIFIED,0.9603136010157136,5,NOT_CARBON_NEUTRALITY_AND_NOT_CUMULATIVE_PAYBACK
SD,South Dakota,PRIMARY_50_STATE,policy_central_weather_variant_v1,moderate,1.0474063,AEO_PATH,AEO_GRID_PATH,2070,24091.707727496505,2070,IDENTIFIED,0.9634000380155904,5,NOT_CARBON_NEUTRALITY_AND_NOT_CUMULATIVE_PAYBACK
TN,Tennessee,PRIMARY_50_STATE,policy_central_weather_variant_v1,moderate,1.04382515,AEO_PATH,AEO_GRID_PATH,2070,25776.545191364763,2070,IDENTIFIED,0.9590189918516902,5,NOT_CARBON_NEUTRALITY_AND_NOT_CUMULATIVE_PAYBACK
TX,Texas,PRIMARY_50_STATE,policy_central_weather_variant_v1,moderate,1.04296855,AEO_PATH,AEO_GRID_PATH,2070,26278.04034270662,2070,IDENTIFIED,0.9575099262697848,5,NOT_CARBON_NEUTRALITY_AND_NOT_CUMULATIVE_PAYBACK
UT,Utah,PRIMARY_50_STATE,policy_central_weather_variant_v1,moderate,1.03477785,AEO_PATH,AEO_GRID_PATH,2069,29698.545858208552,2069,IDENTIFIED,0.9496974788588932,5,NOT_CARBON_NEUTRALITY_AND_NOT_CUMULATIVE_PAYBACK
VA,Virginia,PRIMARY_50_STATE,policy_central_weather_variant_v1,moderate,1.0497253,AEO_PATH,GRID_100_STATUTE,2070,21893.086203285096,2070,IDENTIFIED,0.9685539015877256,5,NOT_CARBON_NEUTRALITY_AND_NOT_CUMULATIVE_PAYBACK
VT,Vermont,PRIMARY_50_STATE,policy_central_weather_variant_v1,moderate,1.0620614000000002,ACC_PATH,GRID_100_STATUTE,2057,3870.337265120434,2057,IDENTIFIED,0.425728031665088,5,NOT_CARBON_NEUTRALITY_AND_NOT_CUMULATIVE_PAYBACK
WA,Washington,PRIMARY_50_STATE,policy_central_weather_variant_v1,moderate,1.04828915,ACC_PATH,GRID_100_STATUTE,2057,3767.2637723090793,2057,IDENTIFIED,0.425718296313313,5,NOT_CARBON_NEUTRALITY_AND_NOT_CUMULATIVE_PAYBACK
WI,Wisconsin,PRIMARY_50_STATE,policy_central_weather_variant_v1,moderate,1.0523929,AEO_PATH,AEO_GRID_PATH,2069,28941.116559205533,2069,IDENTIFIED,0.9530832288788575,5,NOT_CARBON_NEUTRALITY_AND_NOT_CUMULATIVE_PAYBACK
WV,West Virginia,PRIMARY_50_STATE,policy_central_weather_variant_v1,moderate,1.0497592,AEO_PATH,AEO_GRID_PATH,2069,33613.961403257155,2069,IDENTIFIED,0.9457288261919834,5,NOT_CARBON_NEUTRALITY_AND_NOT_CUMULATIVE_PAYBACK
WY,Wyoming,PRIMARY_50_STATE,policy_central_weather_variant_v1,moderate,1.04531405,AEO_PATH,AEO_GRID_PATH,2069,32700.524298486165,2069,IDENTIFIED,0.9468748445488704,5,NOT_CARBON_NEUTRALITY_AND_NOT_CUMULATIVE_PAYBACK
