state,weather_workload_multiplier,onset_central,onset_weather_variant,onset_delta_years,co2_level_delta_2050_pct,co2_level_delta_2075_pct
AK,1.07971325,2069,2069,0,7.894353433374479,7.918135897826195
AL,1.0409058,2070,2070,0,4.051351493661293,4.063414966658563
AR,1.0340818,2069,2069,0,3.3748884317103656,3.385254640454516
AZ,1.01635375,2070,2070,0,1.6197083531883871,1.6245218967722463
CA,1.0348575000000002,2057,2057,0,3.4543478616432255,3.463538298498059
CO,1.0414877000000002,2060,2060,0,4.108808634702821,4.119561022489093
CT,1.05188855,2070,2070,0,5.142110069174999,5.155790867920262
DC,1.0529085,2057,2057,0,5.2431862249946,5.257135941076729
DE,1.0411441,2062,2062,0,4.072440394382082,4.084083338517042
FL,1.03725845,2069,2069,0,3.6898987531474248,3.7009969507880047
GA,1.0423971,2070,2070,0,4.199023984793837,4.21154030659916
HI,1.04017755,2070,2070,0,3.981560178686472,3.9921532859447777
IA,1.0497978,2070,2070,0,4.932301716881615,4.946841831882076
ID,1.0345380999999998,2070,2070,0,3.4217140735191887,3.4313550052044173
IL,1.05241685,2070,2070,0,5.194464138609289,5.208284227544335
IN,1.0552697,2069,2069,0,5.471605415909631,5.489113775298438
KS,1.0396961500000002,2070,2070,0,3.93149744851502,3.9432296509384734
KY,1.0474118,2069,2069,0,4.69309020045976,4.70840716388079
LA,1.0353773999999998,2070,2070,0,3.503692822839466,3.5141887360300883
MA,1.05819945,2057,2057,0,5.767514757406977,5.782859471462931
MD,1.04303965,2062,2062,0,4.259731405257194,4.272094116350433
ME,1.0599389,2070,2070,0,5.939892735974972,5.955696068847227
MI,1.06247335,2070,2070,0,6.191054521471395,6.207526080770931
MN,1.05345915,2070,2070,0,5.297755159944484,5.311850058958623
MO,1.0438663,2069,2069,0,4.342715807943653,4.356598006368273
MS,1.0309282,2069,2069,0,3.0629286478628837,3.0721705255371656
MT,1.0438171,2069,2069,0,4.338744744236078,4.352155832208648
NC,1.0423589,2070,2070,0,4.197730062011296,4.2088982982786405
ND,1.0471919,2069,2069,0,4.672326361774126,4.6870715178334965
NE,1.0446169,2070,2070,0,4.421495893513572,4.433259468127582
NH,1.0588976,2070,2070,0,5.835221023737436,5.851556992865126
NJ,1.0472353500000002,2062,2062,0,4.675445000813827,4.688759441204504
NM,1.0308577,2057,2057,0,3.0579711686216537,3.066107028718723
NV,1.0272692,2070,2070,0,2.7023539470335756,2.709543672650172
NY,1.06123935,2057,2057,0,6.068766197258024,6.08491240336011
OH,1.05438155,2069,2069,0,5.384800875675078,5.4014600086609965
OK,1.03846085,2070,2070,0,3.8093676398537335,3.8206226612114143
OR,1.05006675,2057,2057,0,4.961571277398713,4.974771745143092
PA,1.05363925,2070,2070,0,5.312712994824609,5.328411464186122
RI,1.05048545,2057,2057,0,5.0030640823810035,5.016374943467161
SC,1.03530495,2070,2070,0,3.4970163855762237,3.5072287578792105
SD,1.0474063,2070,2070,0,4.696498933450521,4.7097733068320435
TN,1.04382515,2070,2070,0,4.34064218353154,4.353484808986874
TX,1.04296855,2070,2070,0,4.255467467915541,4.268232527634663
UT,1.03477785,2069,2069,0,3.4430008249445754,3.4539872564703256
VA,1.0497253,2070,2070,0,4.927733880070773,4.940844322005411
VT,1.0620614000000002,2057,2057,0,6.150230635604514,6.166593581249558
WA,1.04828915,2057,2057,0,4.785412667089384,4.798144457488851
WI,1.0523929,2069,2069,0,5.187616808030104,5.2038050330345476
WV,1.0497592,2069,2069,0,4.925000573523697,4.941297574685799
WY,1.04531405,2069,2069,0,4.485282971547178,4.500002297077388
