state,state_name,elec_class,elec_anchor_shift_years,acc_ii_screening_status,s0_afdc_bev_share_2025,grid_class,s0g_initial_low_carbon_share,egrid_fossil_generation_share,egrid_total_output_co2_kg_per_kwh,fossil_factor_kg_per_kwh,fossil_factor_guard,rps_status,ces_status,rps_target_2050_raw,ces_target_2050_raw,rps_target_2050_capped,ces_target_2050_capped,statute_year,target_used,target_cap_applied,elec_anchors,grid_anchors
AK,Alaska,AEO_PATH,0,NOT_IN_EPA_2024_ACCII_ADOPTER_LIST,0.0071665792693585,AEO_GRID_PATH,0.2870566697361134,0.7129433302638866,0.367319101226,0.5152302740624807,OK,NONE_TRACKED_BY_LBNL_2026,NONE_TRACKED_BY_LBNL_2026,0.0,0.0,0.0,0.0,,,False,"{""2024"": 0.0071665792693585036, ""2025"": 0.09837272938296159, ""2032"": 0.5291502031222133, ""2050"": 0.5291502031222133, ""2075"": 0.7495479803841559}","{""2024"": 0.2870566697, ""2045"": 0.6042381212, ""2075"": 0.8587339667}"
AL,Alabama,AEO_PATH,0,NOT_IN_EPA_2024_ACCII_ADOPTER_LIST,0.0049294921006909,AEO_GRID_PATH,0.4212243215219031,0.5787756784780969,0.32250417507,0.5572085074645455,OK,NONE_TRACKED_BY_LBNL_2026,NONE_TRACKED_BY_LBNL_2026,0.0,0.0,0.0,0.0,,,False,"{""2024"": 0.004929492100690937, ""2025"": 0.09634115111826762, ""2032"": 0.5280892678062065, ""2050"": 0.5280892678062065, ""2075"": 0.7489836530884076}","{""2024"": 0.4212243215, ""2045"": 0.6787159088, ""2075"": 0.885318593}"
AR,Arkansas,AEO_PATH,0,NOT_IN_EPA_2024_ACCII_ADOPTER_LIST,0.0044271676924738,AEO_GRID_PATH,0.3135072692499098,0.6864927307500902,0.450598660358,0.6563864945320848,OK,NONE_TRACKED_BY_LBNL_2026,NONE_TRACKED_BY_LBNL_2026,0.0,0.0,0.0,0.0,,,False,"{""2024"": 0.004427167692473815, ""2025"": 0.09588497249284238, ""2032"": 0.5278510411907066, ""2050"": 0.5278510411907066, ""2075"": 0.7488569368035672}","{""2024"": 0.3135072692, ""2045"": 0.61892111, ""2075"": 0.8639750162}"
AZ,Arizona,AEO_PATH,0,NOT_IN_EPA_2024_ACCII_ADOPTER_LIST,0.0212526790665607,AEO_GRID_PATH,0.4194502291355396,0.5805497708644604,0.311481880479,0.5365197834920509,OK,REPEALED_OR_EXPIRED_BY_2026,NONE_TRACKED_BY_LBNL_2026,0.0,0.0,0.0,0.0,,,False,"{""2024"": 0.021252679066560753, ""2025"": 0.11116481660384124, ""2032"": 0.5358305153375615, ""2050"": 0.5358305153375615, ""2075"": 0.7531013379455114}","{""2024"": 0.4194502291, ""2045"": 0.6777310926, ""2075"": 0.8849670657}"
CA,California,ACC_PATH,0,ADOPTED_FULL,0.0481793229643183,GRID_100_STATUTE,0.5563310069790628,0.4436689930209372,0.178488597595,0.4023012660399658,OK,ACTIVE_FUTURE_TARGET_TRACKED,ACTIVE_FUTURE_TARGET_TRACKED,0.6,1.0,0.6,1.0,2045.0,1.0,False,"{""2024"": 0.04817932296431839, ""2025"": 0.264, ""2030"": 0.58, ""2035"": 0.8, ""2050"": 0.9, ""2075"": 1.0}","{""2024"": 0.556331007, ""2035"": 0.9, ""2040"": 0.95, ""2045"": 1.0, ""2075"": 1.0}"
CO,Colorado,ACC_DELAYED_PLUS2,2,ADOPTED_PARTIAL_MY2027_2032,0.0291589052872904,TARGET_CES_RPS_AEO_TAIL,0.3736650743847065,0.6263349256152935,0.49214772145,0.7857732768235602,OK,ACTIVE_FUTURE_TARGET_TRACKED,ACTIVE_FUTURE_TARGET_TRACKED,0.2388037366948829,0.9190031104381295,0.2388037366948829,0.9190031104381295,,0.9190031104381295,False,"{""2024"": 0.029158905287290444, ""2027"": 0.2492923688799337, ""2032"": 0.5716070583282231, ""2037"": 0.7960033611086776, ""2052"": 0.8980016805543388, ""2075"": 1.0}","{""2024"": 0.3736650744, ""2050"": 0.9190031104, ""2075"": 0.9710883996}"
CT,Connecticut,AEO_PATH,0,NOT_IN_EPA_2024_ACCII_ADOPTER_LIST,0.0164931729079356,GRID_100_STATUTE,0.372785841432791,0.627214158567209,0.244168772771,0.3892663252184187,OK,ACTIVE_FUTURE_TARGET_TRACKED,ACTIVE_FUTURE_TARGET_TRACKED,0.3299999999999999,1.0,0.3299999999999999,1.0,2040.0,1.0,False,"{""2024"": 0.01649317290793565, ""2025"": 0.10684254011950603, ""2032"": 0.5335733265068532, ""2050"": 0.5335733265068532, ""2075"": 0.7519007055887517}","{""2024"": 0.3727858414, ""2040"": 1.0}"
DC,District of Columbia,ACC_DELAYED_PLUS2,2,NOT_IN_EPA_2024_ACCII_ADOPTER_LIST,0.0423228346456692,GRID_100_STATUTE,0.4806329190498193,0.5193670809501807,0.178760753017,0.3441887366014582,OK,ACTIVE_FUTURE_TARGET_TRACKED,NONE_TRACKED_BY_LBNL_2026,1.0,0.0,1.0,0.0,2032.0,1.0,False,"{""2024"": 0.04232283464566929, ""2027"": 0.25947144172581976, ""2032"": 0.5774157683761472, ""2037"": 0.7987694135124511, ""2052"": 0.8993847067562255, ""2075"": 1.0}","{""2024"": 0.480632919, ""2032"": 1.0}"
DE,Delaware,ACC_DELAYED_PLUS2,2,ADOPTED_PARTIAL_MY2027_2032,0.0170612070804009,TARGET_CES_RPS_AEO_TAIL,0.0472991347654175,0.9527008652345824,0.318966154584,0.334799142804643,OK,ACTIVE_FUTURE_TARGET_TRACKED,NONE_TRACKED_BY_LBNL_2026,0.4,0.0,0.4,0.0,,0.4,False,"{""2024"": 0.017061207080400938, ""2027"": 0.23993776449373702, ""2032"": 0.5662688329991434, ""2037"": 0.7934613490472112, ""2052"": 0.8967306745236056, ""2075"": 1.0}","{""2024"": 0.0472991348, ""2050"": 0.4, ""2075"": 0.7858317729}"
FL,Florida,AEO_PATH,0,NOT_IN_EPA_2024_ACCII_ADOPTER_LIST,0.0234772863509604,AEO_GRID_PATH,0.1868896107992248,0.8131103892007752,0.356795758242,0.4388286936652879,OK,NONE_TRACKED_BY_LBNL_2026,NONE_TRACKED_BY_LBNL_2026,0.0,0.0,0.0,0.0,,,False,"{""2024"": 0.02347728635096041, ""2025"": 0.11318506144265014, ""2032"": 0.5368855320867173, ""2050"": 0.5368855320867173, ""2075"": 0.7536625170674027}","{""2024"": 0.1868896108, ""2045"": 0.5486343982, ""2075"": 0.8388863821}"
GA,Georgia,AEO_PATH,0,NOT_IN_EPA_2024_ACCII_ADOPTER_LIST,0.0163485527676923,AEO_GRID_PATH,0.4030374501918622,0.5969625498081378,0.323774233706,0.5423929778736283,OK,NONE_TRACKED_BY_LBNL_2026,NONE_TRACKED_BY_LBNL_2026,0.0,0.0,0.0,0.0,,,False,"{""2024"": 0.01634855276769234, ""2025"": 0.10671120543676756, ""2032"": 0.5335047406169786, ""2050"": 0.5335047406169786, ""2075"": 0.7518642237324353}","{""2024"": 0.4030374502, ""2045"": 0.6686201971, ""2075"": 0.8817149585}"
HI,Hawaii,AEO_PATH,0,NOT_IN_EPA_2024_ACCII_ADOPTER_LIST,0.0321075740944017,GRID_100_STATUTE,0.1988713141107796,0.8011286858892204,0.6282707916870001,0.7842496019888481,OK,ACTIVE_FUTURE_TARGET_TRACKED,NONE_TRACKED_BY_LBNL_2026,1.0,0.0,1.0,0.0,2045.0,1.0,False,"{""2024"": 0.03210757409440176, ""2025"": 0.12102253208000269, ""2032"": 0.540978433419557, ""2050"": 0.540978433419557, ""2075"": 0.7558395922444452}","{""2024"": 0.1988713141, ""2045"": 1.0}"
IA,Iowa,AEO_PATH,0,NOT_IN_EPA_2024_ACCII_ADOPTER_LIST,0.004705369106603,AEO_GRID_PATH,0.6174692834000945,0.3825307165999054,0.285853911574,0.747255063368317,OK,ACTIVE_FUTURE_TARGET_TRACKED,NONE_TRACKED_BY_LBNL_2026,0.0048592712868104,0.0,0.0048592712868104,0.0,,,False,"{""2024"": 0.004705369106603097, ""2025"": 0.09613761707194872, ""2032"": 0.5279829778042399, ""2050"": 0.5279829778042399, ""2075"": 0.7489271158533191}","{""2024"": 0.6174692834, ""2045"": 0.7876534239, ""2075"": 0.9242035171}"
ID,Idaho,AEO_PATH,0,NOT_IN_EPA_2024_ACCII_ADOPTER_LIST,0.0068330506421129,AEO_GRID_PATH,0.6813022253743708,0.3186977746256292,0.142110489521,0.4458985035241345,OK,NONE_TRACKED_BY_LBNL_2026,NONE_TRACKED_BY_LBNL_2026,0.0,0.0,0.0,0.0,,,False,"{""2024"": 0.006833050642112915, ""2025"": 0.09806984019774984, ""2032"": 0.5289920276588249, ""2050"": 0.5289920276588249, ""2075"": 0.7494638444993749}","{""2024"": 0.6813022254, ""2045"": 0.82308772, ""2075"": 0.9368516844}"
IL,Illinois,AEO_PATH,0,NOT_IN_EPA_2024_ACCII_ADOPTER_LIST,0.0160020960902095,GRID_100_STATUTE,0.6857405324913772,0.3142594675086227,0.213959520929,0.6808443691039453,OK,ACTIVE_FUTURE_TARGET_TRACKED,ACTIVE_FUTURE_TARGET_TRACKED,0.5,1.0,0.5,1.0,2050.0,1.0,False,"{""2024"": 0.01600209609020951, ""2025"": 0.10639657583024603, ""2032"": 0.533340434044684, ""2050"": 0.533340434044684, ""2075"": 0.7517768266195127}","{""2024"": 0.6857405325, ""2050"": 1.0}"
IN,Indiana,AEO_PATH,0,NOT_IN_EPA_2024_ACCII_ADOPTER_LIST,0.0074131080083554,AEO_GRID_PATH,0.1319836845901274,0.8680163154098726,0.660974801564,0.7614721680988146,OK,NONE_TRACKED_BY_LBNL_2026,NONE_TRACKED_BY_LBNL_2026,0.0,0.0,0.0,0.0,,,False,"{""2024"": 0.0074131080083554525, ""2025"": 0.09859661088153857, ""2032"": 0.5292671190159146, ""2050"": 0.5292671190159146, ""2075"": 0.7496101696893163}","{""2024"": 0.1319836846, ""2045"": 0.5181555767, ""2075"": 0.8280070568}"
KS,Kansas,AEO_PATH,0,NOT_IN_EPA_2024_ACCII_ADOPTER_LIST,0.006990392882509,AEO_GRID_PATH,0.645571795618261,0.354428204381739,0.330305963834,0.9318892121335284,OK,REPEALED_OR_EXPIRED_BY_2026,NONE_TRACKED_BY_LBNL_2026,0.0,0.0,0.0,0.0,,,False,"{""2024"": 0.006990392882509065, ""2025"": 0.09821272827121615, ""2032"": 0.5290666469860795, ""2050"": 0.5290666469860795, ""2075"": 0.7495035356308933}","{""2024"": 0.6455717956, ""2045"": 0.8032534058, ""2075"": 0.9297718846}"
KY,Kentucky,AEO_PATH,0,NOT_IN_EPA_2024_ACCII_ADOPTER_LIST,0.0050883704923674,AEO_GRID_PATH,0.0725303652185638,0.9274696347814362,0.78698276195,0.8485311160260123,OK,NONE_TRACKED_BY_LBNL_2026,NONE_TRACKED_BY_LBNL_2026,0.0,0.0,0.0,0.0,,,False,"{""2024"": 0.005088370492367445, ""2025"": 0.09648543422523827, ""2032"": 0.5281646156509577, ""2050"": 0.5281646156509577, ""2075"": 0.7490237317292328}","{""2024"": 0.0725303652, ""2045"": 0.4851524523, ""2075"": 0.8162266891}"
LA,Louisiana,AEO_PATH,0,NOT_IN_EPA_2024_ACCII_ADOPTER_LIST,0.0059123610202746,AEO_GRID_PATH,0.1609457431773636,0.8390542568226363,0.345365230518,0.4116146745924745,OK,NONE_TRACKED_BY_LBNL_2026,NONE_TRACKED_BY_LBNL_2026,0.0,0.0,0.0,0.0,,,False,"{""2024"": 0.00591236102027469, ""2025"": 0.09723372927169688, ""2032"": 0.5285553919529973, ""2050"": 0.5285553919529973, ""2075"": 0.7492315914643602}","{""2024"": 0.1609457432, ""2045"": 0.5342327012, ""2075"": 0.8337457389}"
MA,Massachusetts,ACC_PATH,0,ADOPTED_FULL,0.0203614651674145,GRID_100_STATUTE,0.1961577754527541,0.8038422245472459,0.373034365088,0.4640585151823847,OK,ACTIVE_FUTURE_TARGET_TRACKED,ACTIVE_FUTURE_TARGET_TRACKED,0.6707000000000002,1.0,0.6707000000000002,1.0,2050.0,1.0,False,"{""2024"": 0.020361465167414505, ""2025"": 0.24248970522232755, ""2030"": 0.5677251035236108, ""2035"": 0.7941548112017195, ""2050"": 0.8970774056008597, ""2075"": 1.0}","{""2024"": 0.1961577755, ""2050"": 1.0}"
MD,Maryland,ACC_DELAYED_PLUS2,2,ADOPTED_START_MY2027,0.0238505235239395,TARGET_CES_RPS_AEO_TAIL,0.5160543123769228,0.4839456876230772,0.2358680324,0.4874059578682607,OK,ACTIVE_FUTURE_TARGET_TRACKED,NONE_TRACKED_BY_LBNL_2026,0.5228145774594881,0.0,0.5228145774594881,0.0,,0.5228145774594881,False,"{""2024"": 0.02385052352393959, ""2027"": 0.2451876366839554, ""2032"": 0.5692646839772572, ""2037"": 0.7948879447510748, ""2052"": 0.8974439723755374, ""2075"": 1.0}","{""2024"": 0.5160543124, ""2050"": 0.5228145775, ""2075"": 0.8296700734}"
ME,Maine,AEO_PATH,0,NOT_IN_EPA_2024_ACCII_ADOPTER_LIST,0.0093641800440667,GRID_100_STATUTE,0.6591799801003357,0.3408200198996642,0.141430100966,0.4150019920323916,OK,ACTIVE_FUTURE_TARGET_TRACKED,ACTIVE_FUTURE_TARGET_TRACKED,0.9400000000000002,1.0,0.9400000000000002,1.0,2040.0,1.0,False,"{""2024"": 0.00936418004406673, ""2025"": 0.1003684486517065, ""2032"": 0.530192412073669, ""2050"": 0.530192412073669, ""2075"": 0.7501023468476962}","{""2024"": 0.6591799801, ""2040"": 1.0}"
MI,Michigan,AEO_PATH,0,NOT_IN_EPA_2024_ACCII_ADOPTER_LIST,0.0129852157667735,GRID_100_STATUTE,0.3328696703445409,0.667130329655459,0.359789467884,0.539289397756923,OK,ACTIVE_FUTURE_TARGET_TRACKED,ACTIVE_FUTURE_TARGET_TRACKED,0.6,1.0,0.6,1.0,2040.0,1.0,False,"{""2024"": 0.012985215766773531, ""2025"": 0.10365683972245458, ""2032"": 0.5319096829661708, ""2050"": 0.5319096829661708, ""2075"": 0.7510157888117929}","{""2024"": 0.3328696703, ""2040"": 1.0}"
MN,Minnesota,AEO_PATH,0,NOT_IN_EPA_2024_ACCII_ADOPTER_LIST,0.0113963371638747,GRID_100_STATUTE,0.5297498091854166,0.4702501908145834,0.339060296575,0.7210644777076707,OK,ACTIVE_FUTURE_TARGET_TRACKED,ACTIVE_FUTURE_TARGET_TRACKED,0.55,1.0,0.55,1.0,2049.0,1.0,False,"{""2024"": 0.011396337163874755, ""2025"": 0.10221392266490914, ""2032"": 0.5311561596138971, ""2050"": 0.5311561596138971, ""2075"": 0.7506149785180303}","{""2024"": 0.5297498092, ""2049"": 1.0}"
MO,Missouri,AEO_PATH,0,NOT_IN_EPA_2024_ACCII_ADOPTER_LIST,0.0075680169024816,AEO_GRID_PATH,0.2543177814902496,0.7456822185097504,0.655032741517,0.8784566778913004,OK,ACTIVE_FUTURE_TARGET_TRACKED,NONE_TRACKED_BY_LBNL_2026,0.15,0.0,0.15,0.0,,,False,"{""2024"": 0.007568016902481686, ""2025"": 0.09873728914688397, ""2032"": 0.5293405843322616, ""2050"": 0.5293405843322616, ""2075"": 0.7496492469852455}","{""2024"": 0.2543177815, ""2045"": 0.5860644412, ""2075"": 0.8522469254}"
MS,Mississippi,AEO_PATH,0,NOT_IN_EPA_2024_ACCII_ADOPTER_LIST,0.0026178962295022,AEO_GRID_PATH,0.1881418598270352,0.8118581401729648,0.374803375331,0.4616807204570192,OK,NONE_TRACKED_BY_LBNL_2026,NONE_TRACKED_BY_LBNL_2026,0.0,0.0,0.0,0.0,,,False,"{""2024"": 0.002617896229502236, ""2025"": 0.09424190885608057, ""2032"": 0.5269929968470644, ""2050"": 0.5269929968470644, ""2075"": 0.7484005302378001}","{""2024"": 0.1881418598, ""2045"": 0.549329534, ""2075"": 0.8391345088}"
MT,Montana,AEO_PATH,0,NOT_IN_EPA_2024_ACCII_ADOPTER_LIST,0.0064721883500609,AEO_GRID_PATH,0.5145997495705532,0.4854002504294468,0.479084261194,0.9869572424446514,OK,REPEALED_OR_EXPIRED_BY_2026,NONE_TRACKED_BY_LBNL_2026,0.0,0.0,0.0,0.0,,,False,"{""2024"": 0.00647218835006097, ""2025"": 0.0977421283413017, ""2032"": 0.528820889244902, ""2050"": 0.528820889244902, ""2075"": 0.7493728134281394}","{""2024"": 0.5145997496, ""2045"": 0.7305495305, ""2075"": 0.9038204511}"
NC,North Carolina,AEO_PATH,0,NOT_IN_EPA_2024_ACCII_ADOPTER_LIST,0.0130012464004813,GRID_100_STATUTE,0.4777257327829638,0.5222742672170362,0.28304163888,0.5419041407277438,OK,ACTIVE_FUTURE_TARGET_TRACKED,ACTIVE_FUTURE_TARGET_TRACKED,0.1189509992748998,1.2153604669204,0.1189509992748998,1.0,2050.0,1.0,True,"{""2024"": 0.013001246400481368, ""2025"": 0.10367139770994217, ""2032"": 0.5319172854707476, ""2050"": 0.5319172854707476, ""2075"": 0.7510198326972061}","{""2024"": 0.4777257328, ""2050"": 1.0}"
ND,North Dakota,AEO_PATH,0,NOT_IN_EPA_2024_ACCII_ADOPTER_LIST,0.0023267205486162,AEO_GRID_PATH,0.3953946196899682,0.6046053803100317,0.5844084095080001,0.9665677799344315,OK,NONE_TRACKED_BY_LBNL_2026,NONE_TRACKED_BY_LBNL_2026,0.0,0.0,0.0,0.0,,,False,"{""2024"": 0.0023267205486162137, ""2025"": 0.09397748188480264, ""2032"": 0.5268549072065081, ""2050"": 0.5268549072065081, ""2075"": 0.748327078301334}","{""2024"": 0.3953946197, ""2045"": 0.6643775864, ""2075"": 0.8802005712}"
NE,Nebraska,AEO_PATH,0,NOT_IN_EPA_2024_ACCII_ADOPTER_LIST,0.0058659773314774,GRID_100_STATUTE,0.5091399075506008,0.4908600924493992,0.461847751134,0.94085237930111,OK,NONE_TRACKED_BY_LBNL_2026,ACTIVE_FUTURE_TARGET_TRACKED,0.0,1.0,0.0,1.0,2050.0,1.0,False,"{""2024"": 0.005865977331477431, ""2025"": 0.09719160659748166, ""2032"": 0.5285333945564626, ""2050"": 0.5285333945564626, ""2075"": 0.7492198907215226}","{""2024"": 0.5091399076, ""2050"": 1.0}"
NH,New Hampshire,AEO_PATH,0,NOT_IN_EPA_2024_ACCII_ADOPTER_LIST,0.0113893604980192,AEO_GRID_PATH,0.7322592525135233,0.2677407474864767,0.123785357773,0.4622549749556937,OK,ACTIVE_FUTURE_TARGET_TRACKED,NONE_TRACKED_BY_LBNL_2026,0.252,0.0,0.252,0.0,,,False,"{""2024"": 0.011389360498019242, ""2025"": 0.10220758690700459, ""2032"": 0.5311528509403246, ""2050"": 0.5311528509403246, ""2075"": 0.750613218585279}","{""2024"": 0.7322592525, ""2045"": 0.8513744687, ""2075"": 0.9469485558}"
NJ,New Jersey,ACC_DELAYED_PLUS2,2,ADOPTED_START_MY2027,0.0278577398087101,TARGET_CES_RPS_AEO_TAIL,0.4735782192347352,0.5264217807652648,0.212417306871,0.4035202390104379,OK,ACTIVE_FUTURE_TARGET_TRACKED,NONE_TRACKED_BY_LBNL_2026,0.525,0.0,0.525,0.0,,0.525,False,"{""2024"": 0.027857739808710185, ""2027"": 0.24828623630124505, ""2032"": 0.5710329065849497, ""2037"": 0.7957299555166427, ""2052"": 0.8978649777583213, ""2075"": 1.0}","{""2024"": 0.4735782192, ""2050"": 0.525, ""2075"": 0.8304501535}"
NM,New Mexico,ACC_DELAYED_PLUS2,2,ADOPTED_PARTIAL_MY2027_2032,0.008357247142929,GRID_100_STATUTE,0.4497040968404066,0.5502959031595934,0.349356843374,0.6348642460561076,OK,ACTIVE_FUTURE_TARGET_TRACKED,ACTIVE_FUTURE_TARGET_TRACKED,0.8,1.0,0.8,1.0,2050.0,1.0,False,"{""2024"": 0.008357247142929064, ""2027"": 0.23320738484498818, ""2032"": 0.5624281272213248, ""2037"": 0.7916324415339642, ""2052"": 0.8958162207669821, ""2075"": 1.0}","{""2024"": 0.4497040968, ""2050"": 1.0}"
NV,Nevada,AEO_PATH,0,NOT_IN_EPA_2024_ACCII_ADOPTER_LIST,0.032528975869276,GRID_100_STATUTE,0.3675198119458841,0.6324801880541159,0.291387738488,0.4606849925423588,OK,ACTIVE_FUTURE_TARGET_TRACKED,ACTIVE_FUTURE_TARGET_TRACKED,0.5,1.0,0.5,1.0,2050.0,1.0,False,"{""2024"": 0.032528975869276076, ""2025"": 0.12140522198968914, ""2032"": 0.5411782825946154, ""2050"": 0.5411782825946154, ""2075"": 0.7559458949971358}","{""2024"": 0.3675198119, ""2050"": 1.0}"
NY,New York,ACC_PATH,0,ADOPTED_FULL,0.0184325709605544,GRID_100_STATUTE,0.5195519216836615,0.4804480783163385,0.210965811287,0.4391361941787273,OK,ACTIVE_FUTURE_TARGET_TRACKED,ACTIVE_FUTURE_TARGET_TRACKED,0.7,1.0,0.7,1.0,2040.0,1.0,False,"{""2024"": 0.018432570960554475, ""2025"": 0.24099817833023446, ""2030"": 0.5668739604601882, ""2035"": 0.793749504981042, ""2050"": 0.896874752490521, ""2075"": 1.0}","{""2024"": 0.5195519217, ""2040"": 1.0}"
OH,Ohio,AEO_PATH,0,NOT_IN_EPA_2024_ACCII_ADOPTER_LIST,0.0089584601339014,AEO_GRID_PATH,0.159,0.841,0.482531563206,0.5737592903757431,OK,ACTIVE_FUTURE_TARGET_TRACKED,NONE_TRACKED_BY_LBNL_2026,0.0,0.0,0.0,0.0,,,False,"{""2024"": 0.0089584601339014, ""2025"": 0.1, ""2032"": 0.53, ""2050"": 0.53, ""2075"": 0.75}","{""2024"": 0.159, ""2045"": 0.5331526, ""2075"": 0.8333602}"
OK,Oklahoma,AEO_PATH,0,NOT_IN_EPA_2024_ACCII_ADOPTER_LIST,0.0061930951610666,AEO_GRID_PATH,0.4363983422687291,0.5636016577312709,0.293564981864,0.5208788032886967,OK,NONE_TRACKED_BY_LBNL_2026,NONE_TRACKED_BY_LBNL_2026,0.0,0.0,0.0,0.0,,,False,"{""2024"": 0.006193095161066691, ""2025"": 0.09748867390978636, ""2032"": 0.5286885297084439, ""2050"": 0.5286885297084439, ""2075"": 0.7493024094193851}","{""2024"": 0.4363983423, ""2045"": 0.6871391575, ""2075"": 0.8883252467}"
OR,Oregon,ACC_PATH,0,ADOPTED_FULL,0.0254611587425305,GRID_100_STATUTE,0.6204506503208184,0.3795493496791816,0.1651983411539999,0.4352032345294786,OK,ACTIVE_FUTURE_TARGET_TRACKED,ACTIVE_FUTURE_TARGET_TRACKED,0.3169570546779673,1.0,0.3169570546779673,1.0,2040.0,1.0,False,"{""2024"": 0.025461158742530528, ""2025"": 0.24643306825471595, ""2030"": 0.5699753922105716, ""2035"": 0.7952263772431294, ""2050"": 0.8976131886215647, ""2075"": 1.0}","{""2024"": 0.6204506503, ""2040"": 1.0}"
PA,Pennsylvania,AEO_PATH,0,NOT_IN_EPA_2024_ACCII_ADOPTER_LIST,0.0109555690809494,AEO_GRID_PATH,0.3488797355028096,0.6511202644971904,0.2929299525459999,0.4498672849296245,OK,ACTIVE_FUTURE_TARGET_TRACKED,NONE_TRACKED_BY_LBNL_2026,0.18,0.0,0.18,0.0,,,False,"{""2024"": 0.010955569080949483, ""2025"": 0.10181364552346224, ""2032"": 0.5309471259955858, ""2050"": 0.5309471259955858, ""2075"": 0.7505037904231839}","{""2024"": 0.3488797355, ""2045"": 0.6385567151, ""2075"": 0.8709838875}"
RI,Rhode Island,ACC_DELAYED_PLUS2,2,ADOPTED_START_MY2027,0.0121452472425331,GRID_100_STATUTE,0.0807036454502968,0.9192963545497032,0.380609357667,0.4140402440503106,OK,ACTIVE_FUTURE_TARGET_TRACKED,NONE_TRACKED_BY_LBNL_2026,1.0,0.0,1.0,0.0,2033.0,1.0,False,"{""2024"": 0.012145247242533151, ""2027"": 0.2361364744735003, ""2032"": 0.5640996185854215, ""2037"": 0.7924283898025817, ""2052"": 0.8962141949012908, ""2075"": 1.0}","{""2024"": 0.0807036455, ""2033"": 1.0}"
SC,South Carolina,AEO_PATH,0,NOT_IN_EPA_2024_ACCII_ADOPTER_LIST,0.0068417018014564,AEO_GRID_PATH,0.6134724363060908,0.3865275636939091,0.252741668564,0.6538457934403513,OK,NONE_TRACKED_BY_LBNL_2026,NONE_TRACKED_BY_LBNL_2026,0.0,0.0,0.0,0.0,,,False,"{""2024"": 0.006841701801456497, ""2025"": 0.09807769662262814, ""2032"": 0.5289961304584836, ""2050"": 0.5289961304584836, ""2075"": 0.7494660268396188}","{""2024"": 0.6134724363, ""2045"": 0.7854347347, ""2075"": 0.9234115625}"
SD,South Dakota,AEO_PATH,0,NOT_IN_EPA_2024_ACCII_ADOPTER_LIST,0.0032348501186111,AEO_GRID_PATH,0.7873397270227472,0.2126602729772527,0.15149985158,0.7124714193893974,OK,NONE_TRACKED_BY_LBNL_2026,NONE_TRACKED_BY_LBNL_2026,0.0,0.0,0.0,0.0,,,False,"{""2024"": 0.003234850118611171, ""2025"": 0.09480218658194974, ""2032"": 0.5272855863261293, ""2050"": 0.5272855863261293, ""2075"": 0.7485561629394304}","{""2024"": 0.787339727, ""2045"": 0.8819501837, ""2075"": 0.9578624669}"
TN,Tennessee,AEO_PATH,0,NOT_IN_EPA_2024_ACCII_ADOPTER_LIST,0.008388220152926,AEO_GRID_PATH,0.6026111431440948,0.3973888568559052,0.298146264801,0.7502256067559883,OK,NONE_TRACKED_BY_LBNL_2026,NONE_TRACKED_BY_LBNL_2026,0.0,0.0,0.0,0.0,,,False,"{""2024"": 0.008388220152926035, ""2025"": 0.09948214483224671, ""2032"": 0.5297295645235066, ""2050"": 0.5297295645235066, ""2075"": 0.7498561513422907}","{""2024"": 0.6026111431, ""2045"": 0.7794055236, ""2075"": 0.9212594535}"
TX,Texas,AEO_PATH,0,NOT_IN_EPA_2024_ACCII_ADOPTER_LIST,0.0145075702254028,AEO_GRID_PATH,0.3487924079706229,0.6512075920293771,0.348495017871,0.5351637990817043,OK,REPEALED_OR_EXPIRED_BY_2026,NONE_TRACKED_BY_LBNL_2026,0.0,0.0,0.0,0.0,,,False,"{""2024"": 0.014507570225402854, ""2025"": 0.10503934384327229, ""2032"": 0.5326316573403755, ""2050"": 0.5326316573403755, ""2075"": 0.7513998177342422}","{""2024"": 0.348792408, ""2045"": 0.6385082388, ""2075"": 0.870966584}"
UT,Utah,AEO_PATH,0,NOT_IN_EPA_2024_ACCII_ADOPTER_LIST,0.0212594020016162,AEO_GRID_PATH,0.1839020452929883,0.8160979547070116,0.6409260188100001,0.7853648368658549,OK,NONE_TRACKED_BY_LBNL_2026,NONE_TRACKED_BY_LBNL_2026,0.0,0.0,0.0,0.0,,,False,"{""2024"": 0.02125940200161621, ""2025"": 0.11117092193979994, ""2032"": 0.5358337036796733, ""2050"": 0.5358337036796733, ""2075"": 0.7531030338721666}","{""2024"": 0.1839020453, ""2045"": 0.5469759711, ""2075"": 0.8382944115}"
VA,Virginia,AEO_PATH,0,EPA_2024_LISTED_BUT_STATE_DID_NOT_CONTINUE_TO_ACCII,0.0170466033158107,GRID_100_STATUTE,0.4217733024480897,0.5782266975519103,0.243533743453,0.4211350296654346,OK,ACTIVE_FUTURE_TARGET_TRACKED,ACTIVE_FUTURE_TARGET_TRACKED,0.8293153071936745,1.0000000000000002,0.8293153071936745,1.0,2050.0,1.0,True,"{""2024"": 0.017046603315810756, ""2025"": 0.10734512991726053, ""2032"": 0.5338357900679027, ""2050"": 0.5338357900679027, ""2075"": 0.7520403138659056}","{""2024"": 0.4217733024, ""2050"": 1.0}"
VT,Vermont,ACC_PATH,0,ADOPTED_FULL,0.0207208775901097,GRID_100_STATUTE,0.9984378909131026,0.0015621090868973,0.0195044719099999,12.480468757590508,UNSTABLE_FOSSIL_SHARE_LT_0.05,ACTIVE_FUTURE_TARGET_TRACKED,NONE_TRACKED_BY_LBNL_2026,1.0,0.0,1.0,0.0,2035.0,1.0,False,"{""2024"": 0.0207208775901097, ""2025"": 0.24276762263837648, ""2030"": 0.5678836977012475, ""2035"": 0.7942303322386893, ""2050"": 0.8971151661193446, ""2075"": 1.0}","{""2024"": 0.9984378909, ""2035"": 1.0}"
WA,Washington,ACC_PATH,0,ADOPTED_FULL,0.0343759542817257,GRID_100_STATUTE,0.7678448855594467,0.2321551144405532,0.120247337287,0.5179983039866363,OK,ACTIVE_FUTURE_TARGET_TRACKED,ACTIVE_FUTURE_TARGET_TRACKED,0.15,1.0,0.15,1.0,2030.0,1.0,False,"{""2024"": 0.034375954281725775, ""2025"": 0.25332647756505156, ""2030"": 0.5739091312191871, ""2035"": 0.797099586294851, ""2050"": 0.8985497931474254, ""2075"": 1.0}","{""2024"": 0.7678448856, ""2030"": 1.0}"
WI,Wisconsin,AEO_PATH,0,NOT_IN_EPA_2024_ACCII_ADOPTER_LIST,0.0074236813663825,AEO_GRID_PATH,0.250155774134268,0.749844225865732,0.52480637209,0.6998847755540258,OK,ACTIVE_FUTURE_TARGET_TRACKED,NONE_TRACKED_BY_LBNL_2026,0.1,0.0,0.1,0.0,,,False,"{""2024"": 0.007423681366382594, ""2025"": 0.09860621292327104, ""2032"": 0.529272133415486, ""2050"": 0.529272133415486, ""2075"": 0.7496128369231307}","{""2024"": 0.2501557741, ""2045"": 0.5837540699, ""2075"": 0.8514222451}"
WV,West Virginia,AEO_PATH,0,NOT_IN_EPA_2024_ACCII_ADOPTER_LIST,0.0033692722371967,AEO_GRID_PATH,0.069133402285217,0.930866597714783,0.8865009279280002,0.9523311063411164,OK,NONE_TRACKED_BY_LBNL_2026,NONE_TRACKED_BY_LBNL_2026,0.0,0.0,0.0,0.0,,,False,"{""2024"": 0.0033692722371967657, ""2025"": 0.09492426007923561, ""2032"": 0.5273493358191563, ""2050"": 0.5273493358191563, ""2075"": 0.748590072244232}","{""2024"": 0.0691334023, ""2045"": 0.4832667647, ""2075"": 0.8155535985}"
WY,Wyoming,AEO_PATH,0,NOT_IN_EPA_2024_ACCII_ADOPTER_LIST,0.0027846988128389,AEO_GRID_PATH,0.2271334207149784,0.7728665792850216,0.825674191111,1.068337508574246,OK,NONE_TRACKED_BY_LBNL_2026,NONE_TRACKED_BY_LBNL_2026,0.0,0.0,0.0,0.0,,,False,"{""2024"": 0.002784698812838927, ""2025"": 0.09439338820277204, ""2032"": 0.5270721027281143, ""2050"": 0.5270721027281143, ""2075"": 0.7484426078341033}","{""2024"": 0.2271334207, ""2045"": 0.5709741343, ""2075"": 0.8468604849}"
