source_id,local_file,sha256,source_landing_url,download_url,evidence_class,vintage,retrieval_date
FHWA_MV1_2024,sources/FHWA_MV1_2024.xlsx,cb8b7cff9b4cb94388bac39ff331d9098873059c7599cca6e1b2e6f34c1e54c8,https://www.fhwa.dot.gov/policyinformation/statistics/2024/mv1.cfm,https://www.fhwa.dot.gov/policyinformation/statistics/2024/xls/mv1.xlsx,observed/context,2024 data; published January 2026,2026-08-31
FHWA_VM2_2024,sources/FHWA_VM2_2024.xlsx,01524202944861cc4915f898e3b426aa179f323935bff54b001dbaa9e61067c4,https://www.fhwa.dot.gov/policyinformation/statistics/2024/vm2.cfm,https://www.fhwa.dot.gov/policyinformation/statistics/2024/xls/vm2.xlsx,observed/context,2024 data; published October 2025,2026-08-31
FHWA_HM71_2024,sources/FHWA_HM71_2024.xlsx,a4b81f3a6b43421fd1ef26892f9030a66f43d497393c79eff229ac984672375d,https://www.fhwa.dot.gov/policyinformation/statistics/2024/hm71.cfm,https://www.fhwa.dot.gov/policyinformation/statistics/2024/xls/hm71.xlsx,observed/context,"2024 urbanized-area data; published January 22, 2026",2026-08-31
FHWA_HM72_2024,sources/FHWA_HM72_2024.xlsx,ce5f3e7667186791c17b07772a0f04f75c67c249c23e628aeae65916f7da9815,https://www.fhwa.dot.gov/policyinformation/statistics/2024/hm72.cfm,https://www.fhwa.dot.gov/policyinformation/statistics/2024/xls/hm72.xlsx,observed/context,"2024 urbanized-area data; published January 22, 2026",2026-08-31
CENSUS_STATE_URBAN_RURAL_2020,sources/Census_State_Urban_Rural_2020_2010.xlsx,8b8e35a172746b706f5d0974a8bf4812404973c829622f0b73f11ef5cca0b1fd,https://www.census.gov/programs-surveys/geography/guidance/geo-areas/urban-rural.html,https://www2.census.gov/geo/docs/reference/ua/State_Urban_Rural_Pop_2020_2010.xlsx,observed/context,2020 Census state urban/rural population under 2020 criteria,2026-08-31
CENSUS_COUNTY_URBAN_RURAL_2020,sources/Census_County_Urban_Rural_2020.xlsx,74f0fc65c2945d33198c75431852e552832cc018c949fcd9230eb5f79959e0b2,https://www.census.gov/programs-surveys/geography/guidance/geo-areas/urban-rural.html,https://www2.census.gov/geo/docs/reference/ua/2020_UA_COUNTY.xlsx,observed/context,"2020 Census county urban/rural population, housing, and land",2026-08-31
CENSUS_URBAN_AREAS_2020,sources/Census_Urban_Areas_2020.xlsx,4e87debc2999b8f6ae303be7de40988fbf80ebaffeccdcbb3d26df8b1fa4b97b,https://www.census.gov/programs-surveys/geography/guidance/geo-areas/urban-rural.html,https://www2.census.gov/geo/docs/reference/ua/2020_Census_ua_list_all.xlsx,observed/context,2020 Census urban-area identifiers and totals,2026-08-31
CENSUS_URBAN_AREA_STATE_PARTS_2020,sources/Census_Urban_Area_State_Parts_2020.xlsx,682368a6ddb87eeaa04b46136a3826706792a085021b1f0f43a39ed881caa30d,https://www.census.gov/programs-surveys/geography/guidance/geo-areas/urban-rural.html,https://www2.census.gov/geo/docs/reference/ua/2020_Census_ua_st_list_all.xlsx,observed/context,2020 Census urban-area state-part crosswalk,2026-08-31
CENSUS_CBSA_DELINEATION_JULY_2023,sources/Census_CBSA_Delineation_July_2023.xlsx,952c4b1e78acbb54e6ec9412434b7602fedacbf021736351a63c181bdb753629,https://www.census.gov/geographies/reference-files/time-series/demo/metro-micro/delineation-files.html,https://www2.census.gov/programs-surveys/metro-micro/geographies/reference-files/2023/delineation-files/list1_2023.xlsx,reference only,July 2023 county-based CBSA delineation; not interchangeable with urban areas,2026-08-31
DOE_AFDC_LDV_2025,sources/AFDC_vehicle_registration_2025_snapshot.html,cb663a382d954995fc5bf27162cfd601a3419f451c89c23f3dbf95a3d3618f82,https://afdc.energy.gov/vehicle-registration,https://afdc.energy.gov/vehicle-registration,observed/context,2025 approximate counts; frozen 2026-08-24,2026-08-31
EPA_EGRID2023_REV2,sources/EPA_eGRID2023_rev2.xlsx,895cd81dd8662406189ad8adf5a2578dcb362cdb5cff7cca81b10ee6bd2447c6,https://www.epa.gov/egrid/detailed-data,https://www.epa.gov/egrid/detailed-data,observed,2023 data; revision 2 released 2025-06-12,2026-08-31
LBNL_RPS_CES_JUNE_2026,sources/LBNL_RPS_CES_Targets_Demand_June_2026.xlsx,46f45337966f6e41871f896410e307d9be39ecf295a2aff97266c3e0c4a08521,https://emp.lbl.gov/projects/renewables-portfolio,https://emp.lbl.gov/sites/default/files/2026-06/RPS%20%26%20CES%20Targets%20and%20Demand_June%202026.xlsx,defined policy,current-law workbook last updated June 2026,2026-08-31
IIHS_HAV_LAWS_AUGUST_2026,sources/IIHS_highly_automated_vehicle_laws_2026-08-31.html,597ae2424cec0c1a889ad463aafb96907d8bfe74ce3b9faa1661e2fde7beee64,https://www.iihs.org/research-areas/advanced-driver-assistance/highly-automated-vehicle-laws,https://www.iihs.org/research-areas/advanced-driver-assistance/highly-automated-vehicle-laws,independent policy screening,August 2026 table; publisher says independently verify and not to rely on it as legal advice,2026-08-31
DOE_NLR_AFDC_AUTONOMOUS_LAWREG_2026_08_31,sources/AFDC_autonomous_laws_2026-08-31.json,528680058b95dba257f99a4b038cc18353a5a6a813efe44a6900c4c6a8d202e0,https://developer.nlr.gov/docs/transportation/transportation-incentives-laws-v1/,https://developer.nlr.gov/api/transportation-incentives-laws/v1.json?technology=AUTONOMOUS&law_type=LAWREG&expired=false&limit=500,official policy candidate index,38 API records returned; one archived record excluded after secondary status check; broad AUTONOMOUS tagging is not deployment authority,2026-08-31
DATASF_TRAFFIC_SIGNALS_2026_08_31,sources/metro/San_Francisco_traffic_signals_2026-08-31.geojson,ff270ae774127022dfbe28a1493d1cb835d6059b74bdfc138cf6ea5595568b4c,https://data.sfgov.org/Transportation/Traffic-Signals/ybh5-27n2,https://data.sfgov.org/resource/ybh5-27n2.geojson?$limit=50000&$where=type%3D%27SIGNAL%27,metro validation raw GIS,"1,290 type=SIGNAL records; frozen normalized GeoJSON",2026-08-31
AUSTIN_SIGNALS_TURNED_ON_2026_08_31,sources/metro/Austin_signals_turned_on_2026-08-31.geojson,a0388bf701ec19f3e647cb8df0b9c443918fc872c62d1ae41da613d6c85bb6ab,https://services.arcgis.com/0L95CJ0VTaxqcmED/ArcGIS/rest/services/TRANSPORTATION_signals2/FeatureServer/0,https://services.arcgis.com/0L95CJ0VTaxqcmED/ArcGIS/rest/services/TRANSPORTATION_signals2/FeatureServer/0/query?where=SIGNAL_STATUS%3D%27TURNED_ON%27&outFields=*&outSR=4326&returnGeometry=true&f=geojson,metro validation raw GIS,"1,228 turned-on records with owner/jurisdiction fields; frozen normalized GeoJSON",2026-08-31
LADOT_SIGNAL_LOCATIONS_2026_08_31,sources/metro/Los_Angeles_LADOT_signal_locations_2026-08-31.geojson,d04e3040826fe206ec6ecdc5ce09eb372aa8e79413e367de88ba39eec5d39b52,https://maps.lacity.org/lahub/rest/services/LADOT/MapServer/30,https://maps.lacity.org/lahub/rest/services/LADOT/MapServer/30/query?where=1%3D1&outFields=*&outSR=4326&returnGeometry=true&f=geojson,metro validation raw GIS,"5,588 records; layer can include speed-feedback signs and requires type QA",2026-08-31
LA_COUNTY_OPERATING_SIGNALS_2026_08_31,sources/metro/Los_Angeles_County_traffic_signals_2026-08-31.geojson,2e0c793fd7ee2278e59de31c5be62cf4ac20738f63c691f4da8f7f3198ec995c,https://services.arcgis.com/RmCCgQtiZLDCtblq/ArcGIS/rest/services/Traffic_Signal/FeatureServer/0,https://services.arcgis.com/RmCCgQtiZLDCtblq/ArcGIS/rest/services/Traffic_Signal/FeatureServer/0/query?where=STATUS%3D%27OPERATING%27%20AND%20SIG_TYPE%20NOT%20IN%20%28%27CDFS%27%2C%27DFS%27%29&outFields=*&outSR=4326&returnGeometry=true&f=geojson,metro validation raw GIS,"2,135 operating non-feedback-signal records; multiple ownership/maintenance arrangements",2026-08-31
ODOT_CINCINNATI_UA16885_SIGNALS_2026_08_31,sources/metro/Cincinnati_OH_ODOT_signalized_intersections_2026-08-31.geojson,372975961d92bf5587ae5d1a19842ce870cb70ccb975b6e899041cf2c79dda66,https://tims.dot.state.oh.us/ags/rest/services/Assets/ITS_Device_Inventory/MapServer/0,https://tims.dot.state.oh.us/ags/rest/services/Assets/ITS_Device_Inventory/MapServer/0/query?where=DEVICE_TYPE_2%3D%27Signalized%20Intersection%27%20AND%20URBAN_AREA_CODE%3D%2716885%27&outFields=*&outSR=4326&returnGeometry=true&f=geojson,metro validation raw GIS,396 active Ohio-side device records at final freeze; not Kentucky or all municipal assets,2026-08-31
PHOENIX_IN_SERVICE_STANDARD_SIGNALS_2026_08_31,sources/metro/Phoenix_in_service_standard_signals_2026-08-31.geojson,0f2d5da67b73a1c9e4c4a2a6c5aa2942853e407b5e91e5298d6bb893f6011444,https://maps.phoenix.gov/pub/rest/services/Public/STR_TrafficEquip/MapServer/0,https://maps.phoenix.gov/pub/rest/services/Public/STR_TrafficEquip/MapServer/0/query?where=Equipment_Type%3D%27STTSSIG%27%20AND%20Status%3D%27IN-SERVICE%27&outFields=*&outSR=4326&returnGeometry=true&f=geojson,metro validation raw GIS,"1,210 in-service standard signals; HAWK and pedestrian-beacon categories excluded",2026-08-31
CENSUS_CINCINNATI_UA16885_BOUNDARY_2026_08_31,sources/metro/Cincinnati_OH_KY_Census_UA_16885_2026-08-31.geojson,9beb639f5cc76f39538741045e19aa5dace8ebadd11e3fa72c9829bb47c40690,https://tigerweb.geo.census.gov/arcgis/rest/services/TIGERweb/Urban/MapServer/0,https://tigerweb.geo.census.gov/arcgis/rest/services/TIGERweb/Urban/MapServer/0/query?where=GEOID%3D%2716885%27&outFields=*&outSR=4326&returnGeometry=true&f=geojson,metro validation boundary,one cross-state Census urban-area polygon; not a CBSA,2026-08-31
CPUC_WAYMO_DEPLOYMENT_2026Q2,sources/CPUC_Waymo_deployment_2026Q2.zip,8897db0608f9a8ba051b841a6e29112ee042a75e0fcfa6e2f98aa420d89b89c8,https://www.cpuc.ca.gov/regulatory-services/licensing/transportation-licensing-and-analysis-branch/autonomous-vehicle-programs/autonomous-vehicle-program-permits-issued,https://www.cpuc.ca.gov/-/media/cpuc-website/divisions/consumer-protection-and-enforcement-division/documents/tlab/av-programs/waymo-deployment-2026q2.zip,metro operation reporting package,"official public ZIP; machine-readable, but key trip/VMT/location fields are heavily redacted",2026-08-31
