state,state_name,scope_role,scenario_bundle,peak_year,peak_direct_co2_metric_tonnes,sustained_nonincrease_onset_year,turning_status,minimum_subsequent_modeled_years,turning_estimand,forbidden_interpretation
AK,Alaska,PRIMARY_50_STATE,high,2075,171109.1123109144,,RIGHT_CENSORED_THROUGH_2075,5,"first year after which every annual direct-CO2 step through 2075 is non-increasing, with at least five subsequent modeled years; otherwise right-censored",NOT_CARBON_NEUTRALITY_AND_NOT_CUMULATIVE_PAYBACK
AK,Alaska,PRIMARY_50_STATE,low,2037,975.4856688419336,2037,IDENTIFIED,5,"first year after which every annual direct-CO2 step through 2075 is non-increasing, with at least five subsequent modeled years; otherwise right-censored",NOT_CARBON_NEUTRALITY_AND_NOT_CUMULATIVE_PAYBACK
AK,Alaska,PRIMARY_50_STATE,medium,2051,7088.414609553671,2051,IDENTIFIED,5,"first year after which every annual direct-CO2 step through 2075 is non-increasing, with at least five subsequent modeled years; otherwise right-censored",NOT_CARBON_NEUTRALITY_AND_NOT_CUMULATIVE_PAYBACK
AL,Alabama,PRIMARY_50_STATE,high,2075,159387.75232866209,,RIGHT_CENSORED_THROUGH_2075,5,"first year after which every annual direct-CO2 step through 2075 is non-increasing, with at least five subsequent modeled years; otherwise right-censored",NOT_CARBON_NEUTRALITY_AND_NOT_CUMULATIVE_PAYBACK
AL,Alabama,PRIMARY_50_STATE,low,2037,953.1591181235854,2037,IDENTIFIED,5,"first year after which every annual direct-CO2 step through 2075 is non-increasing, with at least five subsequent modeled years; otherwise right-censored",NOT_CARBON_NEUTRALITY_AND_NOT_CUMULATIVE_PAYBACK
AL,Alabama,PRIMARY_50_STATE,medium,2051,6811.2069398550075,2051,IDENTIFIED,5,"first year after which every annual direct-CO2 step through 2075 is non-increasing, with at least five subsequent modeled years; otherwise right-censored",NOT_CARBON_NEUTRALITY_AND_NOT_CUMULATIVE_PAYBACK
AR,Arkansas,PRIMARY_50_STATE,high,2075,193262.73144407125,,RIGHT_CENSORED_THROUGH_2075,5,"first year after which every annual direct-CO2 step through 2075 is non-increasing, with at least five subsequent modeled years; otherwise right-censored",NOT_CARBON_NEUTRALITY_AND_NOT_CUMULATIVE_PAYBACK
AR,Arkansas,PRIMARY_50_STATE,low,2037,1021.7769232328726,2037,IDENTIFIED,5,"first year after which every annual direct-CO2 step through 2075 is non-increasing, with at least five subsequent modeled years; otherwise right-censored",NOT_CARBON_NEUTRALITY_AND_NOT_CUMULATIVE_PAYBACK
AR,Arkansas,PRIMARY_50_STATE,medium,2052,7646.327087103887,2052,IDENTIFIED,5,"first year after which every annual direct-CO2 step through 2075 is non-increasing, with at least five subsequent modeled years; otherwise right-censored",NOT_CARBON_NEUTRALITY_AND_NOT_CUMULATIVE_PAYBACK
AZ,Arizona,PRIMARY_50_STATE,high,2075,155521.03390497324,,RIGHT_CENSORED_THROUGH_2075,5,"first year after which every annual direct-CO2 step through 2075 is non-increasing, with at least five subsequent modeled years; otherwise right-censored",NOT_CARBON_NEUTRALITY_AND_NOT_CUMULATIVE_PAYBACK
AZ,Arizona,PRIMARY_50_STATE,low,2037,935.6416450332786,2037,IDENTIFIED,5,"first year after which every annual direct-CO2 step through 2075 is non-increasing, with at least five subsequent modeled years; otherwise right-censored",NOT_CARBON_NEUTRALITY_AND_NOT_CUMULATIVE_PAYBACK
AZ,Arizona,PRIMARY_50_STATE,medium,2051,6669.835036801522,2051,IDENTIFIED,5,"first year after which every annual direct-CO2 step through 2075 is non-increasing, with at least five subsequent modeled years; otherwise right-censored",NOT_CARBON_NEUTRALITY_AND_NOT_CUMULATIVE_PAYBACK
CA,California,PRIMARY_50_STATE,high,2075,118509.02666500388,,RIGHT_CENSORED_THROUGH_2075,5,"first year after which every annual direct-CO2 step through 2075 is non-increasing, with at least five subsequent modeled years; otherwise right-censored",NOT_CARBON_NEUTRALITY_AND_NOT_CUMULATIVE_PAYBACK
CA,California,PRIMARY_50_STATE,low,2037,844.2272561240245,2037,IDENTIFIED,5,"first year after which every annual direct-CO2 step through 2075 is non-increasing, with at least five subsequent modeled years; otherwise right-censored",NOT_CARBON_NEUTRALITY_AND_NOT_CUMULATIVE_PAYBACK
CA,California,PRIMARY_50_STATE,medium,2050,5709.366996566472,2050,IDENTIFIED,5,"first year after which every annual direct-CO2 step through 2075 is non-increasing, with at least five subsequent modeled years; otherwise right-censored",NOT_CARBON_NEUTRALITY_AND_NOT_CUMULATIVE_PAYBACK
CO,Colorado,PRIMARY_50_STATE,high,2075,203025.81684235614,,RIGHT_CENSORED_THROUGH_2075,5,"first year after which every annual direct-CO2 step through 2075 is non-increasing, with at least five subsequent modeled years; otherwise right-censored",NOT_CARBON_NEUTRALITY_AND_NOT_CUMULATIVE_PAYBACK
CO,Colorado,PRIMARY_50_STATE,low,2037,1027.3085622014435,2037,IDENTIFIED,5,"first year after which every annual direct-CO2 step through 2075 is non-increasing, with at least five subsequent modeled years; otherwise right-censored",NOT_CARBON_NEUTRALITY_AND_NOT_CUMULATIVE_PAYBACK
CO,Colorado,PRIMARY_50_STATE,medium,2052,7819.891215556258,2052,IDENTIFIED,5,"first year after which every annual direct-CO2 step through 2075 is non-increasing, with at least five subsequent modeled years; otherwise right-censored",NOT_CARBON_NEUTRALITY_AND_NOT_CUMULATIVE_PAYBACK
CT,Connecticut,PRIMARY_50_STATE,high,2075,137970.4234675577,,RIGHT_CENSORED_THROUGH_2075,5,"first year after which every annual direct-CO2 step through 2075 is non-increasing, with at least five subsequent modeled years; otherwise right-censored",NOT_CARBON_NEUTRALITY_AND_NOT_CUMULATIVE_PAYBACK
CT,Connecticut,PRIMARY_50_STATE,low,2037,902.976176326283,2037,IDENTIFIED,5,"first year after which every annual direct-CO2 step through 2075 is non-increasing, with at least five subsequent modeled years; otherwise right-censored",NOT_CARBON_NEUTRALITY_AND_NOT_CUMULATIVE_PAYBACK
CT,Connecticut,PRIMARY_50_STATE,medium,2050,6260.747790360248,2050,IDENTIFIED,5,"first year after which every annual direct-CO2 step through 2075 is non-increasing, with at least five subsequent modeled years; otherwise right-censored",NOT_CARBON_NEUTRALITY_AND_NOT_CUMULATIVE_PAYBACK
DC,District of Columbia,SUPPLEMENTAL_DC,high,2075,118965.62954246034,,RIGHT_CENSORED_THROUGH_2075,5,"first year after which every annual direct-CO2 step through 2075 is non-increasing, with at least five subsequent modeled years; otherwise right-censored",NOT_CARBON_NEUTRALITY_AND_NOT_CUMULATIVE_PAYBACK
DC,District of Columbia,SUPPLEMENTAL_DC,low,2037,848.7348797355468,2037,IDENTIFIED,5,"first year after which every annual direct-CO2 step through 2075 is non-increasing, with at least five subsequent modeled years; otherwise right-censored",NOT_CARBON_NEUTRALITY_AND_NOT_CUMULATIVE_PAYBACK
DC,District of Columbia,SUPPLEMENTAL_DC,medium,2050,5737.8388578953845,2050,IDENTIFIED,5,"first year after which every annual direct-CO2 step through 2075 is non-increasing, with at least five subsequent modeled years; otherwise right-censored",NOT_CARBON_NEUTRALITY_AND_NOT_CUMULATIVE_PAYBACK
DE,Delaware,PRIMARY_50_STATE,high,2075,157749.04943840567,,RIGHT_CENSORED_THROUGH_2075,5,"first year after which every annual direct-CO2 step through 2075 is non-increasing, with at least five subsequent modeled years; otherwise right-censored",NOT_CARBON_NEUTRALITY_AND_NOT_CUMULATIVE_PAYBACK
DE,Delaware,PRIMARY_50_STATE,low,2037,942.6425854876156,2037,IDENTIFIED,5,"first year after which every annual direct-CO2 step through 2075 is non-increasing, with at least five subsequent modeled years; otherwise right-censored",NOT_CARBON_NEUTRALITY_AND_NOT_CUMULATIVE_PAYBACK
DE,Delaware,PRIMARY_50_STATE,medium,2051,6736.0469375406365,2051,IDENTIFIED,5,"first year after which every annual direct-CO2 step through 2075 is non-increasing, with at least five subsequent modeled years; otherwise right-censored",NOT_CARBON_NEUTRALITY_AND_NOT_CUMULATIVE_PAYBACK
FL,Florida,PRIMARY_50_STATE,high,2075,167414.4371604512,,RIGHT_CENSORED_THROUGH_2075,5,"first year after which every annual direct-CO2 step through 2075 is non-increasing, with at least five subsequent modeled years; otherwise right-censored",NOT_CARBON_NEUTRALITY_AND_NOT_CUMULATIVE_PAYBACK
FL,Florida,PRIMARY_50_STATE,low,2037,958.413306643613,2037,IDENTIFIED,5,"first year after which every annual direct-CO2 step through 2075 is non-increasing, with at least five subsequent modeled years; otherwise right-censored",NOT_CARBON_NEUTRALITY_AND_NOT_CUMULATIVE_PAYBACK
FL,Florida,PRIMARY_50_STATE,medium,2051,6951.338125657794,2051,IDENTIFIED,5,"first year after which every annual direct-CO2 step through 2075 is non-increasing, with at least five subsequent modeled years; otherwise right-censored",NOT_CARBON_NEUTRALITY_AND_NOT_CUMULATIVE_PAYBACK
GA,Georgia,PRIMARY_50_STATE,high,2075,159068.14877347238,,RIGHT_CENSORED_THROUGH_2075,5,"first year after which every annual direct-CO2 step through 2075 is non-increasing, with at least five subsequent modeled years; otherwise right-censored",NOT_CARBON_NEUTRALITY_AND_NOT_CUMULATIVE_PAYBACK
GA,Georgia,PRIMARY_50_STATE,low,2037,945.7338607348474,2037,IDENTIFIED,5,"first year after which every annual direct-CO2 step through 2075 is non-increasing, with at least five subsequent modeled years; otherwise right-censored",NOT_CARBON_NEUTRALITY_AND_NOT_CUMULATIVE_PAYBACK
GA,Georgia,PRIMARY_50_STATE,medium,2051,6770.07044865142,2051,IDENTIFIED,5,"first year after which every annual direct-CO2 step through 2075 is non-increasing, with at least five subsequent modeled years; otherwise right-censored",NOT_CARBON_NEUTRALITY_AND_NOT_CUMULATIVE_PAYBACK
HI,Hawaii,PRIMARY_50_STATE,high,2075,239040.70547641005,,RIGHT_CENSORED_THROUGH_2075,5,"first year after which every annual direct-CO2 step through 2075 is non-increasing, with at least five subsequent modeled years; otherwise right-censored",NOT_CARBON_NEUTRALITY_AND_NOT_CUMULATIVE_PAYBACK
HI,Hawaii,PRIMARY_50_STATE,low,2037,1098.7328729702504,2037,IDENTIFIED,5,"first year after which every annual direct-CO2 step through 2075 is non-increasing, with at least five subsequent modeled years; otherwise right-censored",NOT_CARBON_NEUTRALITY_AND_NOT_CUMULATIVE_PAYBACK
HI,Hawaii,PRIMARY_50_STATE,medium,2053,8730.179170109634,2053,IDENTIFIED,5,"first year after which every annual direct-CO2 step through 2075 is non-increasing, with at least five subsequent modeled years; otherwise right-censored",NOT_CARBON_NEUTRALITY_AND_NOT_CUMULATIVE_PAYBACK
IA,Iowa,PRIMARY_50_STATE,high,2075,149716.98532445688,,RIGHT_CENSORED_THROUGH_2075,5,"first year after which every annual direct-CO2 step through 2075 is non-increasing, with at least five subsequent modeled years; otherwise right-censored",NOT_CARBON_NEUTRALITY_AND_NOT_CUMULATIVE_PAYBACK
IA,Iowa,PRIMARY_50_STATE,low,2037,933.7868388751342,2037,IDENTIFIED,5,"first year after which every annual direct-CO2 step through 2075 is non-increasing, with at least five subsequent modeled years; otherwise right-censored",NOT_CARBON_NEUTRALITY_AND_NOT_CUMULATIVE_PAYBACK
IA,Iowa,PRIMARY_50_STATE,medium,2051,6577.764010784121,2051,IDENTIFIED,5,"first year after which every annual direct-CO2 step through 2075 is non-increasing, with at least five subsequent modeled years; otherwise right-censored",NOT_CARBON_NEUTRALITY_AND_NOT_CUMULATIVE_PAYBACK
ID,Idaho,PRIMARY_50_STATE,high,2075,111595.13494901401,,RIGHT_CENSORED_THROUGH_2075,5,"first year after which every annual direct-CO2 step through 2075 is non-increasing, with at least five subsequent modeled years; otherwise right-censored",NOT_CARBON_NEUTRALITY_AND_NOT_CUMULATIVE_PAYBACK
ID,Idaho,PRIMARY_50_STATE,low,2037,855.5848087149099,2037,IDENTIFIED,5,"first year after which every annual direct-CO2 step through 2075 is non-increasing, with at least five subsequent modeled years; otherwise right-censored",NOT_CARBON_NEUTRALITY_AND_NOT_CUMULATIVE_PAYBACK
ID,Idaho,PRIMARY_50_STATE,medium,2050,5673.383332849689,2050,IDENTIFIED,5,"first year after which every annual direct-CO2 step through 2075 is non-increasing, with at least five subsequent modeled years; otherwise right-censored",NOT_CARBON_NEUTRALITY_AND_NOT_CUMULATIVE_PAYBACK
IL,Illinois,PRIMARY_50_STATE,high,2075,130006.11075836312,,RIGHT_CENSORED_THROUGH_2075,5,"first year after which every annual direct-CO2 step through 2075 is non-increasing, with at least five subsequent modeled years; otherwise right-censored",NOT_CARBON_NEUTRALITY_AND_NOT_CUMULATIVE_PAYBACK
IL,Illinois,PRIMARY_50_STATE,low,2037,887.1659662126832,2037,IDENTIFIED,5,"first year after which every annual direct-CO2 step through 2075 is non-increasing, with at least five subsequent modeled years; otherwise right-censored",NOT_CARBON_NEUTRALITY_AND_NOT_CUMULATIVE_PAYBACK
IL,Illinois,PRIMARY_50_STATE,medium,2050,6075.984049953125,2050,IDENTIFIED,5,"first year after which every annual direct-CO2 step through 2075 is non-increasing, with at least five subsequent modeled years; otherwise right-censored",NOT_CARBON_NEUTRALITY_AND_NOT_CUMULATIVE_PAYBACK
IN,Indiana,PRIMARY_50_STATE,high,2075,248721.20614887227,,RIGHT_CENSORED_THROUGH_2075,5,"first year after which every annual direct-CO2 step through 2075 is non-increasing, with at least five subsequent modeled years; otherwise right-censored",NOT_CARBON_NEUTRALITY_AND_NOT_CUMULATIVE_PAYBACK
IN,Indiana,PRIMARY_50_STATE,low,2037,1131.9806082952455,2037,IDENTIFIED,5,"first year after which every annual direct-CO2 step through 2075 is non-increasing, with at least five subsequent modeled years; otherwise right-censored",NOT_CARBON_NEUTRALITY_AND_NOT_CUMULATIVE_PAYBACK
IN,Indiana,PRIMARY_50_STATE,medium,2053,9046.583174717007,2053,IDENTIFIED,5,"first year after which every annual direct-CO2 step through 2075 is non-increasing, with at least five subsequent modeled years; otherwise right-censored",NOT_CARBON_NEUTRALITY_AND_NOT_CUMULATIVE_PAYBACK
KS,Kansas,PRIMARY_50_STATE,high,2075,161327.36534266634,,RIGHT_CENSORED_THROUGH_2075,5,"first year after which every annual direct-CO2 step through 2075 is non-increasing, with at least five subsequent modeled years; otherwise right-censored",NOT_CARBON_NEUTRALITY_AND_NOT_CUMULATIVE_PAYBACK
KS,Kansas,PRIMARY_50_STATE,low,2037,955.8493583401712,2037,IDENTIFIED,5,"first year after which every annual direct-CO2 step through 2075 is non-increasing, with at least five subsequent modeled years; otherwise right-censored",NOT_CARBON_NEUTRALITY_AND_NOT_CUMULATIVE_PAYBACK
KS,Kansas,PRIMARY_50_STATE,medium,2051,6852.132806339567,2051,IDENTIFIED,5,"first year after which every annual direct-CO2 step through 2075 is non-increasing, with at least five subsequent modeled years; otherwise right-censored",NOT_CARBON_NEUTRALITY_AND_NOT_CUMULATIVE_PAYBACK
KY,Kentucky,PRIMARY_50_STATE,high,2075,282113.39298321906,,RIGHT_CENSORED_THROUGH_2075,5,"first year after which every annual direct-CO2 step through 2075 is non-increasing, with at least five subsequent modeled years; otherwise right-censored",NOT_CARBON_NEUTRALITY_AND_NOT_CUMULATIVE_PAYBACK
KY,Kentucky,PRIMARY_50_STATE,low,2037,1200.6180876001258,2037,IDENTIFIED,5,"first year after which every annual direct-CO2 step through 2075 is non-increasing, with at least five subsequent modeled years; otherwise right-censored",NOT_CARBON_NEUTRALITY_AND_NOT_CUMULATIVE_PAYBACK
KY,Kentucky,PRIMARY_50_STATE,medium,2054,9924.424406090382,2054,IDENTIFIED,5,"first year after which every annual direct-CO2 step through 2075 is non-increasing, with at least five subsequent modeled years; otherwise right-censored",NOT_CARBON_NEUTRALITY_AND_NOT_CUMULATIVE_PAYBACK
LA,Louisiana,PRIMARY_50_STATE,high,2075,165374.47126293965,,RIGHT_CENSORED_THROUGH_2075,5,"first year after which every annual direct-CO2 step through 2075 is non-increasing, with at least five subsequent modeled years; otherwise right-censored",NOT_CARBON_NEUTRALITY_AND_NOT_CUMULATIVE_PAYBACK
LA,Louisiana,PRIMARY_50_STATE,low,2037,964.6537024133924,2037,IDENTIFIED,5,"first year after which every annual direct-CO2 step through 2075 is non-increasing, with at least five subsequent modeled years; otherwise right-censored",NOT_CARBON_NEUTRALITY_AND_NOT_CUMULATIVE_PAYBACK
LA,Louisiana,PRIMARY_50_STATE,medium,2051,6953.2550092191605,2051,IDENTIFIED,5,"first year after which every annual direct-CO2 step through 2075 is non-increasing, with at least five subsequent modeled years; otherwise right-censored",NOT_CARBON_NEUTRALITY_AND_NOT_CUMULATIVE_PAYBACK
MA,Massachusetts,PRIMARY_50_STATE,high,2075,171886.33477947343,,RIGHT_CENSORED_THROUGH_2075,5,"first year after which every annual direct-CO2 step through 2075 is non-increasing, with at least five subsequent modeled years; otherwise right-censored",NOT_CARBON_NEUTRALITY_AND_NOT_CUMULATIVE_PAYBACK
MA,Massachusetts,PRIMARY_50_STATE,low,2037,969.3021719426324,2037,IDENTIFIED,5,"first year after which every annual direct-CO2 step through 2075 is non-increasing, with at least five subsequent modeled years; otherwise right-censored",NOT_CARBON_NEUTRALITY_AND_NOT_CUMULATIVE_PAYBACK
MA,Massachusetts,PRIMARY_50_STATE,medium,2051,7068.721970480486,2051,IDENTIFIED,5,"first year after which every annual direct-CO2 step through 2075 is non-increasing, with at least five subsequent modeled years; otherwise right-censored",NOT_CARBON_NEUTRALITY_AND_NOT_CUMULATIVE_PAYBACK
MD,Maryland,PRIMARY_50_STATE,high,2075,135320.05433817595,,RIGHT_CENSORED_THROUGH_2075,5,"first year after which every annual direct-CO2 step through 2075 is non-increasing, with at least five subsequent modeled years; otherwise right-censored",NOT_CARBON_NEUTRALITY_AND_NOT_CUMULATIVE_PAYBACK
MD,Maryland,PRIMARY_50_STATE,low,2037,893.1674603874031,2037,IDENTIFIED,5,"first year after which every annual direct-CO2 step through 2075 is non-increasing, with at least five subsequent modeled years; otherwise right-censored",NOT_CARBON_NEUTRALITY_AND_NOT_CUMULATIVE_PAYBACK
MD,Maryland,PRIMARY_50_STATE,medium,2050,6176.52688610249,2050,IDENTIFIED,5,"first year after which every annual direct-CO2 step through 2075 is non-increasing, with at least five subsequent modeled years; otherwise right-censored",NOT_CARBON_NEUTRALITY_AND_NOT_CUMULATIVE_PAYBACK
ME,Maine,PRIMARY_50_STATE,high,2075,111248.93163619435,,RIGHT_CENSORED_THROUGH_2075,5,"first year after which every annual direct-CO2 step through 2075 is non-increasing, with at least five subsequent modeled years; otherwise right-censored",NOT_CARBON_NEUTRALITY_AND_NOT_CUMULATIVE_PAYBACK
ME,Maine,PRIMARY_50_STATE,low,2037,853.324920834522,2037,IDENTIFIED,5,"first year after which every annual direct-CO2 step through 2075 is non-increasing, with at least five subsequent modeled years; otherwise right-censored",NOT_CARBON_NEUTRALITY_AND_NOT_CUMULATIVE_PAYBACK
ME,Maine,PRIMARY_50_STATE,medium,2050,5657.574520976039,2050,IDENTIFIED,5,"first year after which every annual direct-CO2 step through 2075 is non-increasing, with at least five subsequent modeled years; otherwise right-censored",NOT_CARBON_NEUTRALITY_AND_NOT_CUMULATIVE_PAYBACK
MI,Michigan,PRIMARY_50_STATE,high,2075,168786.67186224685,,RIGHT_CENSORED_THROUGH_2075,5,"first year after which every annual direct-CO2 step through 2075 is non-increasing, with at least five subsequent modeled years; otherwise right-censored",NOT_CARBON_NEUTRALITY_AND_NOT_CUMULATIVE_PAYBACK
MI,Michigan,PRIMARY_50_STATE,low,2037,967.3704735653188,2037,IDENTIFIED,5,"first year after which every annual direct-CO2 step through 2075 is non-increasing, with at least five subsequent modeled years; otherwise right-censored",NOT_CARBON_NEUTRALITY_AND_NOT_CUMULATIVE_PAYBACK
MI,Michigan,PRIMARY_50_STATE,medium,2051,7015.201733090201,2051,IDENTIFIED,5,"first year after which every annual direct-CO2 step through 2075 is non-increasing, with at least five subsequent modeled years; otherwise right-censored",NOT_CARBON_NEUTRALITY_AND_NOT_CUMULATIVE_PAYBACK
MN,Minnesota,PRIMARY_50_STATE,high,2075,163400.32342898144,,RIGHT_CENSORED_THROUGH_2075,5,"first year after which every annual direct-CO2 step through 2075 is non-increasing, with at least five subsequent modeled years; otherwise right-censored",NOT_CARBON_NEUTRALITY_AND_NOT_CUMULATIVE_PAYBACK
MN,Minnesota,PRIMARY_50_STATE,low,2037,957.4252132703929,2037,IDENTIFIED,5,"first year after which every annual direct-CO2 step through 2075 is non-increasing, with at least five subsequent modeled years; otherwise right-censored",NOT_CARBON_NEUTRALITY_AND_NOT_CUMULATIVE_PAYBACK
MN,Minnesota,PRIMARY_50_STATE,medium,2051,6889.436968759373,2051,IDENTIFIED,5,"first year after which every annual direct-CO2 step through 2075 is non-increasing, with at least five subsequent modeled years; otherwise right-censored",NOT_CARBON_NEUTRALITY_AND_NOT_CUMULATIVE_PAYBACK
MO,Missouri,PRIMARY_50_STATE,high,2075,247149.7088796187,,RIGHT_CENSORED_THROUGH_2075,5,"first year after which every annual direct-CO2 step through 2075 is non-increasing, with at least five subsequent modeled years; otherwise right-censored",NOT_CARBON_NEUTRALITY_AND_NOT_CUMULATIVE_PAYBACK
MO,Missouri,PRIMARY_50_STATE,low,2037,1128.723467916421,2037,IDENTIFIED,5,"first year after which every annual direct-CO2 step through 2075 is non-increasing, with at least five subsequent modeled years; otherwise right-censored",NOT_CARBON_NEUTRALITY_AND_NOT_CUMULATIVE_PAYBACK
MO,Missouri,PRIMARY_50_STATE,medium,2053,9005.893189115459,2053,IDENTIFIED,5,"first year after which every annual direct-CO2 step through 2075 is non-increasing, with at least five subsequent modeled years; otherwise right-censored",NOT_CARBON_NEUTRALITY_AND_NOT_CUMULATIVE_PAYBACK
MS,Mississippi,PRIMARY_50_STATE,high,2075,173339.9143755456,,RIGHT_CENSORED_THROUGH_2075,5,"first year after which every annual direct-CO2 step through 2075 is non-increasing, with at least five subsequent modeled years; otherwise right-censored",NOT_CARBON_NEUTRALITY_AND_NOT_CUMULATIVE_PAYBACK
MS,Mississippi,PRIMARY_50_STATE,low,2037,982.6590352045891,2037,IDENTIFIED,5,"first year after which every annual direct-CO2 step through 2075 is non-increasing, with at least five subsequent modeled years; otherwise right-censored",NOT_CARBON_NEUTRALITY_AND_NOT_CUMULATIVE_PAYBACK
MS,Mississippi,PRIMARY_50_STATE,medium,2051,7155.691676034253,2051,IDENTIFIED,5,"first year after which every annual direct-CO2 step through 2075 is non-increasing, with at least five subsequent modeled years; otherwise right-censored",NOT_CARBON_NEUTRALITY_AND_NOT_CUMULATIVE_PAYBACK
MT,Montana,PRIMARY_50_STATE,high,2075,200681.32182955166,,RIGHT_CENSORED_THROUGH_2075,5,"first year after which every annual direct-CO2 step through 2075 is non-increasing, with at least five subsequent modeled years; otherwise right-censored",NOT_CARBON_NEUTRALITY_AND_NOT_CUMULATIVE_PAYBACK
MT,Montana,PRIMARY_50_STATE,low,2037,1035.564677176366,2037,IDENTIFIED,5,"first year after which every annual direct-CO2 step through 2075 is non-increasing, with at least five subsequent modeled years; otherwise right-censored",NOT_CARBON_NEUTRALITY_AND_NOT_CUMULATIVE_PAYBACK
MT,Montana,PRIMARY_50_STATE,medium,2052,7825.677187913384,2052,IDENTIFIED,5,"first year after which every annual direct-CO2 step through 2075 is non-increasing, with at least five subsequent modeled years; otherwise right-censored",NOT_CARBON_NEUTRALITY_AND_NOT_CUMULATIVE_PAYBACK
NC,North Carolina,PRIMARY_50_STATE,high,2075,148473.26744854046,,RIGHT_CENSORED_THROUGH_2075,5,"first year after which every annual direct-CO2 step through 2075 is non-increasing, with at least five subsequent modeled years; otherwise right-censored",NOT_CARBON_NEUTRALITY_AND_NOT_CUMULATIVE_PAYBACK
NC,North Carolina,PRIMARY_50_STATE,low,2037,926.3093895418144,2037,IDENTIFIED,5,"first year after which every annual direct-CO2 step through 2075 is non-increasing, with at least five subsequent modeled years; otherwise right-censored",NOT_CARBON_NEUTRALITY_AND_NOT_CUMULATIVE_PAYBACK
NC,North Carolina,PRIMARY_50_STATE,medium,2051,6523.348181313088,2051,IDENTIFIED,5,"first year after which every annual direct-CO2 step through 2075 is non-increasing, with at least five subsequent modeled years; otherwise right-censored",NOT_CARBON_NEUTRALITY_AND_NOT_CUMULATIVE_PAYBACK
ND,North Dakota,PRIMARY_50_STATE,high,2075,228702.95764672142,,RIGHT_CENSORED_THROUGH_2075,5,"first year after which every annual direct-CO2 step through 2075 is non-increasing, with at least five subsequent modeled years; otherwise right-censored",NOT_CARBON_NEUTRALITY_AND_NOT_CUMULATIVE_PAYBACK
ND,North Dakota,PRIMARY_50_STATE,low,2037,1094.4311194613576,2037,IDENTIFIED,5,"first year after which every annual direct-CO2 step through 2075 is non-increasing, with at least five subsequent modeled years; otherwise right-censored",NOT_CARBON_NEUTRALITY_AND_NOT_CUMULATIVE_PAYBACK
ND,North Dakota,PRIMARY_50_STATE,medium,2053,8547.79395751618,2053,IDENTIFIED,5,"first year after which every annual direct-CO2 step through 2075 is non-increasing, with at least five subsequent modeled years; otherwise right-censored",NOT_CARBON_NEUTRALITY_AND_NOT_CUMULATIVE_PAYBACK
NE,Nebraska,PRIMARY_50_STATE,high,2075,196154.74882488413,,RIGHT_CENSORED_THROUGH_2075,5,"first year after which every annual direct-CO2 step through 2075 is non-increasing, with at least five subsequent modeled years; otherwise right-censored",NOT_CARBON_NEUTRALITY_AND_NOT_CUMULATIVE_PAYBACK
NE,Nebraska,PRIMARY_50_STATE,low,2037,1026.7803466121384,2037,IDENTIFIED,5,"first year after which every annual direct-CO2 step through 2075 is non-increasing, with at least five subsequent modeled years; otherwise right-censored",NOT_CARBON_NEUTRALITY_AND_NOT_CUMULATIVE_PAYBACK
NE,Nebraska,PRIMARY_50_STATE,medium,2052,7714.425351667857,2052,IDENTIFIED,5,"first year after which every annual direct-CO2 step through 2075 is non-increasing, with at least five subsequent modeled years; otherwise right-censored",NOT_CARBON_NEUTRALITY_AND_NOT_CUMULATIVE_PAYBACK
NH,New Hampshire,PRIMARY_50_STATE,high,2075,106436.22778673643,,RIGHT_CENSORED_THROUGH_2075,5,"first year after which every annual direct-CO2 step through 2075 is non-increasing, with at least five subsequent modeled years; otherwise right-censored",NOT_CARBON_NEUTRALITY_AND_NOT_CUMULATIVE_PAYBACK
NH,New Hampshire,PRIMARY_50_STATE,low,2037,842.3536839340369,2037,IDENTIFIED,5,"first year after which every annual direct-CO2 step through 2075 is non-increasing, with at least five subsequent modeled years; otherwise right-censored",NOT_CARBON_NEUTRALITY_AND_NOT_CUMULATIVE_PAYBACK
NH,New Hampshire,PRIMARY_50_STATE,medium,2050,5538.877591673991,2050,IDENTIFIED,5,"first year after which every annual direct-CO2 step through 2075 is non-increasing, with at least five subsequent modeled years; otherwise right-censored",NOT_CARBON_NEUTRALITY_AND_NOT_CUMULATIVE_PAYBACK
NJ,New Jersey,PRIMARY_50_STATE,high,2075,128844.58916649524,,RIGHT_CENSORED_THROUGH_2075,5,"first year after which every annual direct-CO2 step through 2075 is non-increasing, with at least five subsequent modeled years; otherwise right-censored",NOT_CARBON_NEUTRALITY_AND_NOT_CUMULATIVE_PAYBACK
NJ,New Jersey,PRIMARY_50_STATE,low,2037,877.6139359620865,2037,IDENTIFIED,5,"first year after which every annual direct-CO2 step through 2075 is non-increasing, with at least five subsequent modeled years; otherwise right-censored",NOT_CARBON_NEUTRALITY_AND_NOT_CUMULATIVE_PAYBACK
NJ,New Jersey,PRIMARY_50_STATE,medium,2050,6012.910038844583,2050,IDENTIFIED,5,"first year after which every annual direct-CO2 step through 2075 is non-increasing, with at least five subsequent modeled years; otherwise right-censored",NOT_CARBON_NEUTRALITY_AND_NOT_CUMULATIVE_PAYBACK
NM,New Mexico,PRIMARY_50_STATE,high,2075,166292.4151115158,,RIGHT_CENSORED_THROUGH_2075,5,"first year after which every annual direct-CO2 step through 2075 is non-increasing, with at least five subsequent modeled years; otherwise right-censored",NOT_CARBON_NEUTRALITY_AND_NOT_CUMULATIVE_PAYBACK
NM,New Mexico,PRIMARY_50_STATE,low,2037,965.0618921810717,2037,IDENTIFIED,5,"first year after which every annual direct-CO2 step through 2075 is non-increasing, with at least five subsequent modeled years; otherwise right-censored",NOT_CARBON_NEUTRALITY_AND_NOT_CUMULATIVE_PAYBACK
NM,New Mexico,PRIMARY_50_STATE,medium,2051,6968.333258159286,2051,IDENTIFIED,5,"first year after which every annual direct-CO2 step through 2075 is non-increasing, with at least five subsequent modeled years; otherwise right-censored",NOT_CARBON_NEUTRALITY_AND_NOT_CUMULATIVE_PAYBACK
NV,Nevada,PRIMARY_50_STATE,high,2075,149521.53754547826,,RIGHT_CENSORED_THROUGH_2075,5,"first year after which every annual direct-CO2 step through 2075 is non-increasing, with at least five subsequent modeled years; otherwise right-censored",NOT_CARBON_NEUTRALITY_AND_NOT_CUMULATIVE_PAYBACK
NV,Nevada,PRIMARY_50_STATE,low,2037,916.756691699244,2037,IDENTIFIED,5,"first year after which every annual direct-CO2 step through 2075 is non-increasing, with at least five subsequent modeled years; otherwise right-censored",NOT_CARBON_NEUTRALITY_AND_NOT_CUMULATIVE_PAYBACK
NV,Nevada,PRIMARY_50_STATE,medium,2051,6491.532031506492,2051,IDENTIFIED,5,"first year after which every annual direct-CO2 step through 2075 is non-increasing, with at least five subsequent modeled years; otherwise right-censored",NOT_CARBON_NEUTRALITY_AND_NOT_CUMULATIVE_PAYBACK
NY,New York,PRIMARY_50_STATE,high,2075,129062.39711799346,,RIGHT_CENSORED_THROUGH_2075,5,"first year after which every annual direct-CO2 step through 2075 is non-increasing, with at least five subsequent modeled years; otherwise right-censored",NOT_CARBON_NEUTRALITY_AND_NOT_CUMULATIVE_PAYBACK
NY,New York,PRIMARY_50_STATE,low,2037,883.7803454283086,2037,IDENTIFIED,5,"first year after which every annual direct-CO2 step through 2075 is non-increasing, with at least five subsequent modeled years; otherwise right-censored",NOT_CARBON_NEUTRALITY_AND_NOT_CUMULATIVE_PAYBACK
NY,New York,PRIMARY_50_STATE,medium,2050,6046.552103426398,2050,IDENTIFIED,5,"first year after which every annual direct-CO2 step through 2075 is non-increasing, with at least five subsequent modeled years; otherwise right-censored",NOT_CARBON_NEUTRALITY_AND_NOT_CUMULATIVE_PAYBACK
OH,Ohio,PRIMARY_50_STATE,high,2075,201478.18258441048,,RIGHT_CENSORED_THROUGH_2075,5,"first year after which every annual direct-CO2 step through 2075 is non-increasing, with at least five subsequent modeled years; otherwise right-censored",NOT_CARBON_NEUTRALITY_AND_NOT_CUMULATIVE_PAYBACK
OH,Ohio,PRIMARY_50_STATE,low,2037,1035.7463075037483,2037,IDENTIFIED,5,"first year after which every annual direct-CO2 step through 2075 is non-increasing, with at least five subsequent modeled years; otherwise right-censored",NOT_CARBON_NEUTRALITY_AND_NOT_CUMULATIVE_PAYBACK
OH,Ohio,PRIMARY_50_STATE,medium,2052,7838.5179429278805,2052,IDENTIFIED,5,"first year after which every annual direct-CO2 step through 2075 is non-increasing, with at least five subsequent modeled years; otherwise right-censored",NOT_CARBON_NEUTRALITY_AND_NOT_CUMULATIVE_PAYBACK
OK,Oklahoma,PRIMARY_50_STATE,high,2075,151668.42493985043,,RIGHT_CENSORED_THROUGH_2075,5,"first year after which every annual direct-CO2 step through 2075 is non-increasing, with at least five subsequent modeled years; otherwise right-censored",NOT_CARBON_NEUTRALITY_AND_NOT_CUMULATIVE_PAYBACK
OK,Oklahoma,PRIMARY_50_STATE,low,2037,936.833675290281,2037,IDENTIFIED,5,"first year after which every annual direct-CO2 step through 2075 is non-increasing, with at least five subsequent modeled years; otherwise right-censored",NOT_CARBON_NEUTRALITY_AND_NOT_CUMULATIVE_PAYBACK
OK,Oklahoma,PRIMARY_50_STATE,medium,2051,6620.6447450967225,2051,IDENTIFIED,5,"first year after which every annual direct-CO2 step through 2075 is non-increasing, with at least five subsequent modeled years; otherwise right-censored",NOT_CARBON_NEUTRALITY_AND_NOT_CUMULATIVE_PAYBACK
OR,Oregon,PRIMARY_50_STATE,high,2075,116464.53633994011,,RIGHT_CENSORED_THROUGH_2075,5,"first year after which every annual direct-CO2 step through 2075 is non-increasing, with at least five subsequent modeled years; otherwise right-censored",NOT_CARBON_NEUTRALITY_AND_NOT_CUMULATIVE_PAYBACK
OR,Oregon,PRIMARY_50_STATE,low,2037,853.9767898027783,2037,IDENTIFIED,5,"first year after which every annual direct-CO2 step through 2075 is non-increasing, with at least five subsequent modeled years; otherwise right-censored",NOT_CARBON_NEUTRALITY_AND_NOT_CUMULATIVE_PAYBACK
OR,Oregon,PRIMARY_50_STATE,medium,2050,5730.541371355561,2050,IDENTIFIED,5,"first year after which every annual direct-CO2 step through 2075 is non-increasing, with at least five subsequent modeled years; otherwise right-censored",NOT_CARBON_NEUTRALITY_AND_NOT_CUMULATIVE_PAYBACK
PA,Pennsylvania,PRIMARY_50_STATE,high,2075,151213.52060039743,,RIGHT_CENSORED_THROUGH_2075,5,"first year after which every annual direct-CO2 step through 2075 is non-increasing, with at least five subsequent modeled years; otherwise right-censored",NOT_CARBON_NEUTRALITY_AND_NOT_CUMULATIVE_PAYBACK
PA,Pennsylvania,PRIMARY_50_STATE,low,2037,933.0694484810425,2037,IDENTIFIED,5,"first year after which every annual direct-CO2 step through 2075 is non-increasing, with at least five subsequent modeled years; otherwise right-censored",NOT_CARBON_NEUTRALITY_AND_NOT_CUMULATIVE_PAYBACK
PA,Pennsylvania,PRIMARY_50_STATE,medium,2051,6595.683576556389,2051,IDENTIFIED,5,"first year after which every annual direct-CO2 step through 2075 is non-increasing, with at least five subsequent modeled years; otherwise right-censored",NOT_CARBON_NEUTRALITY_AND_NOT_CUMULATIVE_PAYBACK
RI,Rhode Island,PRIMARY_50_STATE,high,2075,174350.45116668264,,RIGHT_CENSORED_THROUGH_2075,5,"first year after which every annual direct-CO2 step through 2075 is non-increasing, with at least five subsequent modeled years; otherwise right-censored",NOT_CARBON_NEUTRALITY_AND_NOT_CUMULATIVE_PAYBACK
RI,Rhode Island,PRIMARY_50_STATE,low,2037,979.1068976997083,2037,IDENTIFIED,5,"first year after which every annual direct-CO2 step through 2075 is non-increasing, with at least five subsequent modeled years; otherwise right-censored",NOT_CARBON_NEUTRALITY_AND_NOT_CUMULATIVE_PAYBACK
RI,Rhode Island,PRIMARY_50_STATE,medium,2052,7152.455670354601,2052,IDENTIFIED,5,"first year after which every annual direct-CO2 step through 2075 is non-increasing, with at least five subsequent modeled years; otherwise right-censored",NOT_CARBON_NEUTRALITY_AND_NOT_CUMULATIVE_PAYBACK
SC,South Carolina,PRIMARY_50_STATE,high,2075,140835.11373231738,,RIGHT_CENSORED_THROUGH_2075,5,"first year after which every annual direct-CO2 step through 2075 is non-increasing, with at least five subsequent modeled years; otherwise right-censored",NOT_CARBON_NEUTRALITY_AND_NOT_CUMULATIVE_PAYBACK
SC,South Carolina,PRIMARY_50_STATE,low,2037,914.5848133590398,2037,IDENTIFIED,5,"first year after which every annual direct-CO2 step through 2075 is non-increasing, with at least five subsequent modeled years; otherwise right-censored",NOT_CARBON_NEUTRALITY_AND_NOT_CUMULATIVE_PAYBACK
SC,South Carolina,PRIMARY_50_STATE,medium,2050,6356.872606620286,2050,IDENTIFIED,5,"first year after which every annual direct-CO2 step through 2075 is non-increasing, with at least five subsequent modeled years; otherwise right-censored",NOT_CARBON_NEUTRALITY_AND_NOT_CUMULATIVE_PAYBACK
SD,South Dakota,PRIMARY_50_STATE,high,2075,114321.86585414359,,RIGHT_CENSORED_THROUGH_2075,5,"first year after which every annual direct-CO2 step through 2075 is non-increasing, with at least five subsequent modeled years; otherwise right-censored",NOT_CARBON_NEUTRALITY_AND_NOT_CUMULATIVE_PAYBACK
SD,South Dakota,PRIMARY_50_STATE,low,2037,863.3021227376495,2037,IDENTIFIED,5,"first year after which every annual direct-CO2 step through 2075 is non-increasing, with at least five subsequent modeled years; otherwise right-censored",NOT_CARBON_NEUTRALITY_AND_NOT_CUMULATIVE_PAYBACK
SD,South Dakota,PRIMARY_50_STATE,medium,2050,5748.082789015349,2050,IDENTIFIED,5,"first year after which every annual direct-CO2 step through 2075 is non-increasing, with at least five subsequent modeled years; otherwise right-censored",NOT_CARBON_NEUTRALITY_AND_NOT_CUMULATIVE_PAYBACK
TN,Tennessee,PRIMARY_50_STATE,high,2075,152744.5871388388,,RIGHT_CENSORED_THROUGH_2075,5,"first year after which every annual direct-CO2 step through 2075 is non-increasing, with at least five subsequent modeled years; otherwise right-censored",NOT_CARBON_NEUTRALITY_AND_NOT_CUMULATIVE_PAYBACK
TN,Tennessee,PRIMARY_50_STATE,low,2037,937.6944911800925,2037,IDENTIFIED,5,"first year after which every annual direct-CO2 step through 2075 is non-increasing, with at least five subsequent modeled years; otherwise right-censored",NOT_CARBON_NEUTRALITY_AND_NOT_CUMULATIVE_PAYBACK
TN,Tennessee,PRIMARY_50_STATE,medium,2051,6640.268103273928,2051,IDENTIFIED,5,"first year after which every annual direct-CO2 step through 2075 is non-increasing, with at least five subsequent modeled years; otherwise right-censored",NOT_CARBON_NEUTRALITY_AND_NOT_CUMULATIVE_PAYBACK
TX,Texas,PRIMARY_50_STATE,high,2075,165717.08800043535,,RIGHT_CENSORED_THROUGH_2075,5,"first year after which every annual direct-CO2 step through 2075 is non-increasing, with at least five subsequent modeled years; otherwise right-censored",NOT_CARBON_NEUTRALITY_AND_NOT_CUMULATIVE_PAYBACK
TX,Texas,PRIMARY_50_STATE,low,2037,960.2682591192648,2037,IDENTIFIED,5,"first year after which every annual direct-CO2 step through 2075 is non-increasing, with at least five subsequent modeled years; otherwise right-censored",NOT_CARBON_NEUTRALITY_AND_NOT_CUMULATIVE_PAYBACK
TX,Texas,PRIMARY_50_STATE,medium,2051,6936.436756351429,2051,IDENTIFIED,5,"first year after which every annual direct-CO2 step through 2075 is non-increasing, with at least five subsequent modeled years; otherwise right-censored",NOT_CARBON_NEUTRALITY_AND_NOT_CUMULATIVE_PAYBACK
UT,Utah,PRIMARY_50_STATE,high,2075,242850.62218451142,,RIGHT_CENSORED_THROUGH_2075,5,"first year after which every annual direct-CO2 step through 2075 is non-increasing, with at least five subsequent modeled years; otherwise right-censored",NOT_CARBON_NEUTRALITY_AND_NOT_CUMULATIVE_PAYBACK
UT,Utah,PRIMARY_50_STATE,low,2037,1112.4671804456807,2037,IDENTIFIED,5,"first year after which every annual direct-CO2 step through 2075 is non-increasing, with at least five subsequent modeled years; otherwise right-censored",NOT_CARBON_NEUTRALITY_AND_NOT_CUMULATIVE_PAYBACK
UT,Utah,PRIMARY_50_STATE,medium,2053,8857.811884138066,2053,IDENTIFIED,5,"first year after which every annual direct-CO2 step through 2075 is non-increasing, with at least five subsequent modeled years; otherwise right-censored",NOT_CARBON_NEUTRALITY_AND_NOT_CUMULATIVE_PAYBACK
VA,Virginia,PRIMARY_50_STATE,high,2075,137766.15251739524,,RIGHT_CENSORED_THROUGH_2075,5,"first year after which every annual direct-CO2 step through 2075 is non-increasing, with at least five subsequent modeled years; otherwise right-censored",NOT_CARBON_NEUTRALITY_AND_NOT_CUMULATIVE_PAYBACK
VA,Virginia,PRIMARY_50_STATE,low,2037,902.228960841306,2037,IDENTIFIED,5,"first year after which every annual direct-CO2 step through 2075 is non-increasing, with at least five subsequent modeled years; otherwise right-censored",NOT_CARBON_NEUTRALITY_AND_NOT_CUMULATIVE_PAYBACK
VA,Virginia,PRIMARY_50_STATE,medium,2050,6254.298948957203,2050,IDENTIFIED,5,"first year after which every annual direct-CO2 step through 2075 is non-increasing, with at least five subsequent modeled years; otherwise right-censored",NOT_CARBON_NEUTRALITY_AND_NOT_CUMULATIVE_PAYBACK
VT,Vermont,PRIMARY_50_STATE,high,2075,78164.5083026607,,RIGHT_CENSORED_THROUGH_2075,5,"first year after which every annual direct-CO2 step through 2075 is non-increasing, with at least five subsequent modeled years; otherwise right-censored",NOT_CARBON_NEUTRALITY_AND_NOT_CUMULATIVE_PAYBACK
VT,Vermont,PRIMARY_50_STATE,low,2037,779.342305828298,2037,IDENTIFIED,5,"first year after which every annual direct-CO2 step through 2075 is non-increasing, with at least five subsequent modeled years; otherwise right-censored",NOT_CARBON_NEUTRALITY_AND_NOT_CUMULATIVE_PAYBACK
VT,Vermont,PRIMARY_50_STATE,medium,2049,4856.496048976421,2049,IDENTIFIED,5,"first year after which every annual direct-CO2 step through 2075 is non-increasing, with at least five subsequent modeled years; otherwise right-censored",NOT_CARBON_NEUTRALITY_AND_NOT_CUMULATIVE_PAYBACK
WA,Washington,PRIMARY_50_STATE,high,2075,103937.22910362168,,RIGHT_CENSORED_THROUGH_2075,5,"first year after which every annual direct-CO2 step through 2075 is non-increasing, with at least five subsequent modeled years; otherwise right-censored",NOT_CARBON_NEUTRALITY_AND_NOT_CUMULATIVE_PAYBACK
WA,Washington,PRIMARY_50_STATE,low,2037,823.0684442535779,2037,IDENTIFIED,5,"first year after which every annual direct-CO2 step through 2075 is non-increasing, with at least five subsequent modeled years; otherwise right-censored",NOT_CARBON_NEUTRALITY_AND_NOT_CUMULATIVE_PAYBACK
WA,Washington,PRIMARY_50_STATE,medium,2050,5410.255105137934,2050,IDENTIFIED,5,"first year after which every annual direct-CO2 step through 2075 is non-increasing, with at least five subsequent modeled years; otherwise right-censored",NOT_CARBON_NEUTRALITY_AND_NOT_CUMULATIVE_PAYBACK
WI,Wisconsin,PRIMARY_50_STATE,high,2075,212724.3774363561,,RIGHT_CENSORED_THROUGH_2075,5,"first year after which every annual direct-CO2 step through 2075 is non-increasing, with at least five subsequent modeled years; otherwise right-censored",NOT_CARBON_NEUTRALITY_AND_NOT_CUMULATIVE_PAYBACK
WI,Wisconsin,PRIMARY_50_STATE,low,2037,1059.3243045119445,2037,IDENTIFIED,5,"first year after which every annual direct-CO2 step through 2075 is non-increasing, with at least five subsequent modeled years; otherwise right-censored",NOT_CARBON_NEUTRALITY_AND_NOT_CUMULATIVE_PAYBACK
WI,Wisconsin,PRIMARY_50_STATE,medium,2053,8124.345769346538,2053,IDENTIFIED,5,"first year after which every annual direct-CO2 step through 2075 is non-increasing, with at least five subsequent modeled years; otherwise right-censored",NOT_CARBON_NEUTRALITY_AND_NOT_CUMULATIVE_PAYBACK
WV,West Virginia,PRIMARY_50_STATE,high,2075,308456.11421218386,,RIGHT_CENSORED_THROUGH_2075,5,"first year after which every annual direct-CO2 step through 2075 is non-increasing, with at least five subsequent modeled years; otherwise right-censored",NOT_CARBON_NEUTRALITY_AND_NOT_CUMULATIVE_PAYBACK
WV,West Virginia,PRIMARY_50_STATE,low,2038,1256.1256602111896,2038,IDENTIFIED,5,"first year after which every annual direct-CO2 step through 2075 is non-increasing, with at least five subsequent modeled years; otherwise right-censored",NOT_CARBON_NEUTRALITY_AND_NOT_CUMULATIVE_PAYBACK
WV,West Virginia,PRIMARY_50_STATE,medium,2055,10619.727204502513,2055,IDENTIFIED,5,"first year after which every annual direct-CO2 step through 2075 is non-increasing, with at least five subsequent modeled years; otherwise right-censored",NOT_CARBON_NEUTRALITY_AND_NOT_CUMULATIVE_PAYBACK
WY,Wyoming,PRIMARY_50_STATE,high,2075,292411.70494357625,,RIGHT_CENSORED_THROUGH_2075,5,"first year after which every annual direct-CO2 step through 2075 is non-increasing, with at least five subsequent modeled years; otherwise right-censored",NOT_CARBON_NEUTRALITY_AND_NOT_CUMULATIVE_PAYBACK
WY,Wyoming,PRIMARY_50_STATE,low,2037,1222.6126102402245,2037,IDENTIFIED,5,"first year after which every annual direct-CO2 step through 2075 is non-increasing, with at least five subsequent modeled years; otherwise right-censored",NOT_CARBON_NEUTRALITY_AND_NOT_CUMULATIVE_PAYBACK
WY,Wyoming,PRIMARY_50_STATE,medium,2054,10200.49559235872,2054,IDENTIFIED,5,"first year after which every annual direct-CO2 step through 2075 is non-increasing, with at least five subsequent modeled years; otherwise right-censored",NOT_CARBON_NEUTRALITY_AND_NOT_CUMULATIVE_PAYBACK
