source_id,local_file,sha256,role,authority_status
ATLAS_SCENARIO_CONTRACT,inputs/atlas_scenario_contract_v1.json,6796de3dfd47c951f040d48ec11cf9a75d531b4eb63f64aa90be3b103ef81ff5,registered comparative-scenario contract,PROVISIONAL_OWNER_APPROVAL_REQUIRED
STATE_CORE_PREFILL,data/state_core_machine_prefill_v1.csv,0f56a3d39fbef608eb59a8703109e401cce81e26773f6a6c496b56e78de1a242,"state stock, BEV and eGRID context",MACHINE_PREFILL_VALIDATED
STATE_URBAN_RURAL_PREFILL,data/state_urban_rural_machine_prefill_v1.csv,473aaaafbaa5122d193c6f9d02314804d2592417db60fd0067ba15f6441887f1,descriptive Census/FHWA covariates,MACHINE_PREFILL_VALIDATED
STATE_RPS_CES_PREFILL,data/state_policy_machine_prefill_v1.csv,791434ce90d975a23c16e576ad3baf5dc725a35ef1b84e60f4e3efdfc75474fe,descriptive policy covariates,MACHINE_PREFILL_VALIDATED
STATE_ACCII_PREFILL,data/vehicle_policy_prefill_v1.csv,00eb32e424b8c369ef69703fd8fed83d7187e69cab047bf33ea2818684cb119f,descriptive legal screening,LEGAL_ENFORCEABILITY_NOT_VERIFIED
STATE_HAV_POLICY_PREFILL,data/state_av_policy_context_v1.csv,6b6def1f037fbba1e966b4491de04fcd0a66e77e6d1c246e1c619056866cdb20,descriptive HAV policy screening,MACHINE_SCREEN_NOT_LEGAL_OPINION
PREFILL_SOURCE_MANIFEST,data/source_manifest_v1.csv,8355742ab3bfa95e09026529751567e84471e3cd46c6417993960d5c2d28245f,hash chain to frozen official snapshots,VALIDATED_BY_PREFILL_VALIDATOR
PREFILL_OUTPUT_MANIFEST,data/output_manifest_v1.csv,91b0a3ab601c5f41c1aedccdb737982ea12b64abd28d93fbcbb72a326574301d,hash chain to machine-prefill products,VALIDATED_BY_PREFILL_VALIDATOR
FROZEN_ECAV_UNIT_LEDGER,sources/unit_ledgers/ecav_complete_numeric_2026-08-25.csv,ceba8bf65855cc911aa7b255e3cc818fc23d23d52150d531acf2def772320cb2,engineering unit loads,FROZEN_2026_08_25_PIPELINE_DERIVATIVE
FROZEN_STI_UNIT_LEDGER,sources/unit_ledgers/sti_complete_numeric_2026-08-25.csv,ee3791d76c2e5363c460455428c1f9f772417125ed58860a7f344301101c204d,engineering unit loads,FROZEN_2026_08_25_PIPELINE_DERIVATIVE
ACTIVE_NUMERIC_ASSUMPTIONS,CLEAR_ATS_Evidence_Constrained_Complete_Pipeline/inputs/complete_numeric_assumptions.json,da92834e2f01d2afb6c3db1819788dca51143ae05fc5bd5b6b59c5dd7ee30fb2,engineering kernel configuration source,PIPELINE_AUTHORITY_GATE_CURRENTLY_NOT_PASS
ACTIVE_REGIONAL_MODEL_KERNEL,CLEAR_ATS_Evidence_Constrained_Complete_Pipeline/scripts/build_complete_regional_model.py,cc4e34cac9d3ef182422894f64ff7250e6995feeab4a1fbab0afc0279d489e96,imported cohort and load functions,PIPELINE_AUTHORITY_GATE_CURRENTLY_NOT_PASS
ACTIVE_RUN_STATUS_AT_BUILD,CLEAR_ATS_Evidence_Constrained_Complete_Pipeline/outputs/run_status.json,bb9a3f7531a05a5084991c45b2343444f51c5040bda4be524e8bfb81644c2c34,dependency-status disclosure,READ_ONLY_SNAPSHOT_REFERENCE
ACTIVE_ECAV_UNIT_OUTPUT,CLEAR_ATS_Evidence_Constrained_Complete_Pipeline/outputs/ecav_complete_numeric.csv,ceba8bf65855cc911aa7b255e3cc818fc23d23d52150d531acf2def772320cb2,provenance parity for frozen E-CAV ledger,BYTE_EQUAL_TO_FROZEN_COPY_AT_BUILD
ACTIVE_STI_UNIT_OUTPUT,CLEAR_ATS_Evidence_Constrained_Complete_Pipeline/outputs/sti_complete_numeric.csv,ee3791d76c2e5363c460455428c1f9f772417125ed58860a7f344301101c204d,provenance parity for frozen STI ledger,BYTE_EQUAL_TO_FROZEN_COPY_AT_BUILD
PROTECTED_PAPER_ASSET_1,6882485da2f23834a5cf0e72/figs/fig5_future_trend/figure5.pdf,fe635e37416565ecdbfeda31d1efc386640989c53abd3ca4f9bebf5166007d69,read-only boundary fingerprint; atlas does not consume this value,PROTECTED_CLOUD_MANUSCRIPT_AUTHORITY_ASSET_NOT_ATLAS_INPUT
PROTECTED_PAPER_ASSET_2,6882485da2f23834a5cf0e72/figs/fig4_case_study/CA_45.pdf,6b350890fb2aa9ffba07b28909ab277a33aad6c935a0e62e88913dc9e742b8e8,read-only boundary fingerprint; atlas does not consume this value,PROTECTED_CLOUD_MANUSCRIPT_AUTHORITY_ASSET_NOT_ATLAS_INPUT
PROTECTED_PAPER_ASSET_3,6882485da2f23834a5cf0e72/figs/fig4_case_study/CA_75.pdf,98f406514cc7e3c1261b6de9d721700242c5f3702a29e417e03ad65339e4ec90,read-only boundary fingerprint; atlas does not consume this value,PROTECTED_CLOUD_MANUSCRIPT_AUTHORITY_ASSET_NOT_ATLAS_INPUT
PROTECTED_PAPER_ASSET_4,6882485da2f23834a5cf0e72/figs/fig4_case_study/OH_451.pdf,f663ee520c370eaccf11b98b04ac68bd66153ce8f9c1ebe3571aabb91ce56161,read-only boundary fingerprint; atlas does not consume this value,PROTECTED_CLOUD_MANUSCRIPT_AUTHORITY_ASSET_NOT_ATLAS_INPUT
PROTECTED_PAPER_ASSET_5,6882485da2f23834a5cf0e72/figs/fig4_case_study/OH_75.pdf,4c325c4c13beae4e7c2d9cc583779c6406f466d6b4236dc40e7fa1f6aaf7ca33,read-only boundary fingerprint; atlas does not consume this value,PROTECTED_CLOUD_MANUSCRIPT_AUTHORITY_ASSET_NOT_ATLAS_INPUT
