state,state_name,scope_role,scenario_bundle,endpoint_year,normalized_bundle_carrier_input_mwh_eq,normalized_bundle_direct_co2_metric_tonnes,cav_direct_co2_kg_per_registered_auto_capacity,sti_direct_co2_kg_per_signalized_site_capacity,sustained_nonincrease_onset_year,turning_status,census_2020_urban_population_share,census_2020_rural_population_share,urban_vmt_share,rural_vmt_share,urban_vmt_minus_urban_population_share,census_2020_urban_land_share,rps_status,rps_target_2050,ces_status,ces_target_2050,acc_ii_screening_status,acc_ii_legal_review_needed_for_enforceability_claim,hav_operation_family_machine_screen,hav_current_law_verification_status,approved_use,forbidden_use,geography_warning
AK,Alaska,PRIMARY_50_STATE,medium,2050,41627.48262174253,7063.58860507383,7.0366103996600495,26.97820541378035,2051,IDENTIFIED,0.6489948744939602,0.35100512550603974,0.5723017152613565,0.42769828473864346,-0.07669315923260367,0.0005681934022614517,NONE_TRACKED_BY_LBNL_2026,0.0,NONE_TRACKED_BY_LBNL_2026,0.0,NOT_IN_EPA_2024_ACCII_ADOPTER_LIST,YES,NONE_CAPTURED,MACHINE_SCREEN_ONLY_NOT_LEGAL_OPINION,DESCRIPTIVE_STATE_LEVEL_COVARIATE_AND_HYPOTHESIS_GENERATION_ONLY,NO_CAUSAL_POLICY_EFFECT_NO_WITHIN_STATE_CITY_EFFECT_NO_URBAN_RURAL_ALLOCATION_YET,FHWA functional-system rural/urban classification; not automatically interchangeable with Census 2020 urban-area boundaries
AL,Alabama,PRIMARY_50_STATE,medium,2050,41655.953894536746,6796.297971604725,6.772612355581079,23.685616023645718,2051,IDENTIFIED,0.577372395123758,0.422627604876242,0.5994741827903789,0.40052581707245427,0.022101787666620853,0.04133450213878344,NONE_TRACKED_BY_LBNL_2026,0.0,NONE_TRACKED_BY_LBNL_2026,0.0,NOT_IN_EPA_2024_ACCII_ADOPTER_LIST,YES,DEPLOYMENT,MACHINE_SCREEN_ONLY_NOT_LEGAL_OPINION,DESCRIPTIVE_STATE_LEVEL_COVARIATE_AND_HYPOTHESIS_GENERATION_ONLY,NO_CAUSAL_POLICY_EFFECT_NO_WITHIN_STATE_CITY_EFFECT_NO_URBAN_RURAL_ALLOCATION_YET,FHWA functional-system rural/urban classification; not automatically interchangeable with Census 2020 urban-area boundaries
AR,Arkansas,PRIMARY_50_STATE,medium,2050,41662.346946831654,7589.587154853958,7.556492927003561,33.094227850396855,2052,IDENTIFIED,0.5547613102203403,0.44523868977965975,0.5334466328541698,0.4665533671458302,-0.02131467736617043,0.020922534927692867,NONE_TRACKED_BY_LBNL_2026,0.0,NONE_TRACKED_BY_LBNL_2026,0.0,NOT_IN_EPA_2024_ACCII_ADOPTER_LIST,YES,DEPLOYMENT,MACHINE_SCREEN_ONLY_NOT_LEGAL_OPINION,DESCRIPTIVE_STATE_LEVEL_COVARIATE_AND_HYPOTHESIS_GENERATION_ONLY,NO_CAUSAL_POLICY_EFFECT_NO_WITHIN_STATE_CITY_EFFECT_NO_URBAN_RURAL_ALLOCATION_YET,FHWA functional-system rural/urban classification; not automatically interchangeable with Census 2020 urban-area boundaries
AZ,Arizona,PRIMARY_50_STATE,medium,2050,41448.20968345487,6656.888789114844,6.634012695149763,22.876093965081306,2051,IDENTIFIED,0.8928515995660772,0.10714840043392285,0.7372322466883408,0.2627677531697169,-0.15561935287773643,0.01903696104476301,REPEALED_OR_EXPIRED_BY_2026,0.0,NONE_TRACKED_BY_LBNL_2026,0.0,NOT_IN_EPA_2024_ACCII_ADOPTER_LIST,YES,DEPLOYMENT,MACHINE_SCREEN_ONLY_NOT_LEGAL_OPINION,DESCRIPTIVE_STATE_LEVEL_COVARIATE_AND_HYPOTHESIS_GENERATION_ONLY,NO_CAUSAL_POLICY_EFFECT_NO_WITHIN_STATE_CITY_EFFECT_NO_URBAN_RURAL_ALLOCATION_YET,FHWA functional-system rural/urban classification; not automatically interchangeable with Census 2020 urban-area boundaries
CA,California,PRIMARY_50_STATE,medium,2050,41105.51591873121,5709.366996566472,5.696258535795432,13.108460771040098,2050,IDENTIFIED,0.9423663273890684,0.05763367261093146,0.8124248656103729,0.18757513442030582,-0.1299414617786956,0.04990954886487228,ACTIVE_FUTURE_TARGET_TRACKED,0.6,ACTIVE_FUTURE_TARGET_TRACKED,1.0,ADOPTED_FULL,YES,DEPLOYMENT,MACHINE_SCREEN_ONLY_NOT_LEGAL_OPINION,DESCRIPTIVE_STATE_LEVEL_COVARIATE_AND_HYPOTHESIS_GENERATION_ONLY,NO_CAUSAL_POLICY_EFFECT_NO_WITHIN_STATE_CITY_EFFECT_NO_URBAN_RURAL_ALLOCATION_YET,FHWA functional-system rural/urban classification; not automatically interchangeable with Census 2020 urban-area boundaries
CO,Colorado,PRIMARY_50_STATE,medium,2050,41347.5876215809,7744.683712272652,7.708537686202463,36.146026070189784,2052,IDENTIFIED,0.8602670655318224,0.13973293446817767,0.7067407227321731,0.2932592772678269,-0.15352634279964927,0.01521378817682841,ACTIVE_FUTURE_TARGET_TRACKED,0.23880373669488295,ACTIVE_FUTURE_TARGET_TRACKED,0.9190031104381297,ADOPTED_PARTIAL_MY2027_2032,YES,DEPLOYMENT,MACHINE_SCREEN_ONLY_NOT_LEGAL_OPINION,DESCRIPTIVE_STATE_LEVEL_COVARIATE_AND_HYPOTHESIS_GENERATION_ONLY,NO_CAUSAL_POLICY_EFFECT_NO_WITHIN_STATE_CITY_EFFECT_NO_URBAN_RURAL_ALLOCATION_YET,FHWA functional-system rural/urban classification; not automatically interchangeable with Census 2020 urban-area boundaries
CT,Connecticut,PRIMARY_50_STATE,medium,2050,41508.783629837424,6260.747790360248,6.242816177176081,17.931613184165812,2050,IDENTIFIED,0.8625072935131548,0.13749270648684506,0.8969599974396374,0.10304000256036262,0.034452703926482586,0.34554930777233156,ACTIVE_FUTURE_TARGET_TRACKED,0.32999999999999996,ACTIVE_FUTURE_TARGET_TRACKED,1.0,NOT_IN_EPA_2024_ACCII_ADOPTER_LIST,YES,NONE_CAPTURED,MACHINE_SCREEN_ONLY_NOT_LEGAL_OPINION,DESCRIPTIVE_STATE_LEVEL_COVARIATE_AND_HYPOTHESIS_GENERATION_ONLY,NO_CAUSAL_POLICY_EFFECT_NO_WITHIN_STATE_CITY_EFFECT_NO_URBAN_RURAL_ALLOCATION_YET,FHWA functional-system rural/urban classification; not automatically interchangeable with Census 2020 urban-area boundaries
DC,District of Columbia,SUPPLEMENTAL_DC,medium,2050,41180.051090570625,5737.8388578953845,5.724709975847723,13.128882047661497,2050,IDENTIFIED,1.0,0.0,1.0,0.0,0.0,1.0,ACTIVE_FUTURE_TARGET_TRACKED,1.0,NONE_TRACKED_BY_LBNL_2026,0.0,ADOPTED_START_MY2027,YES,TESTING,MACHINE_SCREEN_ONLY_NOT_LEGAL_OPINION,DESCRIPTIVE_STATE_LEVEL_COVARIATE_AND_HYPOTHESIS_GENERATION_ONLY,NO_CAUSAL_POLICY_EFFECT_NO_WITHIN_STATE_CITY_EFFECT_NO_URBAN_RURAL_ALLOCATION_YET,FHWA functional-system rural/urban classification; not automatically interchangeable with Census 2020 urban-area boundaries
DE,Delaware,PRIMARY_50_STATE,medium,2050,41501.55429335594,6721.580186769309,6.698154217450373,23.425969318935792,2051,IDENTIFIED,0.8261211700008485,0.17387882999915147,0.7263213250586674,0.27367867594771783,-0.09979984494218108,0.2204955512714037,ACTIVE_FUTURE_TARGET_TRACKED,0.4,NONE_TRACKED_BY_LBNL_2026,0.0,ADOPTED_PARTIAL_MY2027_2032,YES,NONE_CAPTURED,MACHINE_SCREEN_ONLY_NOT_LEGAL_OPINION,DESCRIPTIVE_STATE_LEVEL_COVARIATE_AND_HYPOTHESIS_GENERATION_ONLY,NO_CAUSAL_POLICY_EFFECT_NO_WITHIN_STATE_CITY_EFFECT_NO_URBAN_RURAL_ALLOCATION_YET,FHWA functional-system rural/urban classification; not automatically interchangeable with Census 2020 urban-area boundaries
FL,Florida,PRIMARY_50_STATE,medium,2050,41419.89724139127,6928.427645835637,6.902221617861999,26.206027973637784,2051,IDENTIFIED,0.9153419459121604,0.08465805408783943,0.8357039713326138,0.16429602866738627,-0.07963797457954669,0.1482093239785289,NONE_TRACKED_BY_LBNL_2026,0.0,NONE_TRACKED_BY_LBNL_2026,0.0,NOT_IN_EPA_2024_ACCII_ADOPTER_LIST,YES,DEPLOYMENT,MACHINE_SCREEN_ONLY_NOT_LEGAL_OPINION,DESCRIPTIVE_STATE_LEVEL_COVARIATE_AND_HYPOTHESIS_GENERATION_ONLY,NO_CAUSAL_POLICY_EFFECT_NO_WITHIN_STATE_CITY_EFFECT_NO_URBAN_RURAL_ALLOCATION_YET,FHWA functional-system rural/urban classification; not automatically interchangeable with Census 2020 urban-area boundaries
GA,Georgia,PRIMARY_50_STATE,medium,2050,41510.624201596125,6754.56668628216,6.730786359509029,23.78032677313125,2051,IDENTIFIED,0.7406697294263543,0.2593302705736457,0.6947635482734442,0.30523645164473323,-0.04590618115291012,0.08077707346967841,NONE_TRACKED_BY_LBNL_2026,0.0,NONE_TRACKED_BY_LBNL_2026,0.0,NOT_IN_EPA_2024_ACCII_ADOPTER_LIST,YES,DEPLOYMENT,MACHINE_SCREEN_ONLY_NOT_LEGAL_OPINION,DESCRIPTIVE_STATE_LEVEL_COVARIATE_AND_HYPOTHESIS_GENERATION_ONLY,NO_CAUSAL_POLICY_EFFECT_NO_WITHIN_STATE_CITY_EFFECT_NO_URBAN_RURAL_ALLOCATION_YET,FHWA functional-system rural/urban classification; not automatically interchangeable with Census 2020 urban-area boundaries
HI,Hawaii,PRIMARY_50_STATE,medium,2050,41310.06009240684,8578.764061096223,8.532620271034439,46.143790061785026,2053,IDENTIFIED,0.8606300819572437,0.1393699180427563,0.8215216679787378,0.17847833202126218,-0.03910841397850584,0.047084172707144364,ACTIVE_FUTURE_TARGET_TRACKED,1.0,NONE_TRACKED_BY_LBNL_2026,0.0,NOT_IN_EPA_2024_ACCII_ADOPTER_LIST,YES,TESTING,MACHINE_SCREEN_ONLY_NOT_LEGAL_OPINION,DESCRIPTIVE_STATE_LEVEL_COVARIATE_AND_HYPOTHESIS_GENERATION_ONLY,NO_CAUSAL_POLICY_EFFECT_NO_WITHIN_STATE_CITY_EFFECT_NO_URBAN_RURAL_ALLOCATION_YET,FHWA functional-system rural/urban classification; not automatically interchangeable with Census 2020 urban-area boundaries
IA,Iowa,PRIMARY_50_STATE,medium,2050,41658.806294297254,6570.926686695538,6.549932848114445,20.993838581091694,2051,IDENTIFIED,0.6315354117345047,0.3684645882654954,0.4130044735374297,0.5869955264625704,-0.21853093819707498,0.01749084873712544,ACTIVE_FUTURE_TARGET_TRACKED,0.004859271286810412,NONE_TRACKED_BY_LBNL_2026,0.0,NOT_IN_EPA_2024_ACCII_ADOPTER_LIST,YES,DEPLOYMENT,MACHINE_SCREEN_ONLY_NOT_LEGAL_OPINION,DESCRIPTIVE_STATE_LEVEL_COVARIATE_AND_HYPOTHESIS_GENERATION_ONLY,NO_CAUSAL_POLICY_EFFECT_NO_WITHIN_STATE_CITY_EFFECT_NO_URBAN_RURAL_ALLOCATION_YET,FHWA functional-system rural/urban classification; not automatically interchangeable with Census 2020 urban-area boundaries
ID,Idaho,PRIMARY_50_STATE,medium,2050,41631.7274203646,5673.383332849689,5.662946428126571,10.436904723117706,2050,IDENTIFIED,0.6924217527429087,0.3075782472570912,0.43209624657377355,0.5679037534262265,-0.2603255061691352,0.00578934170945012,NONE_TRACKED_BY_LBNL_2026,0.0,NONE_TRACKED_BY_LBNL_2026,0.0,NOT_IN_EPA_2024_ACCII_ADOPTER_LIST,YES,NONE_CAPTURED,MACHINE_SCREEN_ONLY_NOT_LEGAL_OPINION,DESCRIPTIVE_STATE_LEVEL_COVARIATE_AND_HYPOTHESIS_GENERATION_ONLY,NO_CAUSAL_POLICY_EFFECT_NO_WITHIN_STATE_CITY_EFFECT_NO_URBAN_RURAL_ALLOCATION_YET,FHWA functional-system rural/urban classification; not automatically interchangeable with Census 2020 urban-area boundaries
IL,Illinois,PRIMARY_50_STATE,medium,2050,41515.033534729926,6075.984049953125,6.060269827622461,15.714222330663532,2050,IDENTIFIED,0.8692747743064824,0.1307252256935176,0.7609058001986502,0.23909419980134985,-0.1083689741078322,0.06672024816334504,ACTIVE_FUTURE_TARGET_TRACKED,0.5,ACTIVE_FUTURE_TARGET_TRACKED,1.0,NOT_IN_EPA_2024_ACCII_ADOPTER_LIST,YES,NONE_CAPTURED,MACHINE_SCREEN_ONLY_NOT_LEGAL_OPINION,DESCRIPTIVE_STATE_LEVEL_COVARIATE_AND_HYPOTHESIS_GENERATION_ONLY,NO_CAUSAL_POLICY_EFFECT_NO_WITHIN_STATE_CITY_EFFECT_NO_URBAN_RURAL_ALLOCATION_YET,FHWA functional-system rural/urban classification; not automatically interchangeable with Census 2020 urban-area boundaries
IN,Indiana,PRIMARY_50_STATE,medium,2050,41624.345065424706,8877.161516931112,8.828617177485865,48.54433944524563,2053,IDENTIFIED,0.7117627397602662,0.28823726023973373,0.614631689850631,0.385368310149369,-0.09713104990963517,0.06769525204667658,NONE_TRACKED_BY_LBNL_2026,0.0,NONE_TRACKED_BY_LBNL_2026,0.0,NOT_IN_EPA_2024_ACCII_ADOPTER_LIST,YES,NONE_CAPTURED,MACHINE_SCREEN_ONLY_NOT_LEGAL_OPINION,DESCRIPTIVE_STATE_LEVEL_COVARIATE_AND_HYPOTHESIS_GENERATION_ONLY,NO_CAUSAL_POLICY_EFFECT_NO_WITHIN_STATE_CITY_EFFECT_NO_URBAN_RURAL_ALLOCATION_YET,FHWA functional-system rural/urban classification; not automatically interchangeable with Census 2020 urban-area boundaries
KS,Kansas,PRIMARY_50_STATE,medium,2050,41629.7249352084,6835.454963540865,6.811197285262501,24.257678278364562,2051,IDENTIFIED,0.7229903876264516,0.27700961237354826,0.5317929878559227,0.46820701214407734,-0.19119739977052896,0.01193969754581853,REPEALED_OR_EXPIRED_BY_2026,0.0,NONE_TRACKED_BY_LBNL_2026,0.0,NOT_IN_EPA_2024_ACCII_ADOPTER_LIST,YES,DEPLOYMENT,MACHINE_SCREEN_ONLY_NOT_LEGAL_OPINION,DESCRIPTIVE_STATE_LEVEL_COVARIATE_AND_HYPOTHESIS_GENERATION_ONLY,NO_CAUSAL_POLICY_EFFECT_NO_WITHIN_STATE_CITY_EFFECT_NO_URBAN_RURAL_ALLOCATION_YET,FHWA functional-system rural/urban classification; not automatically interchangeable with Census 2020 urban-area boundaries
KY,Kentucky,PRIMARY_50_STATE,medium,2050,41653.931858876334,9664.448483956123,9.606648975424937,57.7995085311841,2054,IDENTIFIED,0.5869845240705609,0.41301547592943905,0.4762077484961109,0.5237922513005066,-0.11077677557444998,0.03492527434629356,NONE_TRACKED_BY_LBNL_2026,0.0,NONE_TRACKED_BY_LBNL_2026,0.0,NOT_IN_EPA_2024_ACCII_ADOPTER_LIST,YES,DEPLOYMENT,MACHINE_SCREEN_ONLY_NOT_LEGAL_OPINION,DESCRIPTIVE_STATE_LEVEL_COVARIATE_AND_HYPOTHESIS_GENERATION_ONLY,NO_CAUSAL_POLICY_EFFECT_NO_WITHIN_STATE_CITY_EFFECT_NO_URBAN_RURAL_ALLOCATION_YET,FHWA functional-system rural/urban classification; not automatically interchangeable with Census 2020 urban-area boundaries
LA,Louisiana,PRIMARY_50_STATE,medium,2050,41643.44498137397,6933.289137109039,6.907923979352695,25.36515775634461,2051,IDENTIFIED,0.7154166694398182,0.28458333056018165,0.6226502108900343,0.37734978910996575,-0.09276645854978394,0.04515930579543167,NONE_TRACKED_BY_LBNL_2026,0.0,NONE_TRACKED_BY_LBNL_2026,0.0,NOT_IN_EPA_2024_ACCII_ADOPTER_LIST,YES,DEPLOYMENT,MACHINE_SCREEN_ONLY_NOT_LEGAL_OPINION,DESCRIPTIVE_STATE_LEVEL_COVARIATE_AND_HYPOTHESIS_GENERATION_ONLY,NO_CAUSAL_POLICY_EFFECT_NO_WITHIN_STATE_CITY_EFFECT_NO_URBAN_RURAL_ALLOCATION_YET,FHWA functional-system rural/urban classification; not automatically interchangeable with Census 2020 urban-area boundaries
MA,Massachusetts,PRIMARY_50_STATE,medium,2050,41459.55210872823,7042.341874892718,7.014945049965031,27.396824927686538,2051,IDENTIFIED,0.9127981169621207,0.08720188303787939,0.9544333350631016,0.04556666477564271,0.04163521810098092,0.3706396762944842,ACTIVE_FUTURE_TARGET_TRACKED,0.6707000000000002,ACTIVE_FUTURE_TARGET_TRACKED,1.0,ADOPTED_FULL,YES,TESTING,MACHINE_SCREEN_ONLY_NOT_LEGAL_OPINION,DESCRIPTIVE_STATE_LEVEL_COVARIATE_AND_HYPOTHESIS_GENERATION_ONLY,NO_CAUSAL_POLICY_EFFECT_NO_WITHIN_STATE_CITY_EFFECT_NO_URBAN_RURAL_ALLOCATION_YET,FHWA functional-system rural/urban classification; not automatically interchangeable with Census 2020 urban-area boundaries
MD,Maryland,PRIMARY_50_STATE,medium,2050,41415.1470745146,6176.52688610249,6.159203047421882,17.32383868060824,2050,IDENTIFIED,0.8561709920184213,0.14382900798157877,0.8018329793577479,0.19816702064225214,-0.054338012660673396,0.18824461886441823,ACTIVE_FUTURE_TARGET_TRACKED,0.5228145774594881,NONE_TRACKED_BY_LBNL_2026,0.0,ADOPTED_START_MY2027,YES,TESTING,MACHINE_SCREEN_ONLY_NOT_LEGAL_OPINION,DESCRIPTIVE_STATE_LEVEL_COVARIATE_AND_HYPOTHESIS_GENERATION_ONLY,NO_CAUSAL_POLICY_EFFECT_NO_WITHIN_STATE_CITY_EFFECT_NO_URBAN_RURAL_ALLOCATION_YET,FHWA functional-system rural/urban classification; not automatically interchangeable with Census 2020 urban-area boundaries
ME,Maine,PRIMARY_50_STATE,medium,2050,41599.513889890775,5657.574520976039,5.647186520713085,10.388000262954229,2050,IDENTIFIED,0.38632181385376396,0.613678186146236,0.33923183895702846,0.6607681610429715,-0.0470899748967355,0.013097376446928585,ACTIVE_FUTURE_TARGET_TRACKED,0.9400000000000002,ACTIVE_FUTURE_TARGET_TRACKED,1.0,NOT_IN_EPA_2024_ACCII_ADOPTER_LIST,YES,TESTING,MACHINE_SCREEN_ONLY_NOT_LEGAL_OPINION,DESCRIPTIVE_STATE_LEVEL_COVARIATE_AND_HYPOTHESIS_GENERATION_ONLY,NO_CAUSAL_POLICY_EFFECT_NO_WITHIN_STATE_CITY_EFFECT_NO_URBAN_RURAL_ALLOCATION_YET,FHWA functional-system rural/urban classification; not automatically interchangeable with Census 2020 urban-area boundaries
MI,Michigan,PRIMARY_50_STATE,medium,2050,41553.42918773757,6991.896679435662,6.9654732464844855,26.423432951176526,2051,IDENTIFIED,0.734743951548282,0.265256048451718,0.6885172434719126,0.3114827566284271,-0.046226708076369416,0.0620786475749205,ACTIVE_FUTURE_TARGET_TRACKED,0.6,ACTIVE_FUTURE_TARGET_TRACKED,1.0,NOT_IN_EPA_2024_ACCII_ADOPTER_LIST,YES,DEPLOYMENT,MACHINE_SCREEN_ONLY_NOT_LEGAL_OPINION,DESCRIPTIVE_STATE_LEVEL_COVARIATE_AND_HYPOTHESIS_GENERATION_ONLY,NO_CAUSAL_POLICY_EFFECT_NO_WITHIN_STATE_CITY_EFFECT_NO_URBAN_RURAL_ALLOCATION_YET,FHWA functional-system rural/urban classification; not automatically interchangeable with Census 2020 urban-area boundaries
MN,Minnesota,PRIMARY_50_STATE,medium,2050,41573.650749406515,6870.711975668359,6.845808511994716,24.90346367364321,2051,IDENTIFIED,0.7187870520848704,0.2812129479151297,0.5995054745338667,0.4004945254661333,-0.11928157755100366,0.020679144747600575,ACTIVE_FUTURE_TARGET_TRACKED,0.55,ACTIVE_FUTURE_TARGET_TRACKED,1.0,NOT_IN_EPA_2024_ACCII_ADOPTER_LIST,YES,NONE_CAPTURED,MACHINE_SCREEN_ONLY_NOT_LEGAL_OPINION,DESCRIPTIVE_STATE_LEVEL_COVARIATE_AND_HYPOTHESIS_GENERATION_ONLY,NO_CAUSAL_POLICY_EFFECT_NO_WITHIN_STATE_CITY_EFFECT_NO_URBAN_RURAL_ALLOCATION_YET,FHWA functional-system rural/urban classification; not automatically interchangeable with Census 2020 urban-area boundaries
MO,Missouri,PRIMARY_50_STATE,medium,2050,41622.37354931898,8839.974008378978,8.791864512202475,48.10949617650319,2053,IDENTIFIED,0.694674806938782,0.3053251930612179,0.551872709431161,0.448127290568839,-0.14280209750762107,0.02958387321293929,ACTIVE_FUTURE_TARGET_TRACKED,0.15,NONE_TRACKED_BY_LBNL_2026,0.0,NOT_IN_EPA_2024_ACCII_ADOPTER_LIST,YES,NONE_CAPTURED,MACHINE_SCREEN_ONLY_NOT_LEGAL_OPINION,DESCRIPTIVE_STATE_LEVEL_COVARIATE_AND_HYPOTHESIS_GENERATION_ONLY,NO_CAUSAL_POLICY_EFFECT_NO_WITHIN_STATE_CITY_EFFECT_NO_URBAN_RURAL_ALLOCATION_YET,FHWA functional-system rural/urban classification; not automatically interchangeable with Census 2020 urban-area boundaries
MS,Mississippi,PRIMARY_50_STATE,medium,2050,41685.37343507159,7129.322247985483,7.101794000649524,27.528247335959655,2051,IDENTIFIED,0.46290471110624837,0.5370952888937517,0.41289822899866174,0.5871017710013383,-0.050006482107586625,0.021663762098118437,NONE_TRACKED_BY_LBNL_2026,0.0,NONE_TRACKED_BY_LBNL_2026,0.0,NOT_IN_EPA_2024_ACCII_ADOPTER_LIST,YES,DEPLOYMENT,MACHINE_SCREEN_ONLY_NOT_LEGAL_OPINION,DESCRIPTIVE_STATE_LEVEL_COVARIATE_AND_HYPOTHESIS_GENERATION_ONLY,NO_CAUSAL_POLICY_EFFECT_NO_WITHIN_STATE_CITY_EFFECT_NO_URBAN_RURAL_ALLOCATION_YET,FHWA functional-system rural/urban classification; not automatically interchangeable with Census 2020 urban-area boundaries
MT,Montana,PRIMARY_50_STATE,medium,2050,41636.32009288181,7756.934904158808,7.721750110577418,35.18479358139071,2052,IDENTIFIED,0.5341852475270354,0.46581475247296455,0.29321680672754746,0.7067831932724525,-0.24096844079948798,0.0020077834591993742,REPEALED_OR_EXPIRED_BY_2026,0.0,NONE_TRACKED_BY_LBNL_2026,0.0,NOT_IN_EPA_2024_ACCII_ADOPTER_LIST,YES,DEPLOYMENT,MACHINE_SCREEN_ONLY_NOT_LEGAL_OPINION,DESCRIPTIVE_STATE_LEVEL_COVARIATE_AND_HYPOTHESIS_GENERATION_ONLY,NO_CAUSAL_POLICY_EFFECT_NO_WITHIN_STATE_CITY_EFFECT_NO_URBAN_RURAL_ALLOCATION_YET,FHWA functional-system rural/urban classification; not automatically interchangeable with Census 2020 urban-area boundaries
NC,North Carolina,PRIMARY_50_STATE,medium,2050,41553.22516683407,6516.876280506329,6.496089952744282,20.786327762046522,2051,IDENTIFIED,0.6671585537389739,0.332841446261026,0.6106046866096466,0.3893953133903534,-0.056553867129327307,0.09302216876308796,ACTIVE_FUTURE_TARGET_TRACKED,0.11895099927489984,ACTIVE_FUTURE_TARGET_TRACKED,1.2153604669204001,NOT_IN_EPA_2024_ACCII_ADOPTER_LIST,YES,DEPLOYMENT,MACHINE_SCREEN_ONLY_NOT_LEGAL_OPINION,DESCRIPTIVE_STATE_LEVEL_COVARIATE_AND_HYPOTHESIS_GENERATION_ONLY,NO_CAUSAL_POLICY_EFFECT_NO_WITHIN_STATE_CITY_EFFECT_NO_URBAN_RURAL_ALLOCATION_YET,FHWA functional-system rural/urban classification; not automatically interchangeable with Census 2020 urban-area boundaries
ND,North Dakota,PRIMARY_50_STATE,medium,2050,41689.07921031256,8424.111836420067,8.381191709775612,42.920126644455735,2053,IDENTIFIED,0.6096684097169276,0.3903315902830724,0.32345311111668895,0.676546888883311,-0.28621529860023864,0.0031184750249916384,NONE_TRACKED_BY_LBNL_2026,0.0,NONE_TRACKED_BY_LBNL_2026,0.0,NOT_IN_EPA_2024_ACCII_ADOPTER_LIST,YES,DEPLOYMENT,MACHINE_SCREEN_ONLY_NOT_LEGAL_OPINION,DESCRIPTIVE_STATE_LEVEL_COVARIATE_AND_HYPOTHESIS_GENERATION_ONLY,NO_CAUSAL_POLICY_EFFECT_NO_WITHIN_STATE_CITY_EFFECT_NO_URBAN_RURAL_ALLOCATION_YET,FHWA functional-system rural/urban classification; not automatically interchangeable with Census 2020 urban-area boundaries
NE,Nebraska,PRIMARY_50_STATE,medium,2050,41644.035303769735,7652.919759025158,7.619001317789949,33.918441235209286,2052,IDENTIFIED,0.7300535711372498,0.2699464288627502,0.46773870553604496,0.5322612949205816,-0.2623148656012048,0.007061930040914418,NONE_TRACKED_BY_LBNL_2026,0.0,ACTIVE_FUTURE_TARGET_TRACKED,1.0,NOT_IN_EPA_2024_ACCII_ADOPTER_LIST,YES,DEPLOYMENT,MACHINE_SCREEN_ONLY_NOT_LEGAL_OPINION,DESCRIPTIVE_STATE_LEVEL_COVARIATE_AND_HYPOTHESIS_GENERATION_ONLY,NO_CAUSAL_POLICY_EFFECT_NO_WITHIN_STATE_CITY_EFFECT_NO_URBAN_RURAL_ALLOCATION_YET,FHWA functional-system rural/urban classification; not automatically interchangeable with Census 2020 urban-area boundaries
NH,New Hampshire,PRIMARY_50_STATE,medium,2050,41573.73954100996,5538.877591673991,5.529787824934587,9.089766739404642,2050,IDENTIFIED,0.5832327304906103,0.41676726950938964,0.6023406335034874,0.3976593664965126,0.019107903012877125,0.07043086103627946,ACTIVE_FUTURE_TARGET_TRACKED,0.252,NONE_TRACKED_BY_LBNL_2026,0.0,NOT_IN_EPA_2024_ACCII_ADOPTER_LIST,YES,DEPLOYMENT,MACHINE_SCREEN_ONLY_NOT_LEGAL_OPINION,DESCRIPTIVE_STATE_LEVEL_COVARIATE_AND_HYPOTHESIS_GENERATION_ONLY,NO_CAUSAL_POLICY_EFFECT_NO_WITHIN_STATE_CITY_EFFECT_NO_URBAN_RURAL_ALLOCATION_YET,FHWA functional-system rural/urban classification; not automatically interchangeable with Census 2020 urban-area boundaries
NJ,New Jersey,PRIMARY_50_STATE,medium,2050,41364.14747575642,6012.910038844583,5.997308916406465,15.601122438119242,2050,IDENTIFIED,0.9375373694934026,0.06246263050659737,0.9325026934098777,0.06749730659012226,-0.005034676083524925,0.37258773297962144,ACTIVE_FUTURE_TARGET_TRACKED,0.525,NONE_TRACKED_BY_LBNL_2026,0.0,ADOPTED_START_MY2027,YES,NONE_CAPTURED,MACHINE_SCREEN_ONLY_NOT_LEGAL_OPINION,DESCRIPTIVE_STATE_LEVEL_COVARIATE_AND_HYPOTHESIS_GENERATION_ONLY,NO_CAUSAL_POLICY_EFFECT_NO_WITHIN_STATE_CITY_EFFECT_NO_URBAN_RURAL_ALLOCATION_YET,FHWA functional-system rural/urban classification; not automatically interchangeable with Census 2020 urban-area boundaries
NM,New Mexico,PRIMARY_50_STATE,medium,2050,41612.32906388814,6947.427434403675,6.92176878325902,25.658651144655412,2051,IDENTIFIED,0.7454713575585046,0.2545286424414953,0.4077178218473021,0.5922821778035915,-0.3377535357112025,0.006071141164120813,ACTIVE_FUTURE_TARGET_TRACKED,0.8,ACTIVE_FUTURE_TARGET_TRACKED,1.0,ADOPTED_PARTIAL_MY2027_2032,YES,DEPLOYMENT,MACHINE_SCREEN_ONLY_NOT_LEGAL_OPINION,DESCRIPTIVE_STATE_LEVEL_COVARIATE_AND_HYPOTHESIS_GENERATION_ONLY,NO_CAUSAL_POLICY_EFFECT_NO_WITHIN_STATE_CITY_EFFECT_NO_URBAN_RURAL_ALLOCATION_YET,FHWA functional-system rural/urban classification; not automatically interchangeable with Census 2020 urban-area boundaries
NV,Nevada,PRIMARY_50_STATE,medium,2050,41304.69693756136,6482.639705035829,6.461240006074512,21.39969896131763,2051,IDENTIFIED,0.9409230905999908,0.05907690940000915,0.7948960165170023,0.2051039838347014,-0.14602707408298854,0.007157921014006332,ACTIVE_FUTURE_TARGET_TRACKED,0.5,ACTIVE_FUTURE_TARGET_TRACKED,1.0,NOT_IN_EPA_2024_ACCII_ADOPTER_LIST,YES,DEPLOYMENT,MACHINE_SCREEN_ONLY_NOT_LEGAL_OPINION,DESCRIPTIVE_STATE_LEVEL_COVARIATE_AND_HYPOTHESIS_GENERATION_ONLY,NO_CAUSAL_POLICY_EFFECT_NO_WITHIN_STATE_CITY_EFFECT_NO_URBAN_RURAL_ALLOCATION_YET,FHWA functional-system rural/urban classification; not automatically interchangeable with Census 2020 urban-area boundaries
NY,New York,PRIMARY_50_STATE,medium,2050,41484.10102837869,6046.552103426398,6.031056718560867,15.495384865531449,2050,IDENTIFIED,0.8744590990388762,0.12554090096112375,0.7885385798644232,0.21146142021831082,-0.08592051917445298,0.08069665324796182,ACTIVE_FUTURE_TARGET_TRACKED,0.7,ACTIVE_FUTURE_TARGET_TRACKED,1.0,ADOPTED_FULL,YES,TESTING,MACHINE_SCREEN_ONLY_NOT_LEGAL_OPINION,DESCRIPTIVE_STATE_LEVEL_COVARIATE_AND_HYPOTHESIS_GENERATION_ONLY,NO_CAUSAL_POLICY_EFFECT_NO_WITHIN_STATE_CITY_EFFECT_NO_URBAN_RURAL_ALLOCATION_YET,FHWA functional-system rural/urban classification; not automatically interchangeable with Census 2020 urban-area boundaries
OH,Ohio,PRIMARY_50_STATE,medium,2050,41604.67746259466,7768.207061000115,7.732766551726479,35.44050927363518,2052,IDENTIFIED,0.7628406854286743,0.23715931457132572,0.7037101909524568,0.2962898090475432,-0.05913049447621754,0.10295127793011459,ACTIVE_FUTURE_TARGET_TRACKED,0.0,NONE_TRACKED_BY_LBNL_2026,0.0,NOT_IN_EPA_2024_ACCII_ADOPTER_LIST,YES,TESTING,MACHINE_SCREEN_ONLY_NOT_LEGAL_OPINION,DESCRIPTIVE_STATE_LEVEL_COVARIATE_AND_HYPOTHESIS_GENERATION_ONLY,NO_CAUSAL_POLICY_EFFECT_NO_WITHIN_STATE_CITY_EFFECT_NO_URBAN_RURAL_ALLOCATION_YET,FHWA functional-system rural/urban classification; not automatically interchangeable with Census 2020 urban-area boundaries
OK,Oklahoma,PRIMARY_50_STATE,medium,2050,41639.87209498086,6612.063930815212,6.5905030936564755,21.560837158736394,2051,IDENTIFIED,0.6462194707064512,0.35378052929354875,0.5083851487920718,0.49161485120792825,-0.1378343219143795,0.018771559047837526,NONE_TRACKED_BY_LBNL_2026,0.0,NONE_TRACKED_BY_LBNL_2026,0.0,NOT_IN_EPA_2024_ACCII_ADOPTER_LIST,YES,DEPLOYMENT,MACHINE_SCREEN_ONLY_NOT_LEGAL_OPINION,DESCRIPTIVE_STATE_LEVEL_COVARIATE_AND_HYPOTHESIS_GENERATION_ONLY,NO_CAUSAL_POLICY_EFFECT_NO_WITHIN_STATE_CITY_EFFECT_NO_URBAN_RURAL_ALLOCATION_YET,FHWA functional-system rural/urban classification; not automatically interchangeable with Census 2020 urban-area boundaries
OR,Oregon,PRIMARY_50_STATE,medium,2050,41394.648617716506,5730.541371355561,5.718409800495852,12.131570859709122,2050,IDENTIFIED,0.8049983291073279,0.1950016708926721,0.590937157688196,0.4090628425791916,-0.21406117141913195,0.011071518199750049,ACTIVE_FUTURE_TARGET_TRACKED,0.31695705467796736,ACTIVE_FUTURE_TARGET_TRACKED,1.0,ADOPTED_FULL,YES,NONE_CAPTURED,MACHINE_SCREEN_ONLY_NOT_LEGAL_OPINION,DESCRIPTIVE_STATE_LEVEL_COVARIATE_AND_HYPOTHESIS_GENERATION_ONLY,NO_CAUSAL_POLICY_EFFECT_NO_WITHIN_STATE_CITY_EFFECT_NO_URBAN_RURAL_ALLOCATION_YET,FHWA functional-system rural/urban classification; not automatically interchangeable with Census 2020 urban-area boundaries
PA,Pennsylvania,PRIMARY_50_STATE,medium,2050,41579.26037808068,6587.102885004158,6.5655898196409765,21.51306536318161,2051,IDENTIFIED,0.7645389034585125,0.23546109654148753,0.6333703116879783,0.3666296883120217,-0.1311685917705342,0.09333565985301197,ACTIVE_FUTURE_TARGET_TRACKED,0.18,NONE_TRACKED_BY_LBNL_2026,0.0,NOT_IN_EPA_2024_ACCII_ADOPTER_LIST,YES,DEPLOYMENT,MACHINE_SCREEN_ONLY_NOT_LEGAL_OPINION,DESCRIPTIVE_STATE_LEVEL_COVARIATE_AND_HYPOTHESIS_GENERATION_ONLY,NO_CAUSAL_POLICY_EFFECT_NO_WITHIN_STATE_CITY_EFFECT_NO_URBAN_RURAL_ALLOCATION_YET,FHWA functional-system rural/urban classification; not automatically interchangeable with Census 2020 urban-area boundaries
RI,Rhode Island,PRIMARY_50_STATE,medium,2050,41564.119416230744,7124.497269328961,7.09654257376783,27.954695561131793,2052,IDENTIFIED,0.9105249872651108,0.08947501273488923,0.8959390245123884,0.10406097548761159,-0.014585962752722392,0.36726120183698263,ACTIVE_FUTURE_TARGET_TRACKED,0.9999999999999999,NONE_TRACKED_BY_LBNL_2026,0.0,ADOPTED_START_MY2027,YES,NONE_CAPTURED,MACHINE_SCREEN_ONLY_NOT_LEGAL_OPINION,DESCRIPTIVE_STATE_LEVEL_COVARIATE_AND_HYPOTHESIS_GENERATION_ONLY,NO_CAUSAL_POLICY_EFFECT_NO_WITHIN_STATE_CITY_EFFECT_NO_URBAN_RURAL_ALLOCATION_YET,FHWA functional-system rural/urban classification; not automatically interchangeable with Census 2020 urban-area boundaries
SC,South Carolina,PRIMARY_50_STATE,medium,2050,41631.61731758402,6356.872606620286,6.338311131972694,18.561474647592863,2050,IDENTIFIED,0.6794803088840805,0.32051969111591944,0.6237888564078651,0.3762111435921349,-0.05569145247621543,0.08070402577798667,NONE_TRACKED_BY_LBNL_2026,0.0,NONE_TRACKED_BY_LBNL_2026,0.0,NOT_IN_EPA_2024_ACCII_ADOPTER_LIST,YES,NONE_CAPTURED,MACHINE_SCREEN_ONLY_NOT_LEGAL_OPINION,DESCRIPTIVE_STATE_LEVEL_COVARIATE_AND_HYPOTHESIS_GENERATION_ONLY,NO_CAUSAL_POLICY_EFFECT_NO_WITHIN_STATE_CITY_EFFECT_NO_URBAN_RURAL_ALLOCATION_YET,FHWA functional-system rural/urban classification; not automatically interchangeable with Census 2020 urban-area boundaries
SD,South Dakota,PRIMARY_50_STATE,medium,2050,41677.521500321665,5748.082789015349,5.73695495888093,11.127830134419181,2050,IDENTIFIED,0.5721956495505077,0.4278043504494924,0.3038589043332538,0.6961410947098216,-0.2683367452172539,0.003239170224944532,NONE_TRACKED_BY_LBNL_2026,0.0,NONE_TRACKED_BY_LBNL_2026,0.0,NOT_IN_EPA_2024_ACCII_ADOPTER_LIST,YES,DEPLOYMENT,MACHINE_SCREEN_ONLY_NOT_LEGAL_OPINION,DESCRIPTIVE_STATE_LEVEL_COVARIATE_AND_HYPOTHESIS_GENERATION_ONLY,NO_CAUSAL_POLICY_EFFECT_NO_WITHIN_STATE_CITY_EFFECT_NO_URBAN_RURAL_ALLOCATION_YET,FHWA functional-system rural/urban classification; not automatically interchangeable with Census 2020 urban-area boundaries
TN,Tennessee,PRIMARY_50_STATE,medium,2050,41611.93487226735,6630.618863309053,6.608722890680805,21.89597262824907,2051,IDENTIFIED,0.6623336671084846,0.3376663328915154,0.624265407249316,0.3757345928774196,-0.03806825985916862,0.07004135547531065,NONE_TRACKED_BY_LBNL_2026,0.0,NONE_TRACKED_BY_LBNL_2026,0.0,NOT_IN_EPA_2024_ACCII_ADOPTER_LIST,YES,DEPLOYMENT,MACHINE_SCREEN_ONLY_NOT_LEGAL_OPINION,DESCRIPTIVE_STATE_LEVEL_COVARIATE_AND_HYPOTHESIS_GENERATION_ONLY,NO_CAUSAL_POLICY_EFFECT_NO_WITHIN_STATE_CITY_EFFECT_NO_URBAN_RURAL_ALLOCATION_YET,FHWA functional-system rural/urban classification; not automatically interchangeable with Census 2020 urban-area boundaries
TX,Texas,PRIMARY_50_STATE,medium,2050,41534.05427482037,6915.566143174288,6.889970688052065,25.595455122223445,2051,IDENTIFIED,0.8372027521911183,0.1627972478088817,0.7319032413953924,0.26809675860460763,-0.10529951079572586,0.034644639116402136,REPEALED_OR_EXPIRED_BY_2026,0.0,NONE_TRACKED_BY_LBNL_2026,0.0,NOT_IN_EPA_2024_ACCII_ADOPTER_LIST,YES,DEPLOYMENT,MACHINE_SCREEN_ONLY_NOT_LEGAL_OPINION,DESCRIPTIVE_STATE_LEVEL_COVARIATE_AND_HYPOTHESIS_GENERATION_ONLY,NO_CAUSAL_POLICY_EFFECT_NO_WITHIN_STATE_CITY_EFFECT_NO_URBAN_RURAL_ALLOCATION_YET,FHWA functional-system rural/urban classification; not automatically interchangeable with Census 2020 urban-area boundaries
UT,Utah,PRIMARY_50_STATE,medium,2050,41448.12412106794,8699.54658089494,8.652473739344709,47.07284155023129,2053,IDENTIFIED,0.8978141077681489,0.10218589223185118,0.717932586238279,0.28206741376172095,-0.1798815215298698,0.011432070607686891,NONE_TRACKED_BY_LBNL_2026,0.0,NONE_TRACKED_BY_LBNL_2026,0.0,NOT_IN_EPA_2024_ACCII_ADOPTER_LIST,YES,DEPLOYMENT,MACHINE_SCREEN_ONLY_NOT_LEGAL_OPINION,DESCRIPTIVE_STATE_LEVEL_COVARIATE_AND_HYPOTHESIS_GENERATION_ONLY,NO_CAUSAL_POLICY_EFFECT_NO_WITHIN_STATE_CITY_EFFECT_NO_URBAN_RURAL_ALLOCATION_YET,FHWA functional-system rural/urban classification; not automatically interchangeable with Census 2020 urban-area boundaries
VA,Virginia,PRIMARY_50_STATE,medium,2050,41501.74015458268,6254.298948957203,6.236414474608957,17.88447434824529,2050,IDENTIFIED,0.7563452388276146,0.2436547611723855,0.6986033024181829,0.30139669758181703,-0.057741936409431704,0.06690952241340972,ACTIVE_FUTURE_TARGET_TRACKED,0.8293153071936745,ACTIVE_FUTURE_TARGET_TRACKED,1.0000000000000002,EPA_2024_LISTED_BUT_STATE_DID_NOT_CONTINUE_TO_ACCII,YES,DEPLOYMENT,MACHINE_SCREEN_ONLY_NOT_LEGAL_OPINION,DESCRIPTIVE_STATE_LEVEL_COVARIATE_AND_HYPOTHESIS_GENERATION_ONLY,NO_CAUSAL_POLICY_EFFECT_NO_WITHIN_STATE_CITY_EFFECT_NO_URBAN_RURAL_ALLOCATION_YET,FHWA functional-system rural/urban classification; not automatically interchangeable with Census 2020 urban-area boundaries
VT,Vermont,PRIMARY_50_STATE,medium,2050,41454.97788861044,4849.12344473499,4.847691590101279,1.431854633710156,2049,IDENTIFIED,0.3512021111002259,0.6487978888997741,0.2746845105177538,0.7253154894822462,-0.07651760058247215,0.015362343347534313,ACTIVE_FUTURE_TARGET_TRACKED,1.0,NONE_TRACKED_BY_LBNL_2026,0.0,ADOPTED_FULL,YES,TESTING,MACHINE_SCREEN_ONLY_NOT_LEGAL_OPINION,DESCRIPTIVE_STATE_LEVEL_COVARIATE_AND_HYPOTHESIS_GENERATION_ONLY,NO_CAUSAL_POLICY_EFFECT_NO_WITHIN_STATE_CITY_EFFECT_NO_URBAN_RURAL_ALLOCATION_YET,FHWA functional-system rural/urban classification; not automatically interchangeable with Census 2020 urban-area boundaries
WA,Washington,PRIMARY_50_STATE,medium,2050,41281.19055526103,5410.255105137934,5.401423019597007,8.832085540927455,2050,IDENTIFIED,0.8337184588076672,0.1662815411923329,0.7220550866225302,0.27794491321233106,-0.111663372185137,0.03512192881797817,ACTIVE_FUTURE_TARGET_TRACKED,0.15,ACTIVE_FUTURE_TARGET_TRACKED,1.0,ADOPTED_FULL,YES,TESTING,MACHINE_SCREEN_ONLY_NOT_LEGAL_OPINION,DESCRIPTIVE_STATE_LEVEL_COVARIATE_AND_HYPOTHESIS_GENERATION_ONLY,NO_CAUSAL_POLICY_EFFECT_NO_WITHIN_STATE_CITY_EFFECT_NO_URBAN_RURAL_ALLOCATION_YET,FHWA functional-system rural/urban classification; not automatically interchangeable with Census 2020 urban-area boundaries
WI,Wisconsin,PRIMARY_50_STATE,medium,2050,41624.210498937995,8035.645577881435,7.997101800775641,38.54377710579362,2053,IDENTIFIED,0.6708313835171619,0.3291686164828382,0.479955313416341,0.520044686583659,-0.19087607010082086,0.0327041881390247,ACTIVE_FUTURE_TARGET_TRACKED,0.1,NONE_TRACKED_BY_LBNL_2026,0.0,NOT_IN_EPA_2024_ACCII_ADOPTER_LIST,YES,NONE_CAPTURED,MACHINE_SCREEN_ONLY_NOT_LEGAL_OPINION,DESCRIPTIVE_STATE_LEVEL_COVARIATE_AND_HYPOTHESIS_GENERATION_ONLY,NO_CAUSAL_POLICY_EFFECT_NO_WITHIN_STATE_CITY_EFFECT_NO_URBAN_RURAL_ALLOCATION_YET,FHWA functional-system rural/urban classification; not automatically interchangeable with Census 2020 urban-area boundaries
WV,West Virginia,PRIMARY_50_STATE,medium,2050,41675.81071816644,10285.093418558527,10.219985758090079,65.10766046844783,2055,IDENTIFIED,0.44647926427595,0.5535207357240499,0.4311455256307577,0.5688544737883118,-0.01533373864519233,0.022465690552939694,NONE_TRACKED_BY_LBNL_2026,0.0,NONE_TRACKED_BY_LBNL_2026,0.0,NOT_IN_EPA_2024_ACCII_ADOPTER_LIST,YES,DEPLOYMENT,MACHINE_SCREEN_ONLY_NOT_LEGAL_OPINION,DESCRIPTIVE_STATE_LEVEL_COVARIATE_AND_HYPOTHESIS_GENERATION_ONLY,NO_CAUSAL_POLICY_EFFECT_NO_WITHIN_STATE_CITY_EFFECT_NO_URBAN_RURAL_ALLOCATION_YET,FHWA functional-system rural/urban classification; not automatically interchangeable with Census 2020 urban-area boundaries
WY,Wyoming,PRIMARY_50_STATE,medium,2050,41683.250548704236,9911.77036532593,9.851128901350545,60.64146397538456,2054,IDENTIFIED,0.6201774808399396,0.3798225191600604,0.2662579312677165,0.7337420687322834,-0.3539195495722231,0.0018202335200690732,NONE_TRACKED_BY_LBNL_2026,0.0,NONE_TRACKED_BY_LBNL_2026,0.0,NOT_IN_EPA_2024_ACCII_ADOPTER_LIST,YES,NONE_CAPTURED,MACHINE_SCREEN_ONLY_NOT_LEGAL_OPINION,DESCRIPTIVE_STATE_LEVEL_COVARIATE_AND_HYPOTHESIS_GENERATION_ONLY,NO_CAUSAL_POLICY_EFFECT_NO_WITHIN_STATE_CITY_EFFECT_NO_URBAN_RURAL_ALLOCATION_YET,FHWA functional-system rural/urban classification; not automatically interchangeable with Census 2020 urban-area boundaries
