state,state_name,scope_role,scenario_bundle,range_object,cases,identified_cases,right_censored_cases,identified_onset_year_min,identified_onset_year_median_case,identified_onset_year_max,identified_onset_year_set,central_onset_year,central_turning_status,status,forbidden_interpretation
AK,Alaska,PRIMARY_50_STATE,high,conditioned_grid_conversion,3,0,3,,,,,,RIGHT_CENSORED_THROUGH_2075,DETERMINISTIC_CASE_ROSTER_WITH_EXPLICIT_RIGHT_CENSORING,NOT_A_TURNING_YEAR_PROBABILITY_DISTRIBUTION
AK,Alaska,PRIMARY_50_STATE,high,full_conversion_factorial,9,0,9,,,,,,RIGHT_CENSORED_THROUGH_2075,DETERMINISTIC_CASE_ROSTER_WITH_EXPLICIT_RIGHT_CENSORING,NOT_A_TURNING_YEAR_PROBABILITY_DISTRIBUTION
AK,Alaska,PRIMARY_50_STATE,low,conditioned_grid_conversion,3,3,0,2037,2037,2037,2037,2037,IDENTIFIED,DETERMINISTIC_CASE_ROSTER_WITH_EXPLICIT_RIGHT_CENSORING,NOT_A_TURNING_YEAR_PROBABILITY_DISTRIBUTION
AK,Alaska,PRIMARY_50_STATE,low,full_conversion_factorial,9,9,0,2037,2037,2037,2037,2037,IDENTIFIED,DETERMINISTIC_CASE_ROSTER_WITH_EXPLICIT_RIGHT_CENSORING,NOT_A_TURNING_YEAR_PROBABILITY_DISTRIBUTION
AK,Alaska,PRIMARY_50_STATE,medium,conditioned_grid_conversion,3,3,0,2051,2051,2052,2051|2052,2051,IDENTIFIED,DETERMINISTIC_CASE_ROSTER_WITH_EXPLICIT_RIGHT_CENSORING,NOT_A_TURNING_YEAR_PROBABILITY_DISTRIBUTION
AK,Alaska,PRIMARY_50_STATE,medium,full_conversion_factorial,9,9,0,2050,2051,2052,2050|2051|2052,2051,IDENTIFIED,DETERMINISTIC_CASE_ROSTER_WITH_EXPLICIT_RIGHT_CENSORING,NOT_A_TURNING_YEAR_PROBABILITY_DISTRIBUTION
AL,Alabama,PRIMARY_50_STATE,high,conditioned_grid_conversion,3,0,3,,,,,,RIGHT_CENSORED_THROUGH_2075,DETERMINISTIC_CASE_ROSTER_WITH_EXPLICIT_RIGHT_CENSORING,NOT_A_TURNING_YEAR_PROBABILITY_DISTRIBUTION
AL,Alabama,PRIMARY_50_STATE,high,full_conversion_factorial,9,0,9,,,,,,RIGHT_CENSORED_THROUGH_2075,DETERMINISTIC_CASE_ROSTER_WITH_EXPLICIT_RIGHT_CENSORING,NOT_A_TURNING_YEAR_PROBABILITY_DISTRIBUTION
AL,Alabama,PRIMARY_50_STATE,low,conditioned_grid_conversion,3,3,0,2037,2037,2037,2037,2037,IDENTIFIED,DETERMINISTIC_CASE_ROSTER_WITH_EXPLICIT_RIGHT_CENSORING,NOT_A_TURNING_YEAR_PROBABILITY_DISTRIBUTION
AL,Alabama,PRIMARY_50_STATE,low,full_conversion_factorial,9,9,0,2037,2037,2037,2037,2037,IDENTIFIED,DETERMINISTIC_CASE_ROSTER_WITH_EXPLICIT_RIGHT_CENSORING,NOT_A_TURNING_YEAR_PROBABILITY_DISTRIBUTION
AL,Alabama,PRIMARY_50_STATE,medium,conditioned_grid_conversion,3,3,0,2051,2051,2051,2051,2051,IDENTIFIED,DETERMINISTIC_CASE_ROSTER_WITH_EXPLICIT_RIGHT_CENSORING,NOT_A_TURNING_YEAR_PROBABILITY_DISTRIBUTION
AL,Alabama,PRIMARY_50_STATE,medium,full_conversion_factorial,9,9,0,2050,2050,2051,2050|2051,2051,IDENTIFIED,DETERMINISTIC_CASE_ROSTER_WITH_EXPLICIT_RIGHT_CENSORING,NOT_A_TURNING_YEAR_PROBABILITY_DISTRIBUTION
AR,Arkansas,PRIMARY_50_STATE,high,conditioned_grid_conversion,3,0,3,,,,,,RIGHT_CENSORED_THROUGH_2075,DETERMINISTIC_CASE_ROSTER_WITH_EXPLICIT_RIGHT_CENSORING,NOT_A_TURNING_YEAR_PROBABILITY_DISTRIBUTION
AR,Arkansas,PRIMARY_50_STATE,high,full_conversion_factorial,9,0,9,,,,,,RIGHT_CENSORED_THROUGH_2075,DETERMINISTIC_CASE_ROSTER_WITH_EXPLICIT_RIGHT_CENSORING,NOT_A_TURNING_YEAR_PROBABILITY_DISTRIBUTION
AR,Arkansas,PRIMARY_50_STATE,low,conditioned_grid_conversion,3,3,0,2037,2037,2037,2037,2037,IDENTIFIED,DETERMINISTIC_CASE_ROSTER_WITH_EXPLICIT_RIGHT_CENSORING,NOT_A_TURNING_YEAR_PROBABILITY_DISTRIBUTION
AR,Arkansas,PRIMARY_50_STATE,low,full_conversion_factorial,9,9,0,2037,2037,2037,2037,2037,IDENTIFIED,DETERMINISTIC_CASE_ROSTER_WITH_EXPLICIT_RIGHT_CENSORING,NOT_A_TURNING_YEAR_PROBABILITY_DISTRIBUTION
AR,Arkansas,PRIMARY_50_STATE,medium,conditioned_grid_conversion,3,3,0,2052,2052,2052,2052,2052,IDENTIFIED,DETERMINISTIC_CASE_ROSTER_WITH_EXPLICIT_RIGHT_CENSORING,NOT_A_TURNING_YEAR_PROBABILITY_DISTRIBUTION
AR,Arkansas,PRIMARY_50_STATE,medium,full_conversion_factorial,9,9,0,2051,2051,2052,2051|2052,2052,IDENTIFIED,DETERMINISTIC_CASE_ROSTER_WITH_EXPLICIT_RIGHT_CENSORING,NOT_A_TURNING_YEAR_PROBABILITY_DISTRIBUTION
AZ,Arizona,PRIMARY_50_STATE,high,conditioned_grid_conversion,3,0,3,,,,,,RIGHT_CENSORED_THROUGH_2075,DETERMINISTIC_CASE_ROSTER_WITH_EXPLICIT_RIGHT_CENSORING,NOT_A_TURNING_YEAR_PROBABILITY_DISTRIBUTION
AZ,Arizona,PRIMARY_50_STATE,high,full_conversion_factorial,9,0,9,,,,,,RIGHT_CENSORED_THROUGH_2075,DETERMINISTIC_CASE_ROSTER_WITH_EXPLICIT_RIGHT_CENSORING,NOT_A_TURNING_YEAR_PROBABILITY_DISTRIBUTION
AZ,Arizona,PRIMARY_50_STATE,low,conditioned_grid_conversion,3,3,0,2037,2037,2037,2037,2037,IDENTIFIED,DETERMINISTIC_CASE_ROSTER_WITH_EXPLICIT_RIGHT_CENSORING,NOT_A_TURNING_YEAR_PROBABILITY_DISTRIBUTION
AZ,Arizona,PRIMARY_50_STATE,low,full_conversion_factorial,9,9,0,2037,2037,2037,2037,2037,IDENTIFIED,DETERMINISTIC_CASE_ROSTER_WITH_EXPLICIT_RIGHT_CENSORING,NOT_A_TURNING_YEAR_PROBABILITY_DISTRIBUTION
AZ,Arizona,PRIMARY_50_STATE,medium,conditioned_grid_conversion,3,3,0,2051,2051,2051,2051,2051,IDENTIFIED,DETERMINISTIC_CASE_ROSTER_WITH_EXPLICIT_RIGHT_CENSORING,NOT_A_TURNING_YEAR_PROBABILITY_DISTRIBUTION
AZ,Arizona,PRIMARY_50_STATE,medium,full_conversion_factorial,9,9,0,2050,2050,2051,2050|2051,2051,IDENTIFIED,DETERMINISTIC_CASE_ROSTER_WITH_EXPLICIT_RIGHT_CENSORING,NOT_A_TURNING_YEAR_PROBABILITY_DISTRIBUTION
CA,California,PRIMARY_50_STATE,high,conditioned_grid_conversion,3,0,3,,,,,,RIGHT_CENSORED_THROUGH_2075,DETERMINISTIC_CASE_ROSTER_WITH_EXPLICIT_RIGHT_CENSORING,NOT_A_TURNING_YEAR_PROBABILITY_DISTRIBUTION
CA,California,PRIMARY_50_STATE,high,full_conversion_factorial,9,0,9,,,,,,RIGHT_CENSORED_THROUGH_2075,DETERMINISTIC_CASE_ROSTER_WITH_EXPLICIT_RIGHT_CENSORING,NOT_A_TURNING_YEAR_PROBABILITY_DISTRIBUTION
CA,California,PRIMARY_50_STATE,low,conditioned_grid_conversion,3,3,0,2037,2037,2037,2037,2037,IDENTIFIED,DETERMINISTIC_CASE_ROSTER_WITH_EXPLICIT_RIGHT_CENSORING,NOT_A_TURNING_YEAR_PROBABILITY_DISTRIBUTION
CA,California,PRIMARY_50_STATE,low,full_conversion_factorial,9,9,0,2037,2037,2037,2037,2037,IDENTIFIED,DETERMINISTIC_CASE_ROSTER_WITH_EXPLICIT_RIGHT_CENSORING,NOT_A_TURNING_YEAR_PROBABILITY_DISTRIBUTION
CA,California,PRIMARY_50_STATE,medium,conditioned_grid_conversion,3,3,0,2050,2050,2050,2050,2050,IDENTIFIED,DETERMINISTIC_CASE_ROSTER_WITH_EXPLICIT_RIGHT_CENSORING,NOT_A_TURNING_YEAR_PROBABILITY_DISTRIBUTION
CA,California,PRIMARY_50_STATE,medium,full_conversion_factorial,9,9,0,2050,2050,2050,2050,2050,IDENTIFIED,DETERMINISTIC_CASE_ROSTER_WITH_EXPLICIT_RIGHT_CENSORING,NOT_A_TURNING_YEAR_PROBABILITY_DISTRIBUTION
CO,Colorado,PRIMARY_50_STATE,high,conditioned_grid_conversion,3,0,3,,,,,,RIGHT_CENSORED_THROUGH_2075,DETERMINISTIC_CASE_ROSTER_WITH_EXPLICIT_RIGHT_CENSORING,NOT_A_TURNING_YEAR_PROBABILITY_DISTRIBUTION
CO,Colorado,PRIMARY_50_STATE,high,full_conversion_factorial,9,0,9,,,,,,RIGHT_CENSORED_THROUGH_2075,DETERMINISTIC_CASE_ROSTER_WITH_EXPLICIT_RIGHT_CENSORING,NOT_A_TURNING_YEAR_PROBABILITY_DISTRIBUTION
CO,Colorado,PRIMARY_50_STATE,low,conditioned_grid_conversion,3,3,0,2037,2037,2037,2037,2037,IDENTIFIED,DETERMINISTIC_CASE_ROSTER_WITH_EXPLICIT_RIGHT_CENSORING,NOT_A_TURNING_YEAR_PROBABILITY_DISTRIBUTION
CO,Colorado,PRIMARY_50_STATE,low,full_conversion_factorial,9,9,0,2037,2037,2037,2037,2037,IDENTIFIED,DETERMINISTIC_CASE_ROSTER_WITH_EXPLICIT_RIGHT_CENSORING,NOT_A_TURNING_YEAR_PROBABILITY_DISTRIBUTION
CO,Colorado,PRIMARY_50_STATE,medium,conditioned_grid_conversion,3,3,0,2052,2052,2053,2052|2053,2052,IDENTIFIED,DETERMINISTIC_CASE_ROSTER_WITH_EXPLICIT_RIGHT_CENSORING,NOT_A_TURNING_YEAR_PROBABILITY_DISTRIBUTION
CO,Colorado,PRIMARY_50_STATE,medium,full_conversion_factorial,9,9,0,2051,2052,2053,2051|2052|2053,2052,IDENTIFIED,DETERMINISTIC_CASE_ROSTER_WITH_EXPLICIT_RIGHT_CENSORING,NOT_A_TURNING_YEAR_PROBABILITY_DISTRIBUTION
CT,Connecticut,PRIMARY_50_STATE,high,conditioned_grid_conversion,3,0,3,,,,,,RIGHT_CENSORED_THROUGH_2075,DETERMINISTIC_CASE_ROSTER_WITH_EXPLICIT_RIGHT_CENSORING,NOT_A_TURNING_YEAR_PROBABILITY_DISTRIBUTION
CT,Connecticut,PRIMARY_50_STATE,high,full_conversion_factorial,9,0,9,,,,,,RIGHT_CENSORED_THROUGH_2075,DETERMINISTIC_CASE_ROSTER_WITH_EXPLICIT_RIGHT_CENSORING,NOT_A_TURNING_YEAR_PROBABILITY_DISTRIBUTION
CT,Connecticut,PRIMARY_50_STATE,low,conditioned_grid_conversion,3,3,0,2037,2037,2037,2037,2037,IDENTIFIED,DETERMINISTIC_CASE_ROSTER_WITH_EXPLICIT_RIGHT_CENSORING,NOT_A_TURNING_YEAR_PROBABILITY_DISTRIBUTION
CT,Connecticut,PRIMARY_50_STATE,low,full_conversion_factorial,9,9,0,2037,2037,2037,2037,2037,IDENTIFIED,DETERMINISTIC_CASE_ROSTER_WITH_EXPLICIT_RIGHT_CENSORING,NOT_A_TURNING_YEAR_PROBABILITY_DISTRIBUTION
CT,Connecticut,PRIMARY_50_STATE,medium,conditioned_grid_conversion,3,3,0,2050,2050,2051,2050|2051,2050,IDENTIFIED,DETERMINISTIC_CASE_ROSTER_WITH_EXPLICIT_RIGHT_CENSORING,NOT_A_TURNING_YEAR_PROBABILITY_DISTRIBUTION
CT,Connecticut,PRIMARY_50_STATE,medium,full_conversion_factorial,9,9,0,2050,2050,2051,2050|2051,2050,IDENTIFIED,DETERMINISTIC_CASE_ROSTER_WITH_EXPLICIT_RIGHT_CENSORING,NOT_A_TURNING_YEAR_PROBABILITY_DISTRIBUTION
DC,District of Columbia,SUPPLEMENTAL_DC,high,conditioned_grid_conversion,3,0,3,,,,,,RIGHT_CENSORED_THROUGH_2075,DETERMINISTIC_CASE_ROSTER_WITH_EXPLICIT_RIGHT_CENSORING,NOT_A_TURNING_YEAR_PROBABILITY_DISTRIBUTION
DC,District of Columbia,SUPPLEMENTAL_DC,high,full_conversion_factorial,9,0,9,,,,,,RIGHT_CENSORED_THROUGH_2075,DETERMINISTIC_CASE_ROSTER_WITH_EXPLICIT_RIGHT_CENSORING,NOT_A_TURNING_YEAR_PROBABILITY_DISTRIBUTION
DC,District of Columbia,SUPPLEMENTAL_DC,low,conditioned_grid_conversion,3,3,0,2037,2037,2037,2037,2037,IDENTIFIED,DETERMINISTIC_CASE_ROSTER_WITH_EXPLICIT_RIGHT_CENSORING,NOT_A_TURNING_YEAR_PROBABILITY_DISTRIBUTION
DC,District of Columbia,SUPPLEMENTAL_DC,low,full_conversion_factorial,9,9,0,2037,2037,2037,2037,2037,IDENTIFIED,DETERMINISTIC_CASE_ROSTER_WITH_EXPLICIT_RIGHT_CENSORING,NOT_A_TURNING_YEAR_PROBABILITY_DISTRIBUTION
DC,District of Columbia,SUPPLEMENTAL_DC,medium,conditioned_grid_conversion,3,3,0,2050,2050,2050,2050,2050,IDENTIFIED,DETERMINISTIC_CASE_ROSTER_WITH_EXPLICIT_RIGHT_CENSORING,NOT_A_TURNING_YEAR_PROBABILITY_DISTRIBUTION
DC,District of Columbia,SUPPLEMENTAL_DC,medium,full_conversion_factorial,9,9,0,2050,2050,2050,2050,2050,IDENTIFIED,DETERMINISTIC_CASE_ROSTER_WITH_EXPLICIT_RIGHT_CENSORING,NOT_A_TURNING_YEAR_PROBABILITY_DISTRIBUTION
DE,Delaware,PRIMARY_50_STATE,high,conditioned_grid_conversion,3,0,3,,,,,,RIGHT_CENSORED_THROUGH_2075,DETERMINISTIC_CASE_ROSTER_WITH_EXPLICIT_RIGHT_CENSORING,NOT_A_TURNING_YEAR_PROBABILITY_DISTRIBUTION
DE,Delaware,PRIMARY_50_STATE,high,full_conversion_factorial,9,0,9,,,,,,RIGHT_CENSORED_THROUGH_2075,DETERMINISTIC_CASE_ROSTER_WITH_EXPLICIT_RIGHT_CENSORING,NOT_A_TURNING_YEAR_PROBABILITY_DISTRIBUTION
DE,Delaware,PRIMARY_50_STATE,low,conditioned_grid_conversion,3,3,0,2037,2037,2037,2037,2037,IDENTIFIED,DETERMINISTIC_CASE_ROSTER_WITH_EXPLICIT_RIGHT_CENSORING,NOT_A_TURNING_YEAR_PROBABILITY_DISTRIBUTION
DE,Delaware,PRIMARY_50_STATE,low,full_conversion_factorial,9,9,0,2037,2037,2037,2037,2037,IDENTIFIED,DETERMINISTIC_CASE_ROSTER_WITH_EXPLICIT_RIGHT_CENSORING,NOT_A_TURNING_YEAR_PROBABILITY_DISTRIBUTION
DE,Delaware,PRIMARY_50_STATE,medium,conditioned_grid_conversion,3,3,0,2051,2051,2051,2051,2051,IDENTIFIED,DETERMINISTIC_CASE_ROSTER_WITH_EXPLICIT_RIGHT_CENSORING,NOT_A_TURNING_YEAR_PROBABILITY_DISTRIBUTION
DE,Delaware,PRIMARY_50_STATE,medium,full_conversion_factorial,9,9,0,2050,2050,2051,2050|2051,2051,IDENTIFIED,DETERMINISTIC_CASE_ROSTER_WITH_EXPLICIT_RIGHT_CENSORING,NOT_A_TURNING_YEAR_PROBABILITY_DISTRIBUTION
FL,Florida,PRIMARY_50_STATE,high,conditioned_grid_conversion,3,0,3,,,,,,RIGHT_CENSORED_THROUGH_2075,DETERMINISTIC_CASE_ROSTER_WITH_EXPLICIT_RIGHT_CENSORING,NOT_A_TURNING_YEAR_PROBABILITY_DISTRIBUTION
FL,Florida,PRIMARY_50_STATE,high,full_conversion_factorial,9,0,9,,,,,,RIGHT_CENSORED_THROUGH_2075,DETERMINISTIC_CASE_ROSTER_WITH_EXPLICIT_RIGHT_CENSORING,NOT_A_TURNING_YEAR_PROBABILITY_DISTRIBUTION
FL,Florida,PRIMARY_50_STATE,low,conditioned_grid_conversion,3,3,0,2037,2037,2037,2037,2037,IDENTIFIED,DETERMINISTIC_CASE_ROSTER_WITH_EXPLICIT_RIGHT_CENSORING,NOT_A_TURNING_YEAR_PROBABILITY_DISTRIBUTION
FL,Florida,PRIMARY_50_STATE,low,full_conversion_factorial,9,9,0,2037,2037,2037,2037,2037,IDENTIFIED,DETERMINISTIC_CASE_ROSTER_WITH_EXPLICIT_RIGHT_CENSORING,NOT_A_TURNING_YEAR_PROBABILITY_DISTRIBUTION
FL,Florida,PRIMARY_50_STATE,medium,conditioned_grid_conversion,3,3,0,2051,2051,2052,2051|2052,2051,IDENTIFIED,DETERMINISTIC_CASE_ROSTER_WITH_EXPLICIT_RIGHT_CENSORING,NOT_A_TURNING_YEAR_PROBABILITY_DISTRIBUTION
FL,Florida,PRIMARY_50_STATE,medium,full_conversion_factorial,9,9,0,2050,2051,2052,2050|2051|2052,2051,IDENTIFIED,DETERMINISTIC_CASE_ROSTER_WITH_EXPLICIT_RIGHT_CENSORING,NOT_A_TURNING_YEAR_PROBABILITY_DISTRIBUTION
GA,Georgia,PRIMARY_50_STATE,high,conditioned_grid_conversion,3,0,3,,,,,,RIGHT_CENSORED_THROUGH_2075,DETERMINISTIC_CASE_ROSTER_WITH_EXPLICIT_RIGHT_CENSORING,NOT_A_TURNING_YEAR_PROBABILITY_DISTRIBUTION
GA,Georgia,PRIMARY_50_STATE,high,full_conversion_factorial,9,0,9,,,,,,RIGHT_CENSORED_THROUGH_2075,DETERMINISTIC_CASE_ROSTER_WITH_EXPLICIT_RIGHT_CENSORING,NOT_A_TURNING_YEAR_PROBABILITY_DISTRIBUTION
GA,Georgia,PRIMARY_50_STATE,low,conditioned_grid_conversion,3,3,0,2037,2037,2037,2037,2037,IDENTIFIED,DETERMINISTIC_CASE_ROSTER_WITH_EXPLICIT_RIGHT_CENSORING,NOT_A_TURNING_YEAR_PROBABILITY_DISTRIBUTION
GA,Georgia,PRIMARY_50_STATE,low,full_conversion_factorial,9,9,0,2037,2037,2037,2037,2037,IDENTIFIED,DETERMINISTIC_CASE_ROSTER_WITH_EXPLICIT_RIGHT_CENSORING,NOT_A_TURNING_YEAR_PROBABILITY_DISTRIBUTION
GA,Georgia,PRIMARY_50_STATE,medium,conditioned_grid_conversion,3,3,0,2051,2051,2051,2051,2051,IDENTIFIED,DETERMINISTIC_CASE_ROSTER_WITH_EXPLICIT_RIGHT_CENSORING,NOT_A_TURNING_YEAR_PROBABILITY_DISTRIBUTION
GA,Georgia,PRIMARY_50_STATE,medium,full_conversion_factorial,9,9,0,2050,2050,2051,2050|2051,2051,IDENTIFIED,DETERMINISTIC_CASE_ROSTER_WITH_EXPLICIT_RIGHT_CENSORING,NOT_A_TURNING_YEAR_PROBABILITY_DISTRIBUTION
HI,Hawaii,PRIMARY_50_STATE,high,conditioned_grid_conversion,3,0,3,,,,,,RIGHT_CENSORED_THROUGH_2075,DETERMINISTIC_CASE_ROSTER_WITH_EXPLICIT_RIGHT_CENSORING,NOT_A_TURNING_YEAR_PROBABILITY_DISTRIBUTION
HI,Hawaii,PRIMARY_50_STATE,high,full_conversion_factorial,9,0,9,,,,,,RIGHT_CENSORED_THROUGH_2075,DETERMINISTIC_CASE_ROSTER_WITH_EXPLICIT_RIGHT_CENSORING,NOT_A_TURNING_YEAR_PROBABILITY_DISTRIBUTION
HI,Hawaii,PRIMARY_50_STATE,low,conditioned_grid_conversion,3,3,0,2037,2037,2037,2037,2037,IDENTIFIED,DETERMINISTIC_CASE_ROSTER_WITH_EXPLICIT_RIGHT_CENSORING,NOT_A_TURNING_YEAR_PROBABILITY_DISTRIBUTION
HI,Hawaii,PRIMARY_50_STATE,low,full_conversion_factorial,9,9,0,2037,2037,2037,2037,2037,IDENTIFIED,DETERMINISTIC_CASE_ROSTER_WITH_EXPLICIT_RIGHT_CENSORING,NOT_A_TURNING_YEAR_PROBABILITY_DISTRIBUTION
HI,Hawaii,PRIMARY_50_STATE,medium,conditioned_grid_conversion,3,3,0,2053,2053,2053,2053,2053,IDENTIFIED,DETERMINISTIC_CASE_ROSTER_WITH_EXPLICIT_RIGHT_CENSORING,NOT_A_TURNING_YEAR_PROBABILITY_DISTRIBUTION
HI,Hawaii,PRIMARY_50_STATE,medium,full_conversion_factorial,9,9,0,2051,2052,2053,2051|2052|2053,2053,IDENTIFIED,DETERMINISTIC_CASE_ROSTER_WITH_EXPLICIT_RIGHT_CENSORING,NOT_A_TURNING_YEAR_PROBABILITY_DISTRIBUTION
IA,Iowa,PRIMARY_50_STATE,high,conditioned_grid_conversion,3,0,3,,,,,,RIGHT_CENSORED_THROUGH_2075,DETERMINISTIC_CASE_ROSTER_WITH_EXPLICIT_RIGHT_CENSORING,NOT_A_TURNING_YEAR_PROBABILITY_DISTRIBUTION
IA,Iowa,PRIMARY_50_STATE,high,full_conversion_factorial,9,0,9,,,,,,RIGHT_CENSORED_THROUGH_2075,DETERMINISTIC_CASE_ROSTER_WITH_EXPLICIT_RIGHT_CENSORING,NOT_A_TURNING_YEAR_PROBABILITY_DISTRIBUTION
IA,Iowa,PRIMARY_50_STATE,low,conditioned_grid_conversion,3,3,0,2037,2037,2037,2037,2037,IDENTIFIED,DETERMINISTIC_CASE_ROSTER_WITH_EXPLICIT_RIGHT_CENSORING,NOT_A_TURNING_YEAR_PROBABILITY_DISTRIBUTION
IA,Iowa,PRIMARY_50_STATE,low,full_conversion_factorial,9,9,0,2037,2037,2037,2037,2037,IDENTIFIED,DETERMINISTIC_CASE_ROSTER_WITH_EXPLICIT_RIGHT_CENSORING,NOT_A_TURNING_YEAR_PROBABILITY_DISTRIBUTION
IA,Iowa,PRIMARY_50_STATE,medium,conditioned_grid_conversion,3,3,0,2051,2051,2051,2051,2051,IDENTIFIED,DETERMINISTIC_CASE_ROSTER_WITH_EXPLICIT_RIGHT_CENSORING,NOT_A_TURNING_YEAR_PROBABILITY_DISTRIBUTION
IA,Iowa,PRIMARY_50_STATE,medium,full_conversion_factorial,9,9,0,2050,2050,2051,2050|2051,2051,IDENTIFIED,DETERMINISTIC_CASE_ROSTER_WITH_EXPLICIT_RIGHT_CENSORING,NOT_A_TURNING_YEAR_PROBABILITY_DISTRIBUTION
ID,Idaho,PRIMARY_50_STATE,high,conditioned_grid_conversion,3,0,3,,,,,,RIGHT_CENSORED_THROUGH_2075,DETERMINISTIC_CASE_ROSTER_WITH_EXPLICIT_RIGHT_CENSORING,NOT_A_TURNING_YEAR_PROBABILITY_DISTRIBUTION
ID,Idaho,PRIMARY_50_STATE,high,full_conversion_factorial,9,0,9,,,,,,RIGHT_CENSORED_THROUGH_2075,DETERMINISTIC_CASE_ROSTER_WITH_EXPLICIT_RIGHT_CENSORING,NOT_A_TURNING_YEAR_PROBABILITY_DISTRIBUTION
ID,Idaho,PRIMARY_50_STATE,low,conditioned_grid_conversion,3,3,0,2037,2037,2037,2037,2037,IDENTIFIED,DETERMINISTIC_CASE_ROSTER_WITH_EXPLICIT_RIGHT_CENSORING,NOT_A_TURNING_YEAR_PROBABILITY_DISTRIBUTION
ID,Idaho,PRIMARY_50_STATE,low,full_conversion_factorial,9,9,0,2037,2037,2037,2037,2037,IDENTIFIED,DETERMINISTIC_CASE_ROSTER_WITH_EXPLICIT_RIGHT_CENSORING,NOT_A_TURNING_YEAR_PROBABILITY_DISTRIBUTION
ID,Idaho,PRIMARY_50_STATE,medium,conditioned_grid_conversion,3,3,0,2050,2050,2050,2050,2050,IDENTIFIED,DETERMINISTIC_CASE_ROSTER_WITH_EXPLICIT_RIGHT_CENSORING,NOT_A_TURNING_YEAR_PROBABILITY_DISTRIBUTION
ID,Idaho,PRIMARY_50_STATE,medium,full_conversion_factorial,9,9,0,2050,2050,2050,2050,2050,IDENTIFIED,DETERMINISTIC_CASE_ROSTER_WITH_EXPLICIT_RIGHT_CENSORING,NOT_A_TURNING_YEAR_PROBABILITY_DISTRIBUTION
IL,Illinois,PRIMARY_50_STATE,high,conditioned_grid_conversion,3,0,3,,,,,,RIGHT_CENSORED_THROUGH_2075,DETERMINISTIC_CASE_ROSTER_WITH_EXPLICIT_RIGHT_CENSORING,NOT_A_TURNING_YEAR_PROBABILITY_DISTRIBUTION
IL,Illinois,PRIMARY_50_STATE,high,full_conversion_factorial,9,0,9,,,,,,RIGHT_CENSORED_THROUGH_2075,DETERMINISTIC_CASE_ROSTER_WITH_EXPLICIT_RIGHT_CENSORING,NOT_A_TURNING_YEAR_PROBABILITY_DISTRIBUTION
IL,Illinois,PRIMARY_50_STATE,low,conditioned_grid_conversion,3,3,0,2037,2037,2037,2037,2037,IDENTIFIED,DETERMINISTIC_CASE_ROSTER_WITH_EXPLICIT_RIGHT_CENSORING,NOT_A_TURNING_YEAR_PROBABILITY_DISTRIBUTION
IL,Illinois,PRIMARY_50_STATE,low,full_conversion_factorial,9,9,0,2037,2037,2037,2037,2037,IDENTIFIED,DETERMINISTIC_CASE_ROSTER_WITH_EXPLICIT_RIGHT_CENSORING,NOT_A_TURNING_YEAR_PROBABILITY_DISTRIBUTION
IL,Illinois,PRIMARY_50_STATE,medium,conditioned_grid_conversion,3,3,0,2050,2050,2050,2050,2050,IDENTIFIED,DETERMINISTIC_CASE_ROSTER_WITH_EXPLICIT_RIGHT_CENSORING,NOT_A_TURNING_YEAR_PROBABILITY_DISTRIBUTION
IL,Illinois,PRIMARY_50_STATE,medium,full_conversion_factorial,9,9,0,2050,2050,2050,2050,2050,IDENTIFIED,DETERMINISTIC_CASE_ROSTER_WITH_EXPLICIT_RIGHT_CENSORING,NOT_A_TURNING_YEAR_PROBABILITY_DISTRIBUTION
IN,Indiana,PRIMARY_50_STATE,high,conditioned_grid_conversion,3,0,3,,,,,,RIGHT_CENSORED_THROUGH_2075,DETERMINISTIC_CASE_ROSTER_WITH_EXPLICIT_RIGHT_CENSORING,NOT_A_TURNING_YEAR_PROBABILITY_DISTRIBUTION
IN,Indiana,PRIMARY_50_STATE,high,full_conversion_factorial,9,0,9,,,,,,RIGHT_CENSORED_THROUGH_2075,DETERMINISTIC_CASE_ROSTER_WITH_EXPLICIT_RIGHT_CENSORING,NOT_A_TURNING_YEAR_PROBABILITY_DISTRIBUTION
IN,Indiana,PRIMARY_50_STATE,low,conditioned_grid_conversion,3,3,0,2037,2037,2037,2037,2037,IDENTIFIED,DETERMINISTIC_CASE_ROSTER_WITH_EXPLICIT_RIGHT_CENSORING,NOT_A_TURNING_YEAR_PROBABILITY_DISTRIBUTION
IN,Indiana,PRIMARY_50_STATE,low,full_conversion_factorial,9,9,0,2037,2037,2037,2037,2037,IDENTIFIED,DETERMINISTIC_CASE_ROSTER_WITH_EXPLICIT_RIGHT_CENSORING,NOT_A_TURNING_YEAR_PROBABILITY_DISTRIBUTION
IN,Indiana,PRIMARY_50_STATE,medium,conditioned_grid_conversion,3,3,0,2053,2053,2054,2053|2054,2053,IDENTIFIED,DETERMINISTIC_CASE_ROSTER_WITH_EXPLICIT_RIGHT_CENSORING,NOT_A_TURNING_YEAR_PROBABILITY_DISTRIBUTION
IN,Indiana,PRIMARY_50_STATE,medium,full_conversion_factorial,9,9,0,2052,2052,2054,2052|2053|2054,2053,IDENTIFIED,DETERMINISTIC_CASE_ROSTER_WITH_EXPLICIT_RIGHT_CENSORING,NOT_A_TURNING_YEAR_PROBABILITY_DISTRIBUTION
KS,Kansas,PRIMARY_50_STATE,high,conditioned_grid_conversion,3,0,3,,,,,,RIGHT_CENSORED_THROUGH_2075,DETERMINISTIC_CASE_ROSTER_WITH_EXPLICIT_RIGHT_CENSORING,NOT_A_TURNING_YEAR_PROBABILITY_DISTRIBUTION
KS,Kansas,PRIMARY_50_STATE,high,full_conversion_factorial,9,0,9,,,,,,RIGHT_CENSORED_THROUGH_2075,DETERMINISTIC_CASE_ROSTER_WITH_EXPLICIT_RIGHT_CENSORING,NOT_A_TURNING_YEAR_PROBABILITY_DISTRIBUTION
KS,Kansas,PRIMARY_50_STATE,low,conditioned_grid_conversion,3,3,0,2037,2037,2037,2037,2037,IDENTIFIED,DETERMINISTIC_CASE_ROSTER_WITH_EXPLICIT_RIGHT_CENSORING,NOT_A_TURNING_YEAR_PROBABILITY_DISTRIBUTION
KS,Kansas,PRIMARY_50_STATE,low,full_conversion_factorial,9,9,0,2037,2037,2037,2037,2037,IDENTIFIED,DETERMINISTIC_CASE_ROSTER_WITH_EXPLICIT_RIGHT_CENSORING,NOT_A_TURNING_YEAR_PROBABILITY_DISTRIBUTION
KS,Kansas,PRIMARY_50_STATE,medium,conditioned_grid_conversion,3,3,0,2051,2051,2051,2051,2051,IDENTIFIED,DETERMINISTIC_CASE_ROSTER_WITH_EXPLICIT_RIGHT_CENSORING,NOT_A_TURNING_YEAR_PROBABILITY_DISTRIBUTION
KS,Kansas,PRIMARY_50_STATE,medium,full_conversion_factorial,9,9,0,2050,2050,2051,2050|2051,2051,IDENTIFIED,DETERMINISTIC_CASE_ROSTER_WITH_EXPLICIT_RIGHT_CENSORING,NOT_A_TURNING_YEAR_PROBABILITY_DISTRIBUTION
KY,Kentucky,PRIMARY_50_STATE,high,conditioned_grid_conversion,3,0,3,,,,,,RIGHT_CENSORED_THROUGH_2075,DETERMINISTIC_CASE_ROSTER_WITH_EXPLICIT_RIGHT_CENSORING,NOT_A_TURNING_YEAR_PROBABILITY_DISTRIBUTION
KY,Kentucky,PRIMARY_50_STATE,high,full_conversion_factorial,9,0,9,,,,,,RIGHT_CENSORED_THROUGH_2075,DETERMINISTIC_CASE_ROSTER_WITH_EXPLICIT_RIGHT_CENSORING,NOT_A_TURNING_YEAR_PROBABILITY_DISTRIBUTION
KY,Kentucky,PRIMARY_50_STATE,low,conditioned_grid_conversion,3,3,0,2037,2037,2037,2037,2037,IDENTIFIED,DETERMINISTIC_CASE_ROSTER_WITH_EXPLICIT_RIGHT_CENSORING,NOT_A_TURNING_YEAR_PROBABILITY_DISTRIBUTION
KY,Kentucky,PRIMARY_50_STATE,low,full_conversion_factorial,9,9,0,2037,2037,2037,2037,2037,IDENTIFIED,DETERMINISTIC_CASE_ROSTER_WITH_EXPLICIT_RIGHT_CENSORING,NOT_A_TURNING_YEAR_PROBABILITY_DISTRIBUTION
KY,Kentucky,PRIMARY_50_STATE,medium,conditioned_grid_conversion,3,3,0,2054,2054,2054,2054,2054,IDENTIFIED,DETERMINISTIC_CASE_ROSTER_WITH_EXPLICIT_RIGHT_CENSORING,NOT_A_TURNING_YEAR_PROBABILITY_DISTRIBUTION
KY,Kentucky,PRIMARY_50_STATE,medium,full_conversion_factorial,9,9,0,2052,2053,2054,2052|2053|2054,2054,IDENTIFIED,DETERMINISTIC_CASE_ROSTER_WITH_EXPLICIT_RIGHT_CENSORING,NOT_A_TURNING_YEAR_PROBABILITY_DISTRIBUTION
LA,Louisiana,PRIMARY_50_STATE,high,conditioned_grid_conversion,3,0,3,,,,,,RIGHT_CENSORED_THROUGH_2075,DETERMINISTIC_CASE_ROSTER_WITH_EXPLICIT_RIGHT_CENSORING,NOT_A_TURNING_YEAR_PROBABILITY_DISTRIBUTION
LA,Louisiana,PRIMARY_50_STATE,high,full_conversion_factorial,9,0,9,,,,,,RIGHT_CENSORED_THROUGH_2075,DETERMINISTIC_CASE_ROSTER_WITH_EXPLICIT_RIGHT_CENSORING,NOT_A_TURNING_YEAR_PROBABILITY_DISTRIBUTION
LA,Louisiana,PRIMARY_50_STATE,low,conditioned_grid_conversion,3,3,0,2037,2037,2037,2037,2037,IDENTIFIED,DETERMINISTIC_CASE_ROSTER_WITH_EXPLICIT_RIGHT_CENSORING,NOT_A_TURNING_YEAR_PROBABILITY_DISTRIBUTION
LA,Louisiana,PRIMARY_50_STATE,low,full_conversion_factorial,9,9,0,2037,2037,2037,2037,2037,IDENTIFIED,DETERMINISTIC_CASE_ROSTER_WITH_EXPLICIT_RIGHT_CENSORING,NOT_A_TURNING_YEAR_PROBABILITY_DISTRIBUTION
LA,Louisiana,PRIMARY_50_STATE,medium,conditioned_grid_conversion,3,3,0,2051,2051,2051,2051,2051,IDENTIFIED,DETERMINISTIC_CASE_ROSTER_WITH_EXPLICIT_RIGHT_CENSORING,NOT_A_TURNING_YEAR_PROBABILITY_DISTRIBUTION
LA,Louisiana,PRIMARY_50_STATE,medium,full_conversion_factorial,9,9,0,2050,2051,2051,2050|2051,2051,IDENTIFIED,DETERMINISTIC_CASE_ROSTER_WITH_EXPLICIT_RIGHT_CENSORING,NOT_A_TURNING_YEAR_PROBABILITY_DISTRIBUTION
MA,Massachusetts,PRIMARY_50_STATE,high,conditioned_grid_conversion,3,0,3,,,,,,RIGHT_CENSORED_THROUGH_2075,DETERMINISTIC_CASE_ROSTER_WITH_EXPLICIT_RIGHT_CENSORING,NOT_A_TURNING_YEAR_PROBABILITY_DISTRIBUTION
MA,Massachusetts,PRIMARY_50_STATE,high,full_conversion_factorial,9,0,9,,,,,,RIGHT_CENSORED_THROUGH_2075,DETERMINISTIC_CASE_ROSTER_WITH_EXPLICIT_RIGHT_CENSORING,NOT_A_TURNING_YEAR_PROBABILITY_DISTRIBUTION
MA,Massachusetts,PRIMARY_50_STATE,low,conditioned_grid_conversion,3,3,0,2037,2037,2037,2037,2037,IDENTIFIED,DETERMINISTIC_CASE_ROSTER_WITH_EXPLICIT_RIGHT_CENSORING,NOT_A_TURNING_YEAR_PROBABILITY_DISTRIBUTION
MA,Massachusetts,PRIMARY_50_STATE,low,full_conversion_factorial,9,9,0,2037,2037,2037,2037,2037,IDENTIFIED,DETERMINISTIC_CASE_ROSTER_WITH_EXPLICIT_RIGHT_CENSORING,NOT_A_TURNING_YEAR_PROBABILITY_DISTRIBUTION
MA,Massachusetts,PRIMARY_50_STATE,medium,conditioned_grid_conversion,3,3,0,2051,2051,2052,2051|2052,2051,IDENTIFIED,DETERMINISTIC_CASE_ROSTER_WITH_EXPLICIT_RIGHT_CENSORING,NOT_A_TURNING_YEAR_PROBABILITY_DISTRIBUTION
MA,Massachusetts,PRIMARY_50_STATE,medium,full_conversion_factorial,9,9,0,2050,2051,2052,2050|2051|2052,2051,IDENTIFIED,DETERMINISTIC_CASE_ROSTER_WITH_EXPLICIT_RIGHT_CENSORING,NOT_A_TURNING_YEAR_PROBABILITY_DISTRIBUTION
MD,Maryland,PRIMARY_50_STATE,high,conditioned_grid_conversion,3,0,3,,,,,,RIGHT_CENSORED_THROUGH_2075,DETERMINISTIC_CASE_ROSTER_WITH_EXPLICIT_RIGHT_CENSORING,NOT_A_TURNING_YEAR_PROBABILITY_DISTRIBUTION
MD,Maryland,PRIMARY_50_STATE,high,full_conversion_factorial,9,0,9,,,,,,RIGHT_CENSORED_THROUGH_2075,DETERMINISTIC_CASE_ROSTER_WITH_EXPLICIT_RIGHT_CENSORING,NOT_A_TURNING_YEAR_PROBABILITY_DISTRIBUTION
MD,Maryland,PRIMARY_50_STATE,low,conditioned_grid_conversion,3,3,0,2037,2037,2037,2037,2037,IDENTIFIED,DETERMINISTIC_CASE_ROSTER_WITH_EXPLICIT_RIGHT_CENSORING,NOT_A_TURNING_YEAR_PROBABILITY_DISTRIBUTION
MD,Maryland,PRIMARY_50_STATE,low,full_conversion_factorial,9,9,0,2037,2037,2037,2037,2037,IDENTIFIED,DETERMINISTIC_CASE_ROSTER_WITH_EXPLICIT_RIGHT_CENSORING,NOT_A_TURNING_YEAR_PROBABILITY_DISTRIBUTION
MD,Maryland,PRIMARY_50_STATE,medium,conditioned_grid_conversion,3,3,0,2050,2050,2051,2050|2051,2050,IDENTIFIED,DETERMINISTIC_CASE_ROSTER_WITH_EXPLICIT_RIGHT_CENSORING,NOT_A_TURNING_YEAR_PROBABILITY_DISTRIBUTION
MD,Maryland,PRIMARY_50_STATE,medium,full_conversion_factorial,9,9,0,2050,2050,2051,2050|2051,2050,IDENTIFIED,DETERMINISTIC_CASE_ROSTER_WITH_EXPLICIT_RIGHT_CENSORING,NOT_A_TURNING_YEAR_PROBABILITY_DISTRIBUTION
ME,Maine,PRIMARY_50_STATE,high,conditioned_grid_conversion,3,0,3,,,,,,RIGHT_CENSORED_THROUGH_2075,DETERMINISTIC_CASE_ROSTER_WITH_EXPLICIT_RIGHT_CENSORING,NOT_A_TURNING_YEAR_PROBABILITY_DISTRIBUTION
ME,Maine,PRIMARY_50_STATE,high,full_conversion_factorial,9,0,9,,,,,,RIGHT_CENSORED_THROUGH_2075,DETERMINISTIC_CASE_ROSTER_WITH_EXPLICIT_RIGHT_CENSORING,NOT_A_TURNING_YEAR_PROBABILITY_DISTRIBUTION
ME,Maine,PRIMARY_50_STATE,low,conditioned_grid_conversion,3,3,0,2037,2037,2037,2037,2037,IDENTIFIED,DETERMINISTIC_CASE_ROSTER_WITH_EXPLICIT_RIGHT_CENSORING,NOT_A_TURNING_YEAR_PROBABILITY_DISTRIBUTION
ME,Maine,PRIMARY_50_STATE,low,full_conversion_factorial,9,9,0,2037,2037,2037,2037,2037,IDENTIFIED,DETERMINISTIC_CASE_ROSTER_WITH_EXPLICIT_RIGHT_CENSORING,NOT_A_TURNING_YEAR_PROBABILITY_DISTRIBUTION
ME,Maine,PRIMARY_50_STATE,medium,conditioned_grid_conversion,3,3,0,2050,2050,2050,2050,2050,IDENTIFIED,DETERMINISTIC_CASE_ROSTER_WITH_EXPLICIT_RIGHT_CENSORING,NOT_A_TURNING_YEAR_PROBABILITY_DISTRIBUTION
ME,Maine,PRIMARY_50_STATE,medium,full_conversion_factorial,9,9,0,2050,2050,2050,2050,2050,IDENTIFIED,DETERMINISTIC_CASE_ROSTER_WITH_EXPLICIT_RIGHT_CENSORING,NOT_A_TURNING_YEAR_PROBABILITY_DISTRIBUTION
MI,Michigan,PRIMARY_50_STATE,high,conditioned_grid_conversion,3,0,3,,,,,,RIGHT_CENSORED_THROUGH_2075,DETERMINISTIC_CASE_ROSTER_WITH_EXPLICIT_RIGHT_CENSORING,NOT_A_TURNING_YEAR_PROBABILITY_DISTRIBUTION
MI,Michigan,PRIMARY_50_STATE,high,full_conversion_factorial,9,0,9,,,,,,RIGHT_CENSORED_THROUGH_2075,DETERMINISTIC_CASE_ROSTER_WITH_EXPLICIT_RIGHT_CENSORING,NOT_A_TURNING_YEAR_PROBABILITY_DISTRIBUTION
MI,Michigan,PRIMARY_50_STATE,low,conditioned_grid_conversion,3,3,0,2037,2037,2037,2037,2037,IDENTIFIED,DETERMINISTIC_CASE_ROSTER_WITH_EXPLICIT_RIGHT_CENSORING,NOT_A_TURNING_YEAR_PROBABILITY_DISTRIBUTION
MI,Michigan,PRIMARY_50_STATE,low,full_conversion_factorial,9,9,0,2037,2037,2037,2037,2037,IDENTIFIED,DETERMINISTIC_CASE_ROSTER_WITH_EXPLICIT_RIGHT_CENSORING,NOT_A_TURNING_YEAR_PROBABILITY_DISTRIBUTION
MI,Michigan,PRIMARY_50_STATE,medium,conditioned_grid_conversion,3,3,0,2051,2051,2052,2051|2052,2051,IDENTIFIED,DETERMINISTIC_CASE_ROSTER_WITH_EXPLICIT_RIGHT_CENSORING,NOT_A_TURNING_YEAR_PROBABILITY_DISTRIBUTION
MI,Michigan,PRIMARY_50_STATE,medium,full_conversion_factorial,9,9,0,2050,2051,2052,2050|2051|2052,2051,IDENTIFIED,DETERMINISTIC_CASE_ROSTER_WITH_EXPLICIT_RIGHT_CENSORING,NOT_A_TURNING_YEAR_PROBABILITY_DISTRIBUTION
MN,Minnesota,PRIMARY_50_STATE,high,conditioned_grid_conversion,3,0,3,,,,,,RIGHT_CENSORED_THROUGH_2075,DETERMINISTIC_CASE_ROSTER_WITH_EXPLICIT_RIGHT_CENSORING,NOT_A_TURNING_YEAR_PROBABILITY_DISTRIBUTION
MN,Minnesota,PRIMARY_50_STATE,high,full_conversion_factorial,9,0,9,,,,,,RIGHT_CENSORED_THROUGH_2075,DETERMINISTIC_CASE_ROSTER_WITH_EXPLICIT_RIGHT_CENSORING,NOT_A_TURNING_YEAR_PROBABILITY_DISTRIBUTION
MN,Minnesota,PRIMARY_50_STATE,low,conditioned_grid_conversion,3,3,0,2037,2037,2037,2037,2037,IDENTIFIED,DETERMINISTIC_CASE_ROSTER_WITH_EXPLICIT_RIGHT_CENSORING,NOT_A_TURNING_YEAR_PROBABILITY_DISTRIBUTION
MN,Minnesota,PRIMARY_50_STATE,low,full_conversion_factorial,9,9,0,2037,2037,2037,2037,2037,IDENTIFIED,DETERMINISTIC_CASE_ROSTER_WITH_EXPLICIT_RIGHT_CENSORING,NOT_A_TURNING_YEAR_PROBABILITY_DISTRIBUTION
MN,Minnesota,PRIMARY_50_STATE,medium,conditioned_grid_conversion,3,3,0,2051,2051,2051,2051,2051,IDENTIFIED,DETERMINISTIC_CASE_ROSTER_WITH_EXPLICIT_RIGHT_CENSORING,NOT_A_TURNING_YEAR_PROBABILITY_DISTRIBUTION
MN,Minnesota,PRIMARY_50_STATE,medium,full_conversion_factorial,9,9,0,2050,2051,2051,2050|2051,2051,IDENTIFIED,DETERMINISTIC_CASE_ROSTER_WITH_EXPLICIT_RIGHT_CENSORING,NOT_A_TURNING_YEAR_PROBABILITY_DISTRIBUTION
MO,Missouri,PRIMARY_50_STATE,high,conditioned_grid_conversion,3,0,3,,,,,,RIGHT_CENSORED_THROUGH_2075,DETERMINISTIC_CASE_ROSTER_WITH_EXPLICIT_RIGHT_CENSORING,NOT_A_TURNING_YEAR_PROBABILITY_DISTRIBUTION
MO,Missouri,PRIMARY_50_STATE,high,full_conversion_factorial,9,0,9,,,,,,RIGHT_CENSORED_THROUGH_2075,DETERMINISTIC_CASE_ROSTER_WITH_EXPLICIT_RIGHT_CENSORING,NOT_A_TURNING_YEAR_PROBABILITY_DISTRIBUTION
MO,Missouri,PRIMARY_50_STATE,low,conditioned_grid_conversion,3,3,0,2037,2037,2037,2037,2037,IDENTIFIED,DETERMINISTIC_CASE_ROSTER_WITH_EXPLICIT_RIGHT_CENSORING,NOT_A_TURNING_YEAR_PROBABILITY_DISTRIBUTION
MO,Missouri,PRIMARY_50_STATE,low,full_conversion_factorial,9,9,0,2037,2037,2037,2037,2037,IDENTIFIED,DETERMINISTIC_CASE_ROSTER_WITH_EXPLICIT_RIGHT_CENSORING,NOT_A_TURNING_YEAR_PROBABILITY_DISTRIBUTION
MO,Missouri,PRIMARY_50_STATE,medium,conditioned_grid_conversion,3,3,0,2053,2053,2054,2053|2054,2053,IDENTIFIED,DETERMINISTIC_CASE_ROSTER_WITH_EXPLICIT_RIGHT_CENSORING,NOT_A_TURNING_YEAR_PROBABILITY_DISTRIBUTION
MO,Missouri,PRIMARY_50_STATE,medium,full_conversion_factorial,9,9,0,2052,2052,2054,2052|2053|2054,2053,IDENTIFIED,DETERMINISTIC_CASE_ROSTER_WITH_EXPLICIT_RIGHT_CENSORING,NOT_A_TURNING_YEAR_PROBABILITY_DISTRIBUTION
MS,Mississippi,PRIMARY_50_STATE,high,conditioned_grid_conversion,3,0,3,,,,,,RIGHT_CENSORED_THROUGH_2075,DETERMINISTIC_CASE_ROSTER_WITH_EXPLICIT_RIGHT_CENSORING,NOT_A_TURNING_YEAR_PROBABILITY_DISTRIBUTION
MS,Mississippi,PRIMARY_50_STATE,high,full_conversion_factorial,9,0,9,,,,,,RIGHT_CENSORED_THROUGH_2075,DETERMINISTIC_CASE_ROSTER_WITH_EXPLICIT_RIGHT_CENSORING,NOT_A_TURNING_YEAR_PROBABILITY_DISTRIBUTION
MS,Mississippi,PRIMARY_50_STATE,low,conditioned_grid_conversion,3,3,0,2037,2037,2037,2037,2037,IDENTIFIED,DETERMINISTIC_CASE_ROSTER_WITH_EXPLICIT_RIGHT_CENSORING,NOT_A_TURNING_YEAR_PROBABILITY_DISTRIBUTION
MS,Mississippi,PRIMARY_50_STATE,low,full_conversion_factorial,9,9,0,2037,2037,2037,2037,2037,IDENTIFIED,DETERMINISTIC_CASE_ROSTER_WITH_EXPLICIT_RIGHT_CENSORING,NOT_A_TURNING_YEAR_PROBABILITY_DISTRIBUTION
MS,Mississippi,PRIMARY_50_STATE,medium,conditioned_grid_conversion,3,3,0,2051,2051,2052,2051|2052,2051,IDENTIFIED,DETERMINISTIC_CASE_ROSTER_WITH_EXPLICIT_RIGHT_CENSORING,NOT_A_TURNING_YEAR_PROBABILITY_DISTRIBUTION
MS,Mississippi,PRIMARY_50_STATE,medium,full_conversion_factorial,9,9,0,2050,2051,2052,2050|2051|2052,2051,IDENTIFIED,DETERMINISTIC_CASE_ROSTER_WITH_EXPLICIT_RIGHT_CENSORING,NOT_A_TURNING_YEAR_PROBABILITY_DISTRIBUTION
MT,Montana,PRIMARY_50_STATE,high,conditioned_grid_conversion,3,0,3,,,,,,RIGHT_CENSORED_THROUGH_2075,DETERMINISTIC_CASE_ROSTER_WITH_EXPLICIT_RIGHT_CENSORING,NOT_A_TURNING_YEAR_PROBABILITY_DISTRIBUTION
MT,Montana,PRIMARY_50_STATE,high,full_conversion_factorial,9,0,9,,,,,,RIGHT_CENSORED_THROUGH_2075,DETERMINISTIC_CASE_ROSTER_WITH_EXPLICIT_RIGHT_CENSORING,NOT_A_TURNING_YEAR_PROBABILITY_DISTRIBUTION
MT,Montana,PRIMARY_50_STATE,low,conditioned_grid_conversion,3,3,0,2037,2037,2037,2037,2037,IDENTIFIED,DETERMINISTIC_CASE_ROSTER_WITH_EXPLICIT_RIGHT_CENSORING,NOT_A_TURNING_YEAR_PROBABILITY_DISTRIBUTION
MT,Montana,PRIMARY_50_STATE,low,full_conversion_factorial,9,9,0,2037,2037,2037,2037,2037,IDENTIFIED,DETERMINISTIC_CASE_ROSTER_WITH_EXPLICIT_RIGHT_CENSORING,NOT_A_TURNING_YEAR_PROBABILITY_DISTRIBUTION
MT,Montana,PRIMARY_50_STATE,medium,conditioned_grid_conversion,3,3,0,2052,2052,2052,2052,2052,IDENTIFIED,DETERMINISTIC_CASE_ROSTER_WITH_EXPLICIT_RIGHT_CENSORING,NOT_A_TURNING_YEAR_PROBABILITY_DISTRIBUTION
MT,Montana,PRIMARY_50_STATE,medium,full_conversion_factorial,9,9,0,2051,2051,2052,2051|2052,2052,IDENTIFIED,DETERMINISTIC_CASE_ROSTER_WITH_EXPLICIT_RIGHT_CENSORING,NOT_A_TURNING_YEAR_PROBABILITY_DISTRIBUTION
NC,North Carolina,PRIMARY_50_STATE,high,conditioned_grid_conversion,3,0,3,,,,,,RIGHT_CENSORED_THROUGH_2075,DETERMINISTIC_CASE_ROSTER_WITH_EXPLICIT_RIGHT_CENSORING,NOT_A_TURNING_YEAR_PROBABILITY_DISTRIBUTION
NC,North Carolina,PRIMARY_50_STATE,high,full_conversion_factorial,9,0,9,,,,,,RIGHT_CENSORED_THROUGH_2075,DETERMINISTIC_CASE_ROSTER_WITH_EXPLICIT_RIGHT_CENSORING,NOT_A_TURNING_YEAR_PROBABILITY_DISTRIBUTION
NC,North Carolina,PRIMARY_50_STATE,low,conditioned_grid_conversion,3,3,0,2037,2037,2037,2037,2037,IDENTIFIED,DETERMINISTIC_CASE_ROSTER_WITH_EXPLICIT_RIGHT_CENSORING,NOT_A_TURNING_YEAR_PROBABILITY_DISTRIBUTION
NC,North Carolina,PRIMARY_50_STATE,low,full_conversion_factorial,9,9,0,2037,2037,2037,2037,2037,IDENTIFIED,DETERMINISTIC_CASE_ROSTER_WITH_EXPLICIT_RIGHT_CENSORING,NOT_A_TURNING_YEAR_PROBABILITY_DISTRIBUTION
NC,North Carolina,PRIMARY_50_STATE,medium,conditioned_grid_conversion,3,3,0,2051,2051,2051,2051,2051,IDENTIFIED,DETERMINISTIC_CASE_ROSTER_WITH_EXPLICIT_RIGHT_CENSORING,NOT_A_TURNING_YEAR_PROBABILITY_DISTRIBUTION
NC,North Carolina,PRIMARY_50_STATE,medium,full_conversion_factorial,9,9,0,2050,2050,2051,2050|2051,2051,IDENTIFIED,DETERMINISTIC_CASE_ROSTER_WITH_EXPLICIT_RIGHT_CENSORING,NOT_A_TURNING_YEAR_PROBABILITY_DISTRIBUTION
ND,North Dakota,PRIMARY_50_STATE,high,conditioned_grid_conversion,3,0,3,,,,,,RIGHT_CENSORED_THROUGH_2075,DETERMINISTIC_CASE_ROSTER_WITH_EXPLICIT_RIGHT_CENSORING,NOT_A_TURNING_YEAR_PROBABILITY_DISTRIBUTION
ND,North Dakota,PRIMARY_50_STATE,high,full_conversion_factorial,9,0,9,,,,,,RIGHT_CENSORED_THROUGH_2075,DETERMINISTIC_CASE_ROSTER_WITH_EXPLICIT_RIGHT_CENSORING,NOT_A_TURNING_YEAR_PROBABILITY_DISTRIBUTION
ND,North Dakota,PRIMARY_50_STATE,low,conditioned_grid_conversion,3,3,0,2037,2037,2037,2037,2037,IDENTIFIED,DETERMINISTIC_CASE_ROSTER_WITH_EXPLICIT_RIGHT_CENSORING,NOT_A_TURNING_YEAR_PROBABILITY_DISTRIBUTION
ND,North Dakota,PRIMARY_50_STATE,low,full_conversion_factorial,9,9,0,2037,2037,2037,2037,2037,IDENTIFIED,DETERMINISTIC_CASE_ROSTER_WITH_EXPLICIT_RIGHT_CENSORING,NOT_A_TURNING_YEAR_PROBABILITY_DISTRIBUTION
ND,North Dakota,PRIMARY_50_STATE,medium,conditioned_grid_conversion,3,3,0,2053,2053,2053,2053,2053,IDENTIFIED,DETERMINISTIC_CASE_ROSTER_WITH_EXPLICIT_RIGHT_CENSORING,NOT_A_TURNING_YEAR_PROBABILITY_DISTRIBUTION
ND,North Dakota,PRIMARY_50_STATE,medium,full_conversion_factorial,9,9,0,2051,2052,2053,2051|2052|2053,2053,IDENTIFIED,DETERMINISTIC_CASE_ROSTER_WITH_EXPLICIT_RIGHT_CENSORING,NOT_A_TURNING_YEAR_PROBABILITY_DISTRIBUTION
NE,Nebraska,PRIMARY_50_STATE,high,conditioned_grid_conversion,3,0,3,,,,,,RIGHT_CENSORED_THROUGH_2075,DETERMINISTIC_CASE_ROSTER_WITH_EXPLICIT_RIGHT_CENSORING,NOT_A_TURNING_YEAR_PROBABILITY_DISTRIBUTION
NE,Nebraska,PRIMARY_50_STATE,high,full_conversion_factorial,9,0,9,,,,,,RIGHT_CENSORED_THROUGH_2075,DETERMINISTIC_CASE_ROSTER_WITH_EXPLICIT_RIGHT_CENSORING,NOT_A_TURNING_YEAR_PROBABILITY_DISTRIBUTION
NE,Nebraska,PRIMARY_50_STATE,low,conditioned_grid_conversion,3,3,0,2037,2037,2037,2037,2037,IDENTIFIED,DETERMINISTIC_CASE_ROSTER_WITH_EXPLICIT_RIGHT_CENSORING,NOT_A_TURNING_YEAR_PROBABILITY_DISTRIBUTION
NE,Nebraska,PRIMARY_50_STATE,low,full_conversion_factorial,9,9,0,2037,2037,2037,2037,2037,IDENTIFIED,DETERMINISTIC_CASE_ROSTER_WITH_EXPLICIT_RIGHT_CENSORING,NOT_A_TURNING_YEAR_PROBABILITY_DISTRIBUTION
NE,Nebraska,PRIMARY_50_STATE,medium,conditioned_grid_conversion,3,3,0,2052,2052,2052,2052,2052,IDENTIFIED,DETERMINISTIC_CASE_ROSTER_WITH_EXPLICIT_RIGHT_CENSORING,NOT_A_TURNING_YEAR_PROBABILITY_DISTRIBUTION
NE,Nebraska,PRIMARY_50_STATE,medium,full_conversion_factorial,9,9,0,2051,2051,2052,2051|2052,2052,IDENTIFIED,DETERMINISTIC_CASE_ROSTER_WITH_EXPLICIT_RIGHT_CENSORING,NOT_A_TURNING_YEAR_PROBABILITY_DISTRIBUTION
NH,New Hampshire,PRIMARY_50_STATE,high,conditioned_grid_conversion,3,0,3,,,,,,RIGHT_CENSORED_THROUGH_2075,DETERMINISTIC_CASE_ROSTER_WITH_EXPLICIT_RIGHT_CENSORING,NOT_A_TURNING_YEAR_PROBABILITY_DISTRIBUTION
NH,New Hampshire,PRIMARY_50_STATE,high,full_conversion_factorial,9,0,9,,,,,,RIGHT_CENSORED_THROUGH_2075,DETERMINISTIC_CASE_ROSTER_WITH_EXPLICIT_RIGHT_CENSORING,NOT_A_TURNING_YEAR_PROBABILITY_DISTRIBUTION
NH,New Hampshire,PRIMARY_50_STATE,low,conditioned_grid_conversion,3,3,0,2037,2037,2037,2037,2037,IDENTIFIED,DETERMINISTIC_CASE_ROSTER_WITH_EXPLICIT_RIGHT_CENSORING,NOT_A_TURNING_YEAR_PROBABILITY_DISTRIBUTION
NH,New Hampshire,PRIMARY_50_STATE,low,full_conversion_factorial,9,9,0,2037,2037,2037,2037,2037,IDENTIFIED,DETERMINISTIC_CASE_ROSTER_WITH_EXPLICIT_RIGHT_CENSORING,NOT_A_TURNING_YEAR_PROBABILITY_DISTRIBUTION
NH,New Hampshire,PRIMARY_50_STATE,medium,conditioned_grid_conversion,3,3,0,2050,2050,2050,2050,2050,IDENTIFIED,DETERMINISTIC_CASE_ROSTER_WITH_EXPLICIT_RIGHT_CENSORING,NOT_A_TURNING_YEAR_PROBABILITY_DISTRIBUTION
NH,New Hampshire,PRIMARY_50_STATE,medium,full_conversion_factorial,9,9,0,2050,2050,2050,2050,2050,IDENTIFIED,DETERMINISTIC_CASE_ROSTER_WITH_EXPLICIT_RIGHT_CENSORING,NOT_A_TURNING_YEAR_PROBABILITY_DISTRIBUTION
NJ,New Jersey,PRIMARY_50_STATE,high,conditioned_grid_conversion,3,0,3,,,,,,RIGHT_CENSORED_THROUGH_2075,DETERMINISTIC_CASE_ROSTER_WITH_EXPLICIT_RIGHT_CENSORING,NOT_A_TURNING_YEAR_PROBABILITY_DISTRIBUTION
NJ,New Jersey,PRIMARY_50_STATE,high,full_conversion_factorial,9,0,9,,,,,,RIGHT_CENSORED_THROUGH_2075,DETERMINISTIC_CASE_ROSTER_WITH_EXPLICIT_RIGHT_CENSORING,NOT_A_TURNING_YEAR_PROBABILITY_DISTRIBUTION
NJ,New Jersey,PRIMARY_50_STATE,low,conditioned_grid_conversion,3,3,0,2037,2037,2037,2037,2037,IDENTIFIED,DETERMINISTIC_CASE_ROSTER_WITH_EXPLICIT_RIGHT_CENSORING,NOT_A_TURNING_YEAR_PROBABILITY_DISTRIBUTION
NJ,New Jersey,PRIMARY_50_STATE,low,full_conversion_factorial,9,9,0,2037,2037,2037,2037,2037,IDENTIFIED,DETERMINISTIC_CASE_ROSTER_WITH_EXPLICIT_RIGHT_CENSORING,NOT_A_TURNING_YEAR_PROBABILITY_DISTRIBUTION
NJ,New Jersey,PRIMARY_50_STATE,medium,conditioned_grid_conversion,3,3,0,2050,2050,2050,2050,2050,IDENTIFIED,DETERMINISTIC_CASE_ROSTER_WITH_EXPLICIT_RIGHT_CENSORING,NOT_A_TURNING_YEAR_PROBABILITY_DISTRIBUTION
NJ,New Jersey,PRIMARY_50_STATE,medium,full_conversion_factorial,9,9,0,2050,2050,2050,2050,2050,IDENTIFIED,DETERMINISTIC_CASE_ROSTER_WITH_EXPLICIT_RIGHT_CENSORING,NOT_A_TURNING_YEAR_PROBABILITY_DISTRIBUTION
NM,New Mexico,PRIMARY_50_STATE,high,conditioned_grid_conversion,3,0,3,,,,,,RIGHT_CENSORED_THROUGH_2075,DETERMINISTIC_CASE_ROSTER_WITH_EXPLICIT_RIGHT_CENSORING,NOT_A_TURNING_YEAR_PROBABILITY_DISTRIBUTION
NM,New Mexico,PRIMARY_50_STATE,high,full_conversion_factorial,9,0,9,,,,,,RIGHT_CENSORED_THROUGH_2075,DETERMINISTIC_CASE_ROSTER_WITH_EXPLICIT_RIGHT_CENSORING,NOT_A_TURNING_YEAR_PROBABILITY_DISTRIBUTION
NM,New Mexico,PRIMARY_50_STATE,low,conditioned_grid_conversion,3,3,0,2037,2037,2037,2037,2037,IDENTIFIED,DETERMINISTIC_CASE_ROSTER_WITH_EXPLICIT_RIGHT_CENSORING,NOT_A_TURNING_YEAR_PROBABILITY_DISTRIBUTION
NM,New Mexico,PRIMARY_50_STATE,low,full_conversion_factorial,9,9,0,2037,2037,2037,2037,2037,IDENTIFIED,DETERMINISTIC_CASE_ROSTER_WITH_EXPLICIT_RIGHT_CENSORING,NOT_A_TURNING_YEAR_PROBABILITY_DISTRIBUTION
NM,New Mexico,PRIMARY_50_STATE,medium,conditioned_grid_conversion,3,3,0,2051,2051,2051,2051,2051,IDENTIFIED,DETERMINISTIC_CASE_ROSTER_WITH_EXPLICIT_RIGHT_CENSORING,NOT_A_TURNING_YEAR_PROBABILITY_DISTRIBUTION
NM,New Mexico,PRIMARY_50_STATE,medium,full_conversion_factorial,9,9,0,2050,2051,2051,2050|2051,2051,IDENTIFIED,DETERMINISTIC_CASE_ROSTER_WITH_EXPLICIT_RIGHT_CENSORING,NOT_A_TURNING_YEAR_PROBABILITY_DISTRIBUTION
NV,Nevada,PRIMARY_50_STATE,high,conditioned_grid_conversion,3,0,3,,,,,,RIGHT_CENSORED_THROUGH_2075,DETERMINISTIC_CASE_ROSTER_WITH_EXPLICIT_RIGHT_CENSORING,NOT_A_TURNING_YEAR_PROBABILITY_DISTRIBUTION
NV,Nevada,PRIMARY_50_STATE,high,full_conversion_factorial,9,0,9,,,,,,RIGHT_CENSORED_THROUGH_2075,DETERMINISTIC_CASE_ROSTER_WITH_EXPLICIT_RIGHT_CENSORING,NOT_A_TURNING_YEAR_PROBABILITY_DISTRIBUTION
NV,Nevada,PRIMARY_50_STATE,low,conditioned_grid_conversion,3,3,0,2037,2037,2037,2037,2037,IDENTIFIED,DETERMINISTIC_CASE_ROSTER_WITH_EXPLICIT_RIGHT_CENSORING,NOT_A_TURNING_YEAR_PROBABILITY_DISTRIBUTION
NV,Nevada,PRIMARY_50_STATE,low,full_conversion_factorial,9,9,0,2037,2037,2037,2037,2037,IDENTIFIED,DETERMINISTIC_CASE_ROSTER_WITH_EXPLICIT_RIGHT_CENSORING,NOT_A_TURNING_YEAR_PROBABILITY_DISTRIBUTION
NV,Nevada,PRIMARY_50_STATE,medium,conditioned_grid_conversion,3,3,0,2051,2051,2051,2051,2051,IDENTIFIED,DETERMINISTIC_CASE_ROSTER_WITH_EXPLICIT_RIGHT_CENSORING,NOT_A_TURNING_YEAR_PROBABILITY_DISTRIBUTION
NV,Nevada,PRIMARY_50_STATE,medium,full_conversion_factorial,9,9,0,2050,2050,2051,2050|2051,2051,IDENTIFIED,DETERMINISTIC_CASE_ROSTER_WITH_EXPLICIT_RIGHT_CENSORING,NOT_A_TURNING_YEAR_PROBABILITY_DISTRIBUTION
NY,New York,PRIMARY_50_STATE,high,conditioned_grid_conversion,3,0,3,,,,,,RIGHT_CENSORED_THROUGH_2075,DETERMINISTIC_CASE_ROSTER_WITH_EXPLICIT_RIGHT_CENSORING,NOT_A_TURNING_YEAR_PROBABILITY_DISTRIBUTION
NY,New York,PRIMARY_50_STATE,high,full_conversion_factorial,9,0,9,,,,,,RIGHT_CENSORED_THROUGH_2075,DETERMINISTIC_CASE_ROSTER_WITH_EXPLICIT_RIGHT_CENSORING,NOT_A_TURNING_YEAR_PROBABILITY_DISTRIBUTION
NY,New York,PRIMARY_50_STATE,low,conditioned_grid_conversion,3,3,0,2037,2037,2037,2037,2037,IDENTIFIED,DETERMINISTIC_CASE_ROSTER_WITH_EXPLICIT_RIGHT_CENSORING,NOT_A_TURNING_YEAR_PROBABILITY_DISTRIBUTION
NY,New York,PRIMARY_50_STATE,low,full_conversion_factorial,9,9,0,2037,2037,2037,2037,2037,IDENTIFIED,DETERMINISTIC_CASE_ROSTER_WITH_EXPLICIT_RIGHT_CENSORING,NOT_A_TURNING_YEAR_PROBABILITY_DISTRIBUTION
NY,New York,PRIMARY_50_STATE,medium,conditioned_grid_conversion,3,3,0,2050,2050,2050,2050,2050,IDENTIFIED,DETERMINISTIC_CASE_ROSTER_WITH_EXPLICIT_RIGHT_CENSORING,NOT_A_TURNING_YEAR_PROBABILITY_DISTRIBUTION
NY,New York,PRIMARY_50_STATE,medium,full_conversion_factorial,9,9,0,2050,2050,2050,2050,2050,IDENTIFIED,DETERMINISTIC_CASE_ROSTER_WITH_EXPLICIT_RIGHT_CENSORING,NOT_A_TURNING_YEAR_PROBABILITY_DISTRIBUTION
OH,Ohio,PRIMARY_50_STATE,high,conditioned_grid_conversion,3,0,3,,,,,,RIGHT_CENSORED_THROUGH_2075,DETERMINISTIC_CASE_ROSTER_WITH_EXPLICIT_RIGHT_CENSORING,NOT_A_TURNING_YEAR_PROBABILITY_DISTRIBUTION
OH,Ohio,PRIMARY_50_STATE,high,full_conversion_factorial,9,0,9,,,,,,RIGHT_CENSORED_THROUGH_2075,DETERMINISTIC_CASE_ROSTER_WITH_EXPLICIT_RIGHT_CENSORING,NOT_A_TURNING_YEAR_PROBABILITY_DISTRIBUTION
OH,Ohio,PRIMARY_50_STATE,low,conditioned_grid_conversion,3,3,0,2037,2037,2037,2037,2037,IDENTIFIED,DETERMINISTIC_CASE_ROSTER_WITH_EXPLICIT_RIGHT_CENSORING,NOT_A_TURNING_YEAR_PROBABILITY_DISTRIBUTION
OH,Ohio,PRIMARY_50_STATE,low,full_conversion_factorial,9,9,0,2037,2037,2037,2037,2037,IDENTIFIED,DETERMINISTIC_CASE_ROSTER_WITH_EXPLICIT_RIGHT_CENSORING,NOT_A_TURNING_YEAR_PROBABILITY_DISTRIBUTION
OH,Ohio,PRIMARY_50_STATE,medium,conditioned_grid_conversion,3,3,0,2052,2052,2052,2052,2052,IDENTIFIED,DETERMINISTIC_CASE_ROSTER_WITH_EXPLICIT_RIGHT_CENSORING,NOT_A_TURNING_YEAR_PROBABILITY_DISTRIBUTION
OH,Ohio,PRIMARY_50_STATE,medium,full_conversion_factorial,9,9,0,2051,2051,2052,2051|2052,2052,IDENTIFIED,DETERMINISTIC_CASE_ROSTER_WITH_EXPLICIT_RIGHT_CENSORING,NOT_A_TURNING_YEAR_PROBABILITY_DISTRIBUTION
OK,Oklahoma,PRIMARY_50_STATE,high,conditioned_grid_conversion,3,0,3,,,,,,RIGHT_CENSORED_THROUGH_2075,DETERMINISTIC_CASE_ROSTER_WITH_EXPLICIT_RIGHT_CENSORING,NOT_A_TURNING_YEAR_PROBABILITY_DISTRIBUTION
OK,Oklahoma,PRIMARY_50_STATE,high,full_conversion_factorial,9,0,9,,,,,,RIGHT_CENSORED_THROUGH_2075,DETERMINISTIC_CASE_ROSTER_WITH_EXPLICIT_RIGHT_CENSORING,NOT_A_TURNING_YEAR_PROBABILITY_DISTRIBUTION
OK,Oklahoma,PRIMARY_50_STATE,low,conditioned_grid_conversion,3,3,0,2037,2037,2037,2037,2037,IDENTIFIED,DETERMINISTIC_CASE_ROSTER_WITH_EXPLICIT_RIGHT_CENSORING,NOT_A_TURNING_YEAR_PROBABILITY_DISTRIBUTION
OK,Oklahoma,PRIMARY_50_STATE,low,full_conversion_factorial,9,9,0,2037,2037,2037,2037,2037,IDENTIFIED,DETERMINISTIC_CASE_ROSTER_WITH_EXPLICIT_RIGHT_CENSORING,NOT_A_TURNING_YEAR_PROBABILITY_DISTRIBUTION
OK,Oklahoma,PRIMARY_50_STATE,medium,conditioned_grid_conversion,3,3,0,2051,2051,2051,2051,2051,IDENTIFIED,DETERMINISTIC_CASE_ROSTER_WITH_EXPLICIT_RIGHT_CENSORING,NOT_A_TURNING_YEAR_PROBABILITY_DISTRIBUTION
OK,Oklahoma,PRIMARY_50_STATE,medium,full_conversion_factorial,9,9,0,2050,2050,2051,2050|2051,2051,IDENTIFIED,DETERMINISTIC_CASE_ROSTER_WITH_EXPLICIT_RIGHT_CENSORING,NOT_A_TURNING_YEAR_PROBABILITY_DISTRIBUTION
OR,Oregon,PRIMARY_50_STATE,high,conditioned_grid_conversion,3,0,3,,,,,,RIGHT_CENSORED_THROUGH_2075,DETERMINISTIC_CASE_ROSTER_WITH_EXPLICIT_RIGHT_CENSORING,NOT_A_TURNING_YEAR_PROBABILITY_DISTRIBUTION
OR,Oregon,PRIMARY_50_STATE,high,full_conversion_factorial,9,0,9,,,,,,RIGHT_CENSORED_THROUGH_2075,DETERMINISTIC_CASE_ROSTER_WITH_EXPLICIT_RIGHT_CENSORING,NOT_A_TURNING_YEAR_PROBABILITY_DISTRIBUTION
OR,Oregon,PRIMARY_50_STATE,low,conditioned_grid_conversion,3,3,0,2037,2037,2037,2037,2037,IDENTIFIED,DETERMINISTIC_CASE_ROSTER_WITH_EXPLICIT_RIGHT_CENSORING,NOT_A_TURNING_YEAR_PROBABILITY_DISTRIBUTION
OR,Oregon,PRIMARY_50_STATE,low,full_conversion_factorial,9,9,0,2037,2037,2037,2037,2037,IDENTIFIED,DETERMINISTIC_CASE_ROSTER_WITH_EXPLICIT_RIGHT_CENSORING,NOT_A_TURNING_YEAR_PROBABILITY_DISTRIBUTION
OR,Oregon,PRIMARY_50_STATE,medium,conditioned_grid_conversion,3,3,0,2050,2050,2050,2050,2050,IDENTIFIED,DETERMINISTIC_CASE_ROSTER_WITH_EXPLICIT_RIGHT_CENSORING,NOT_A_TURNING_YEAR_PROBABILITY_DISTRIBUTION
OR,Oregon,PRIMARY_50_STATE,medium,full_conversion_factorial,9,9,0,2050,2050,2050,2050,2050,IDENTIFIED,DETERMINISTIC_CASE_ROSTER_WITH_EXPLICIT_RIGHT_CENSORING,NOT_A_TURNING_YEAR_PROBABILITY_DISTRIBUTION
PA,Pennsylvania,PRIMARY_50_STATE,high,conditioned_grid_conversion,3,0,3,,,,,,RIGHT_CENSORED_THROUGH_2075,DETERMINISTIC_CASE_ROSTER_WITH_EXPLICIT_RIGHT_CENSORING,NOT_A_TURNING_YEAR_PROBABILITY_DISTRIBUTION
PA,Pennsylvania,PRIMARY_50_STATE,high,full_conversion_factorial,9,0,9,,,,,,RIGHT_CENSORED_THROUGH_2075,DETERMINISTIC_CASE_ROSTER_WITH_EXPLICIT_RIGHT_CENSORING,NOT_A_TURNING_YEAR_PROBABILITY_DISTRIBUTION
PA,Pennsylvania,PRIMARY_50_STATE,low,conditioned_grid_conversion,3,3,0,2037,2037,2037,2037,2037,IDENTIFIED,DETERMINISTIC_CASE_ROSTER_WITH_EXPLICIT_RIGHT_CENSORING,NOT_A_TURNING_YEAR_PROBABILITY_DISTRIBUTION
PA,Pennsylvania,PRIMARY_50_STATE,low,full_conversion_factorial,9,9,0,2037,2037,2037,2037,2037,IDENTIFIED,DETERMINISTIC_CASE_ROSTER_WITH_EXPLICIT_RIGHT_CENSORING,NOT_A_TURNING_YEAR_PROBABILITY_DISTRIBUTION
PA,Pennsylvania,PRIMARY_50_STATE,medium,conditioned_grid_conversion,3,3,0,2051,2051,2051,2051,2051,IDENTIFIED,DETERMINISTIC_CASE_ROSTER_WITH_EXPLICIT_RIGHT_CENSORING,NOT_A_TURNING_YEAR_PROBABILITY_DISTRIBUTION
PA,Pennsylvania,PRIMARY_50_STATE,medium,full_conversion_factorial,9,9,0,2050,2050,2051,2050|2051,2051,IDENTIFIED,DETERMINISTIC_CASE_ROSTER_WITH_EXPLICIT_RIGHT_CENSORING,NOT_A_TURNING_YEAR_PROBABILITY_DISTRIBUTION
RI,Rhode Island,PRIMARY_50_STATE,high,conditioned_grid_conversion,3,0,3,,,,,,RIGHT_CENSORED_THROUGH_2075,DETERMINISTIC_CASE_ROSTER_WITH_EXPLICIT_RIGHT_CENSORING,NOT_A_TURNING_YEAR_PROBABILITY_DISTRIBUTION
RI,Rhode Island,PRIMARY_50_STATE,high,full_conversion_factorial,9,0,9,,,,,,RIGHT_CENSORED_THROUGH_2075,DETERMINISTIC_CASE_ROSTER_WITH_EXPLICIT_RIGHT_CENSORING,NOT_A_TURNING_YEAR_PROBABILITY_DISTRIBUTION
RI,Rhode Island,PRIMARY_50_STATE,low,conditioned_grid_conversion,3,3,0,2037,2037,2037,2037,2037,IDENTIFIED,DETERMINISTIC_CASE_ROSTER_WITH_EXPLICIT_RIGHT_CENSORING,NOT_A_TURNING_YEAR_PROBABILITY_DISTRIBUTION
RI,Rhode Island,PRIMARY_50_STATE,low,full_conversion_factorial,9,9,0,2037,2037,2037,2037,2037,IDENTIFIED,DETERMINISTIC_CASE_ROSTER_WITH_EXPLICIT_RIGHT_CENSORING,NOT_A_TURNING_YEAR_PROBABILITY_DISTRIBUTION
RI,Rhode Island,PRIMARY_50_STATE,medium,conditioned_grid_conversion,3,3,0,2051,2052,2052,2051|2052,2052,IDENTIFIED,DETERMINISTIC_CASE_ROSTER_WITH_EXPLICIT_RIGHT_CENSORING,NOT_A_TURNING_YEAR_PROBABILITY_DISTRIBUTION
RI,Rhode Island,PRIMARY_50_STATE,medium,full_conversion_factorial,9,9,0,2050,2051,2052,2050|2051|2052,2052,IDENTIFIED,DETERMINISTIC_CASE_ROSTER_WITH_EXPLICIT_RIGHT_CENSORING,NOT_A_TURNING_YEAR_PROBABILITY_DISTRIBUTION
SC,South Carolina,PRIMARY_50_STATE,high,conditioned_grid_conversion,3,0,3,,,,,,RIGHT_CENSORED_THROUGH_2075,DETERMINISTIC_CASE_ROSTER_WITH_EXPLICIT_RIGHT_CENSORING,NOT_A_TURNING_YEAR_PROBABILITY_DISTRIBUTION
SC,South Carolina,PRIMARY_50_STATE,high,full_conversion_factorial,9,0,9,,,,,,RIGHT_CENSORED_THROUGH_2075,DETERMINISTIC_CASE_ROSTER_WITH_EXPLICIT_RIGHT_CENSORING,NOT_A_TURNING_YEAR_PROBABILITY_DISTRIBUTION
SC,South Carolina,PRIMARY_50_STATE,low,conditioned_grid_conversion,3,3,0,2037,2037,2037,2037,2037,IDENTIFIED,DETERMINISTIC_CASE_ROSTER_WITH_EXPLICIT_RIGHT_CENSORING,NOT_A_TURNING_YEAR_PROBABILITY_DISTRIBUTION
SC,South Carolina,PRIMARY_50_STATE,low,full_conversion_factorial,9,9,0,2037,2037,2037,2037,2037,IDENTIFIED,DETERMINISTIC_CASE_ROSTER_WITH_EXPLICIT_RIGHT_CENSORING,NOT_A_TURNING_YEAR_PROBABILITY_DISTRIBUTION
SC,South Carolina,PRIMARY_50_STATE,medium,conditioned_grid_conversion,3,3,0,2050,2050,2051,2050|2051,2050,IDENTIFIED,DETERMINISTIC_CASE_ROSTER_WITH_EXPLICIT_RIGHT_CENSORING,NOT_A_TURNING_YEAR_PROBABILITY_DISTRIBUTION
SC,South Carolina,PRIMARY_50_STATE,medium,full_conversion_factorial,9,9,0,2050,2050,2051,2050|2051,2050,IDENTIFIED,DETERMINISTIC_CASE_ROSTER_WITH_EXPLICIT_RIGHT_CENSORING,NOT_A_TURNING_YEAR_PROBABILITY_DISTRIBUTION
SD,South Dakota,PRIMARY_50_STATE,high,conditioned_grid_conversion,3,0,3,,,,,,RIGHT_CENSORED_THROUGH_2075,DETERMINISTIC_CASE_ROSTER_WITH_EXPLICIT_RIGHT_CENSORING,NOT_A_TURNING_YEAR_PROBABILITY_DISTRIBUTION
SD,South Dakota,PRIMARY_50_STATE,high,full_conversion_factorial,9,0,9,,,,,,RIGHT_CENSORED_THROUGH_2075,DETERMINISTIC_CASE_ROSTER_WITH_EXPLICIT_RIGHT_CENSORING,NOT_A_TURNING_YEAR_PROBABILITY_DISTRIBUTION
SD,South Dakota,PRIMARY_50_STATE,low,conditioned_grid_conversion,3,3,0,2037,2037,2037,2037,2037,IDENTIFIED,DETERMINISTIC_CASE_ROSTER_WITH_EXPLICIT_RIGHT_CENSORING,NOT_A_TURNING_YEAR_PROBABILITY_DISTRIBUTION
SD,South Dakota,PRIMARY_50_STATE,low,full_conversion_factorial,9,9,0,2037,2037,2037,2037,2037,IDENTIFIED,DETERMINISTIC_CASE_ROSTER_WITH_EXPLICIT_RIGHT_CENSORING,NOT_A_TURNING_YEAR_PROBABILITY_DISTRIBUTION
SD,South Dakota,PRIMARY_50_STATE,medium,conditioned_grid_conversion,3,3,0,2050,2050,2050,2050,2050,IDENTIFIED,DETERMINISTIC_CASE_ROSTER_WITH_EXPLICIT_RIGHT_CENSORING,NOT_A_TURNING_YEAR_PROBABILITY_DISTRIBUTION
SD,South Dakota,PRIMARY_50_STATE,medium,full_conversion_factorial,9,9,0,2050,2050,2050,2050,2050,IDENTIFIED,DETERMINISTIC_CASE_ROSTER_WITH_EXPLICIT_RIGHT_CENSORING,NOT_A_TURNING_YEAR_PROBABILITY_DISTRIBUTION
TN,Tennessee,PRIMARY_50_STATE,high,conditioned_grid_conversion,3,0,3,,,,,,RIGHT_CENSORED_THROUGH_2075,DETERMINISTIC_CASE_ROSTER_WITH_EXPLICIT_RIGHT_CENSORING,NOT_A_TURNING_YEAR_PROBABILITY_DISTRIBUTION
TN,Tennessee,PRIMARY_50_STATE,high,full_conversion_factorial,9,0,9,,,,,,RIGHT_CENSORED_THROUGH_2075,DETERMINISTIC_CASE_ROSTER_WITH_EXPLICIT_RIGHT_CENSORING,NOT_A_TURNING_YEAR_PROBABILITY_DISTRIBUTION
TN,Tennessee,PRIMARY_50_STATE,low,conditioned_grid_conversion,3,3,0,2037,2037,2037,2037,2037,IDENTIFIED,DETERMINISTIC_CASE_ROSTER_WITH_EXPLICIT_RIGHT_CENSORING,NOT_A_TURNING_YEAR_PROBABILITY_DISTRIBUTION
TN,Tennessee,PRIMARY_50_STATE,low,full_conversion_factorial,9,9,0,2037,2037,2037,2037,2037,IDENTIFIED,DETERMINISTIC_CASE_ROSTER_WITH_EXPLICIT_RIGHT_CENSORING,NOT_A_TURNING_YEAR_PROBABILITY_DISTRIBUTION
TN,Tennessee,PRIMARY_50_STATE,medium,conditioned_grid_conversion,3,3,0,2051,2051,2051,2051,2051,IDENTIFIED,DETERMINISTIC_CASE_ROSTER_WITH_EXPLICIT_RIGHT_CENSORING,NOT_A_TURNING_YEAR_PROBABILITY_DISTRIBUTION
TN,Tennessee,PRIMARY_50_STATE,medium,full_conversion_factorial,9,9,0,2050,2050,2051,2050|2051,2051,IDENTIFIED,DETERMINISTIC_CASE_ROSTER_WITH_EXPLICIT_RIGHT_CENSORING,NOT_A_TURNING_YEAR_PROBABILITY_DISTRIBUTION
TX,Texas,PRIMARY_50_STATE,high,conditioned_grid_conversion,3,0,3,,,,,,RIGHT_CENSORED_THROUGH_2075,DETERMINISTIC_CASE_ROSTER_WITH_EXPLICIT_RIGHT_CENSORING,NOT_A_TURNING_YEAR_PROBABILITY_DISTRIBUTION
TX,Texas,PRIMARY_50_STATE,high,full_conversion_factorial,9,0,9,,,,,,RIGHT_CENSORED_THROUGH_2075,DETERMINISTIC_CASE_ROSTER_WITH_EXPLICIT_RIGHT_CENSORING,NOT_A_TURNING_YEAR_PROBABILITY_DISTRIBUTION
TX,Texas,PRIMARY_50_STATE,low,conditioned_grid_conversion,3,3,0,2037,2037,2037,2037,2037,IDENTIFIED,DETERMINISTIC_CASE_ROSTER_WITH_EXPLICIT_RIGHT_CENSORING,NOT_A_TURNING_YEAR_PROBABILITY_DISTRIBUTION
TX,Texas,PRIMARY_50_STATE,low,full_conversion_factorial,9,9,0,2037,2037,2037,2037,2037,IDENTIFIED,DETERMINISTIC_CASE_ROSTER_WITH_EXPLICIT_RIGHT_CENSORING,NOT_A_TURNING_YEAR_PROBABILITY_DISTRIBUTION
TX,Texas,PRIMARY_50_STATE,medium,conditioned_grid_conversion,3,3,0,2051,2051,2051,2051,2051,IDENTIFIED,DETERMINISTIC_CASE_ROSTER_WITH_EXPLICIT_RIGHT_CENSORING,NOT_A_TURNING_YEAR_PROBABILITY_DISTRIBUTION
TX,Texas,PRIMARY_50_STATE,medium,full_conversion_factorial,9,9,0,2050,2051,2051,2050|2051,2051,IDENTIFIED,DETERMINISTIC_CASE_ROSTER_WITH_EXPLICIT_RIGHT_CENSORING,NOT_A_TURNING_YEAR_PROBABILITY_DISTRIBUTION
UT,Utah,PRIMARY_50_STATE,high,conditioned_grid_conversion,3,0,3,,,,,,RIGHT_CENSORED_THROUGH_2075,DETERMINISTIC_CASE_ROSTER_WITH_EXPLICIT_RIGHT_CENSORING,NOT_A_TURNING_YEAR_PROBABILITY_DISTRIBUTION
UT,Utah,PRIMARY_50_STATE,high,full_conversion_factorial,9,0,9,,,,,,RIGHT_CENSORED_THROUGH_2075,DETERMINISTIC_CASE_ROSTER_WITH_EXPLICIT_RIGHT_CENSORING,NOT_A_TURNING_YEAR_PROBABILITY_DISTRIBUTION
UT,Utah,PRIMARY_50_STATE,low,conditioned_grid_conversion,3,3,0,2037,2037,2037,2037,2037,IDENTIFIED,DETERMINISTIC_CASE_ROSTER_WITH_EXPLICIT_RIGHT_CENSORING,NOT_A_TURNING_YEAR_PROBABILITY_DISTRIBUTION
UT,Utah,PRIMARY_50_STATE,low,full_conversion_factorial,9,9,0,2037,2037,2037,2037,2037,IDENTIFIED,DETERMINISTIC_CASE_ROSTER_WITH_EXPLICIT_RIGHT_CENSORING,NOT_A_TURNING_YEAR_PROBABILITY_DISTRIBUTION
UT,Utah,PRIMARY_50_STATE,medium,conditioned_grid_conversion,3,3,0,2053,2053,2054,2053|2054,2053,IDENTIFIED,DETERMINISTIC_CASE_ROSTER_WITH_EXPLICIT_RIGHT_CENSORING,NOT_A_TURNING_YEAR_PROBABILITY_DISTRIBUTION
UT,Utah,PRIMARY_50_STATE,medium,full_conversion_factorial,9,9,0,2052,2052,2054,2052|2053|2054,2053,IDENTIFIED,DETERMINISTIC_CASE_ROSTER_WITH_EXPLICIT_RIGHT_CENSORING,NOT_A_TURNING_YEAR_PROBABILITY_DISTRIBUTION
VA,Virginia,PRIMARY_50_STATE,high,conditioned_grid_conversion,3,0,3,,,,,,RIGHT_CENSORED_THROUGH_2075,DETERMINISTIC_CASE_ROSTER_WITH_EXPLICIT_RIGHT_CENSORING,NOT_A_TURNING_YEAR_PROBABILITY_DISTRIBUTION
VA,Virginia,PRIMARY_50_STATE,high,full_conversion_factorial,9,0,9,,,,,,RIGHT_CENSORED_THROUGH_2075,DETERMINISTIC_CASE_ROSTER_WITH_EXPLICIT_RIGHT_CENSORING,NOT_A_TURNING_YEAR_PROBABILITY_DISTRIBUTION
VA,Virginia,PRIMARY_50_STATE,low,conditioned_grid_conversion,3,3,0,2037,2037,2037,2037,2037,IDENTIFIED,DETERMINISTIC_CASE_ROSTER_WITH_EXPLICIT_RIGHT_CENSORING,NOT_A_TURNING_YEAR_PROBABILITY_DISTRIBUTION
VA,Virginia,PRIMARY_50_STATE,low,full_conversion_factorial,9,9,0,2037,2037,2037,2037,2037,IDENTIFIED,DETERMINISTIC_CASE_ROSTER_WITH_EXPLICIT_RIGHT_CENSORING,NOT_A_TURNING_YEAR_PROBABILITY_DISTRIBUTION
VA,Virginia,PRIMARY_50_STATE,medium,conditioned_grid_conversion,3,3,0,2050,2050,2051,2050|2051,2050,IDENTIFIED,DETERMINISTIC_CASE_ROSTER_WITH_EXPLICIT_RIGHT_CENSORING,NOT_A_TURNING_YEAR_PROBABILITY_DISTRIBUTION
VA,Virginia,PRIMARY_50_STATE,medium,full_conversion_factorial,9,9,0,2050,2050,2051,2050|2051,2050,IDENTIFIED,DETERMINISTIC_CASE_ROSTER_WITH_EXPLICIT_RIGHT_CENSORING,NOT_A_TURNING_YEAR_PROBABILITY_DISTRIBUTION
VT,Vermont,PRIMARY_50_STATE,high,conditioned_grid_conversion,3,0,3,,,,,,RIGHT_CENSORED_THROUGH_2075,DETERMINISTIC_CASE_ROSTER_WITH_EXPLICIT_RIGHT_CENSORING,NOT_A_TURNING_YEAR_PROBABILITY_DISTRIBUTION
VT,Vermont,PRIMARY_50_STATE,high,full_conversion_factorial,9,0,9,,,,,,RIGHT_CENSORED_THROUGH_2075,DETERMINISTIC_CASE_ROSTER_WITH_EXPLICIT_RIGHT_CENSORING,NOT_A_TURNING_YEAR_PROBABILITY_DISTRIBUTION
VT,Vermont,PRIMARY_50_STATE,low,conditioned_grid_conversion,3,3,0,2037,2037,2037,2037,2037,IDENTIFIED,DETERMINISTIC_CASE_ROSTER_WITH_EXPLICIT_RIGHT_CENSORING,NOT_A_TURNING_YEAR_PROBABILITY_DISTRIBUTION
VT,Vermont,PRIMARY_50_STATE,low,full_conversion_factorial,9,9,0,2037,2037,2037,2037,2037,IDENTIFIED,DETERMINISTIC_CASE_ROSTER_WITH_EXPLICIT_RIGHT_CENSORING,NOT_A_TURNING_YEAR_PROBABILITY_DISTRIBUTION
VT,Vermont,PRIMARY_50_STATE,medium,conditioned_grid_conversion,3,3,0,2049,2049,2049,2049,2049,IDENTIFIED,DETERMINISTIC_CASE_ROSTER_WITH_EXPLICIT_RIGHT_CENSORING,NOT_A_TURNING_YEAR_PROBABILITY_DISTRIBUTION
VT,Vermont,PRIMARY_50_STATE,medium,full_conversion_factorial,9,9,0,2049,2049,2049,2049,2049,IDENTIFIED,DETERMINISTIC_CASE_ROSTER_WITH_EXPLICIT_RIGHT_CENSORING,NOT_A_TURNING_YEAR_PROBABILITY_DISTRIBUTION
WA,Washington,PRIMARY_50_STATE,high,conditioned_grid_conversion,3,0,3,,,,,,RIGHT_CENSORED_THROUGH_2075,DETERMINISTIC_CASE_ROSTER_WITH_EXPLICIT_RIGHT_CENSORING,NOT_A_TURNING_YEAR_PROBABILITY_DISTRIBUTION
WA,Washington,PRIMARY_50_STATE,high,full_conversion_factorial,9,0,9,,,,,,RIGHT_CENSORED_THROUGH_2075,DETERMINISTIC_CASE_ROSTER_WITH_EXPLICIT_RIGHT_CENSORING,NOT_A_TURNING_YEAR_PROBABILITY_DISTRIBUTION
WA,Washington,PRIMARY_50_STATE,low,conditioned_grid_conversion,3,3,0,2037,2037,2037,2037,2037,IDENTIFIED,DETERMINISTIC_CASE_ROSTER_WITH_EXPLICIT_RIGHT_CENSORING,NOT_A_TURNING_YEAR_PROBABILITY_DISTRIBUTION
WA,Washington,PRIMARY_50_STATE,low,full_conversion_factorial,9,9,0,2037,2037,2037,2037,2037,IDENTIFIED,DETERMINISTIC_CASE_ROSTER_WITH_EXPLICIT_RIGHT_CENSORING,NOT_A_TURNING_YEAR_PROBABILITY_DISTRIBUTION
WA,Washington,PRIMARY_50_STATE,medium,conditioned_grid_conversion,3,3,0,2050,2050,2050,2050,2050,IDENTIFIED,DETERMINISTIC_CASE_ROSTER_WITH_EXPLICIT_RIGHT_CENSORING,NOT_A_TURNING_YEAR_PROBABILITY_DISTRIBUTION
WA,Washington,PRIMARY_50_STATE,medium,full_conversion_factorial,9,9,0,2050,2050,2050,2050,2050,IDENTIFIED,DETERMINISTIC_CASE_ROSTER_WITH_EXPLICIT_RIGHT_CENSORING,NOT_A_TURNING_YEAR_PROBABILITY_DISTRIBUTION
WI,Wisconsin,PRIMARY_50_STATE,high,conditioned_grid_conversion,3,0,3,,,,,,RIGHT_CENSORED_THROUGH_2075,DETERMINISTIC_CASE_ROSTER_WITH_EXPLICIT_RIGHT_CENSORING,NOT_A_TURNING_YEAR_PROBABILITY_DISTRIBUTION
WI,Wisconsin,PRIMARY_50_STATE,high,full_conversion_factorial,9,0,9,,,,,,RIGHT_CENSORED_THROUGH_2075,DETERMINISTIC_CASE_ROSTER_WITH_EXPLICIT_RIGHT_CENSORING,NOT_A_TURNING_YEAR_PROBABILITY_DISTRIBUTION
WI,Wisconsin,PRIMARY_50_STATE,low,conditioned_grid_conversion,3,3,0,2037,2037,2037,2037,2037,IDENTIFIED,DETERMINISTIC_CASE_ROSTER_WITH_EXPLICIT_RIGHT_CENSORING,NOT_A_TURNING_YEAR_PROBABILITY_DISTRIBUTION
WI,Wisconsin,PRIMARY_50_STATE,low,full_conversion_factorial,9,9,0,2037,2037,2037,2037,2037,IDENTIFIED,DETERMINISTIC_CASE_ROSTER_WITH_EXPLICIT_RIGHT_CENSORING,NOT_A_TURNING_YEAR_PROBABILITY_DISTRIBUTION
WI,Wisconsin,PRIMARY_50_STATE,medium,conditioned_grid_conversion,3,3,0,2052,2053,2053,2052|2053,2053,IDENTIFIED,DETERMINISTIC_CASE_ROSTER_WITH_EXPLICIT_RIGHT_CENSORING,NOT_A_TURNING_YEAR_PROBABILITY_DISTRIBUTION
WI,Wisconsin,PRIMARY_50_STATE,medium,full_conversion_factorial,9,9,0,2051,2052,2053,2051|2052|2053,2053,IDENTIFIED,DETERMINISTIC_CASE_ROSTER_WITH_EXPLICIT_RIGHT_CENSORING,NOT_A_TURNING_YEAR_PROBABILITY_DISTRIBUTION
WV,West Virginia,PRIMARY_50_STATE,high,conditioned_grid_conversion,3,0,3,,,,,,RIGHT_CENSORED_THROUGH_2075,DETERMINISTIC_CASE_ROSTER_WITH_EXPLICIT_RIGHT_CENSORING,NOT_A_TURNING_YEAR_PROBABILITY_DISTRIBUTION
WV,West Virginia,PRIMARY_50_STATE,high,full_conversion_factorial,9,0,9,,,,,,RIGHT_CENSORED_THROUGH_2075,DETERMINISTIC_CASE_ROSTER_WITH_EXPLICIT_RIGHT_CENSORING,NOT_A_TURNING_YEAR_PROBABILITY_DISTRIBUTION
WV,West Virginia,PRIMARY_50_STATE,low,conditioned_grid_conversion,3,3,0,2037,2038,2038,2037|2038,2038,IDENTIFIED,DETERMINISTIC_CASE_ROSTER_WITH_EXPLICIT_RIGHT_CENSORING,NOT_A_TURNING_YEAR_PROBABILITY_DISTRIBUTION
WV,West Virginia,PRIMARY_50_STATE,low,full_conversion_factorial,9,9,0,2037,2037,2038,2037|2038,2038,IDENTIFIED,DETERMINISTIC_CASE_ROSTER_WITH_EXPLICIT_RIGHT_CENSORING,NOT_A_TURNING_YEAR_PROBABILITY_DISTRIBUTION
WV,West Virginia,PRIMARY_50_STATE,medium,conditioned_grid_conversion,3,3,0,2054,2055,2055,2054|2055,2055,IDENTIFIED,DETERMINISTIC_CASE_ROSTER_WITH_EXPLICIT_RIGHT_CENSORING,NOT_A_TURNING_YEAR_PROBABILITY_DISTRIBUTION
WV,West Virginia,PRIMARY_50_STATE,medium,full_conversion_factorial,9,9,0,2053,2053,2055,2053|2054|2055,2055,IDENTIFIED,DETERMINISTIC_CASE_ROSTER_WITH_EXPLICIT_RIGHT_CENSORING,NOT_A_TURNING_YEAR_PROBABILITY_DISTRIBUTION
WY,Wyoming,PRIMARY_50_STATE,high,conditioned_grid_conversion,3,0,3,,,,,,RIGHT_CENSORED_THROUGH_2075,DETERMINISTIC_CASE_ROSTER_WITH_EXPLICIT_RIGHT_CENSORING,NOT_A_TURNING_YEAR_PROBABILITY_DISTRIBUTION
WY,Wyoming,PRIMARY_50_STATE,high,full_conversion_factorial,9,0,9,,,,,,RIGHT_CENSORED_THROUGH_2075,DETERMINISTIC_CASE_ROSTER_WITH_EXPLICIT_RIGHT_CENSORING,NOT_A_TURNING_YEAR_PROBABILITY_DISTRIBUTION
WY,Wyoming,PRIMARY_50_STATE,low,conditioned_grid_conversion,3,3,0,2037,2037,2038,2037|2038,2037,IDENTIFIED,DETERMINISTIC_CASE_ROSTER_WITH_EXPLICIT_RIGHT_CENSORING,NOT_A_TURNING_YEAR_PROBABILITY_DISTRIBUTION
WY,Wyoming,PRIMARY_50_STATE,low,full_conversion_factorial,9,9,0,2037,2037,2038,2037|2038,2037,IDENTIFIED,DETERMINISTIC_CASE_ROSTER_WITH_EXPLICIT_RIGHT_CENSORING,NOT_A_TURNING_YEAR_PROBABILITY_DISTRIBUTION
WY,Wyoming,PRIMARY_50_STATE,medium,conditioned_grid_conversion,3,3,0,2054,2054,2055,2054|2055,2054,IDENTIFIED,DETERMINISTIC_CASE_ROSTER_WITH_EXPLICIT_RIGHT_CENSORING,NOT_A_TURNING_YEAR_PROBABILITY_DISTRIBUTION
WY,Wyoming,PRIMARY_50_STATE,medium,full_conversion_factorial,9,9,0,2052,2053,2055,2052|2053|2054|2055,2054,IDENTIFIED,DETERMINISTIC_CASE_ROSTER_WITH_EXPLICIT_RIGHT_CENSORING,NOT_A_TURNING_YEAR_PROBABILITY_DISTRIBUTION
