state,state_name,registered_automobiles_official,cav_capacity_basis,cav_capacity_source,cav_capacity_citation,intersections_v2_central,intersections_v2_low,intersections_v2_high,sti_sites_basis,sti_source_class,sti_ownership_scope,sti_uncertainty_class,sti_citation,sti_vintage,sti_access_date,sti_trust_flag_rurality,equal_size_comparison_vehicles,equal_size_comparison_sti_units,ratio_real_over_equal_size_vehicles,ratio_real_over_equal_size_sti
AK,Alaska,122678.0,OFFICIAL_STATISTIC_FHWA_MV1_2024_REGISTERED_AUTOMOBILES,OFFICIAL_STATISTIC_FHWA_MV1_2024_REGISTERED_AUTOMOBILES,https://www.fhwa.dot.gov/policyinformation/statistics/2024/mv1.cfm,487.0,366.0,649.0,STI_V2_CALIBRATED_MEASUREMENT_NOT_A_CENSUS,OSM_CLUSTER_50M_CALIBRATED,ALL_OWNER by construction (OpenStreetMap is a volunteer survey with no owner filter); residual error is under-mapping of sparse rural signals,CALIBRATED_ESTIMATE_95PCT_PREDICTION_INTERVAL,"OpenStreetMap contributors (ODbL). Nodes highway=traffic_signals inside area[""ISO3166-2""=""US-AK""][admin_level=4], Overpass API https://overpass-api.de/api/interpreter; clustered DBSCAN(eps=50 m, min_samples=1); k = 1.00 (geometric mean of the nine Tier-1 all-owner anchor ratios = 1.0002).",OSM live snapshot 2026-09-03,2026-09-03,WITHIN_ANCHOR_RURALITY_SPAN,1000000.0,1000.0,0.122678,0.487
AL,Alabama,1937330.0,OFFICIAL_STATISTIC_FHWA_MV1_2024_REGISTERED_AUTOMOBILES,OFFICIAL_STATISTIC_FHWA_MV1_2024_REGISTERED_AUTOMOBILES,https://www.fhwa.dot.gov/policyinformation/statistics/2024/mv1.cfm,3873.0,2907.0,5160.0,STI_V2_CALIBRATED_MEASUREMENT_NOT_A_CENSUS,OSM_CLUSTER_50M_CALIBRATED,ALL_OWNER by construction (OpenStreetMap is a volunteer survey with no owner filter); residual error is under-mapping of sparse rural signals,CALIBRATED_ESTIMATE_95PCT_PREDICTION_INTERVAL,"OpenStreetMap contributors (ODbL). Nodes highway=traffic_signals inside area[""ISO3166-2""=""US-AL""][admin_level=4], Overpass API https://overpass-api.de/api/interpreter; clustered DBSCAN(eps=50 m, min_samples=1); k = 1.00 (geometric mean of the nine Tier-1 all-owner anchor ratios = 1.0002).",OSM live snapshot 2026-09-03,2026-09-03,WITHIN_ANCHOR_RURALITY_SPAN,1000000.0,1000.0,1.93733,3.873
AR,Arkansas,911769.0,OFFICIAL_STATISTIC_FHWA_MV1_2024_REGISTERED_AUTOMOBILES,OFFICIAL_STATISTIC_FHWA_MV1_2024_REGISTERED_AUTOMOBILES,https://www.fhwa.dot.gov/policyinformation/statistics/2024/mv1.cfm,1612.0,1210.0,2147.0,STI_V2_CALIBRATED_MEASUREMENT_NOT_A_CENSUS,OSM_CLUSTER_50M_CALIBRATED,ALL_OWNER by construction (OpenStreetMap is a volunteer survey with no owner filter); residual error is under-mapping of sparse rural signals,CALIBRATED_ESTIMATE_95PCT_PREDICTION_INTERVAL,"OpenStreetMap contributors (ODbL). Nodes highway=traffic_signals inside area[""ISO3166-2""=""US-AR""][admin_level=4], Overpass API https://overpass-api.de/api/interpreter; clustered DBSCAN(eps=50 m, min_samples=1); k = 1.00 (geometric mean of the nine Tier-1 all-owner anchor ratios = 1.0002).",OSM live snapshot 2026-09-03,2026-09-03,RURAL_HIGH_RECALL_RISK_TREAT_AS_LOWER_BOUND,1000000.0,1000.0,0.911769,1.612
AZ,Arizona,2287531.0,OFFICIAL_STATISTIC_FHWA_MV1_2024_REGISTERED_AUTOMOBILES,OFFICIAL_STATISTIC_FHWA_MV1_2024_REGISTERED_AUTOMOBILES,https://www.fhwa.dot.gov/policyinformation/statistics/2024/mv1.cfm,5014.0,5014.0,5014.0,STI_V2_CALIBRATED_MEASUREMENT_NOT_A_CENSUS,AGENCY_ALL_OWNER_CENSUS,ALL_OWNER (agency inventory; owner/maintainer field proves the extent),AGENCY_COUNT_NO_SAMPLING_ERROR,"ADOT HPMS 2024 Junction_2024, signalized, DISTINCT MasterJunctionID (10,372 route-level records collapse to 5,014 physical junctions). Extent = all paved public roads -> ALL OWNER, 2026-09-03","agency register, see citation",2026-09-03,WITHIN_ANCHOR_RURALITY_SPAN,1000000.0,1000.0,2.287531,5.014
CA,California,12979522.0,OFFICIAL_STATISTIC_FHWA_MV1_2024_REGISTERED_AUTOMOBILES,OFFICIAL_STATISTIC_FHWA_MV1_2024_REGISTERED_AUTOMOBILES,https://www.fhwa.dot.gov/policyinformation/statistics/2024/mv1.cfm,40180.0,30161.0,53527.0,STI_V2_CALIBRATED_MEASUREMENT_NOT_A_CENSUS,OSM_CLUSTER_50M_CALIBRATED,ALL_OWNER by construction (OpenStreetMap is a volunteer survey with no owner filter); residual error is under-mapping of sparse rural signals,CALIBRATED_ESTIMATE_95PCT_PREDICTION_INTERVAL,"OpenStreetMap contributors (ODbL). Nodes highway=traffic_signals inside area[""ISO3166-2""=""US-CA""][admin_level=4], Overpass API https://overpass-api.de/api/interpreter; clustered DBSCAN(eps=50 m, min_samples=1); k = 1.00 (geometric mean of the nine Tier-1 all-owner anchor ratios = 1.0002).",OSM live snapshot 2026-09-03,2026-09-03,WITHIN_ANCHOR_RURALITY_SPAN,1000000.0,1000.0,12.979522,40.18
CO,Colorado,1356526.0,OFFICIAL_STATISTIC_FHWA_MV1_2024_REGISTERED_AUTOMOBILES,OFFICIAL_STATISTIC_FHWA_MV1_2024_REGISTERED_AUTOMOBILES,https://www.fhwa.dot.gov/policyinformation/statistics/2024/mv1.cfm,6072.0,4558.0,8089.0,STI_V2_CALIBRATED_MEASUREMENT_NOT_A_CENSUS,OSM_CLUSTER_50M_CALIBRATED,ALL_OWNER by construction (OpenStreetMap is a volunteer survey with no owner filter); residual error is under-mapping of sparse rural signals,CALIBRATED_ESTIMATE_95PCT_PREDICTION_INTERVAL,"OpenStreetMap contributors (ODbL). Nodes highway=traffic_signals inside area[""ISO3166-2""=""US-CO""][admin_level=4], Overpass API https://overpass-api.de/api/interpreter; clustered DBSCAN(eps=50 m, min_samples=1); k = 1.00 (geometric mean of the nine Tier-1 all-owner anchor ratios = 1.0002).",OSM live snapshot 2026-09-03,2026-09-03,WITHIN_ANCHOR_RURALITY_SPAN,1000000.0,1000.0,1.356526,6.072
CT,Connecticut,1028799.0,OFFICIAL_STATISTIC_FHWA_MV1_2024_REGISTERED_AUTOMOBILES,OFFICIAL_STATISTIC_FHWA_MV1_2024_REGISTERED_AUTOMOBILES,https://www.fhwa.dot.gov/policyinformation/statistics/2024/mv1.cfm,4956.0,3720.0,6602.0,STI_V2_CALIBRATED_MEASUREMENT_NOT_A_CENSUS,OSM_CLUSTER_50M_CALIBRATED,ALL_OWNER by construction (OpenStreetMap is a volunteer survey with no owner filter); residual error is under-mapping of sparse rural signals,CALIBRATED_ESTIMATE_95PCT_PREDICTION_INTERVAL,"OpenStreetMap contributors (ODbL). Nodes highway=traffic_signals inside area[""ISO3166-2""=""US-CT""][admin_level=4], Overpass API https://overpass-api.de/api/interpreter; clustered DBSCAN(eps=50 m, min_samples=1); k = 1.00 (geometric mean of the nine Tier-1 all-owner anchor ratios = 1.0002).",OSM live snapshot 2026-09-03,2026-09-03,WITHIN_ANCHOR_RURALITY_SPAN,1000000.0,1000.0,1.028799,4.956
DC,District of Columbia,150476.0,OFFICIAL_STATISTIC_FHWA_MV1_2024_REGISTERED_AUTOMOBILES,OFFICIAL_STATISTIC_FHWA_MV1_2024_REGISTERED_AUTOMOBILES,https://www.fhwa.dot.gov/policyinformation/statistics/2024/mv1.cfm,1596.0,1596.0,1596.0,STI_V2_CALIBRATED_MEASUREMENT_NOT_A_CENSUS,AGENCY_ALL_OWNER_CENSUS,ALL_OWNER (agency inventory; owner/maintainer field proves the extent),AGENCY_COUNT_NO_SAMPLING_ERROR,"DDOT traffic signal controllers, all District signals (2026-09-03); corroborated by DDOT press release 2026-06-15 'more than 1,600 traffic signals'","agency register, see citation",2026-09-03,WITHIN_ANCHOR_RURALITY_SPAN,1000000.0,1000.0,0.150476,1.596
DE,Delaware,148493.0,OFFICIAL_STATISTIC_FHWA_MV1_2024_REGISTERED_AUTOMOBILES,OFFICIAL_STATISTIC_FHWA_MV1_2024_REGISTERED_AUTOMOBILES,https://www.fhwa.dot.gov/policyinformation/statistics/2024/mv1.cfm,1053.0,790.0,1403.0,STI_V2_CALIBRATED_MEASUREMENT_NOT_A_CENSUS,OSM_CLUSTER_50M_CALIBRATED,ALL_OWNER by construction (OpenStreetMap is a volunteer survey with no owner filter); residual error is under-mapping of sparse rural signals,CALIBRATED_ESTIMATE_95PCT_PREDICTION_INTERVAL,"OpenStreetMap contributors (ODbL). Nodes highway=traffic_signals inside area[""ISO3166-2""=""US-DE""][admin_level=4], Overpass API https://overpass-api.de/api/interpreter; clustered DBSCAN(eps=50 m, min_samples=1); k = 1.00 (geometric mean of the nine Tier-1 all-owner anchor ratios = 1.0002).",OSM live snapshot 2026-09-03,2026-09-03,WITHIN_ANCHOR_RURALITY_SPAN,1000000.0,1000.0,0.148493,1.053
FL,Florida,7210114.0,OFFICIAL_STATISTIC_FHWA_MV1_2024_REGISTERED_AUTOMOBILES,OFFICIAL_STATISTIC_FHWA_MV1_2024_REGISTERED_AUTOMOBILES,https://www.fhwa.dot.gov/policyinformation/statistics/2024/mv1.cfm,17312.0,12995.0,23063.0,STI_V2_CALIBRATED_MEASUREMENT_NOT_A_CENSUS,OSM_CLUSTER_50M_CALIBRATED,ALL_OWNER by construction (OpenStreetMap is a volunteer survey with no owner filter); residual error is under-mapping of sparse rural signals,CALIBRATED_ESTIMATE_95PCT_PREDICTION_INTERVAL,"OpenStreetMap contributors (ODbL). Nodes highway=traffic_signals inside area[""ISO3166-2""=""US-FL""][admin_level=4], Overpass API https://overpass-api.de/api/interpreter; clustered DBSCAN(eps=50 m, min_samples=1); k = 1.00 (geometric mean of the nine Tier-1 all-owner anchor ratios = 1.0002).",OSM live snapshot 2026-09-03,2026-09-03,WITHIN_ANCHOR_RURALITY_SPAN,1000000.0,1000.0,7.210114,17.312
GA,Georgia,3206610.0,OFFICIAL_STATISTIC_FHWA_MV1_2024_REGISTERED_AUTOMOBILES,OFFICIAL_STATISTIC_FHWA_MV1_2024_REGISTERED_AUTOMOBILES,https://www.fhwa.dot.gov/policyinformation/statistics/2024/mv1.cfm,7310.0,5487.0,9738.0,STI_V2_CALIBRATED_MEASUREMENT_NOT_A_CENSUS,OSM_CLUSTER_50M_CALIBRATED,ALL_OWNER by construction (OpenStreetMap is a volunteer survey with no owner filter); residual error is under-mapping of sparse rural signals,CALIBRATED_ESTIMATE_95PCT_PREDICTION_INTERVAL,"OpenStreetMap contributors (ODbL). Nodes highway=traffic_signals inside area[""ISO3166-2""=""US-GA""][admin_level=4], Overpass API https://overpass-api.de/api/interpreter; clustered DBSCAN(eps=50 m, min_samples=1); k = 1.00 (geometric mean of the nine Tier-1 all-owner anchor ratios = 1.0002).",OSM live snapshot 2026-09-03,2026-09-03,WITHIN_ANCHOR_RURALITY_SPAN,1000000.0,1000.0,3.20661,7.31
HI,Hawaii,422292.0,OFFICIAL_STATISTIC_FHWA_MV1_2024_REGISTERED_AUTOMOBILES,OFFICIAL_STATISTIC_FHWA_MV1_2024_REGISTERED_AUTOMOBILES,https://www.fhwa.dot.gov/policyinformation/statistics/2024/mv1.cfm,939.0,705.0,1251.0,STI_V2_CALIBRATED_MEASUREMENT_NOT_A_CENSUS,OSM_CLUSTER_50M_CALIBRATED,ALL_OWNER by construction (OpenStreetMap is a volunteer survey with no owner filter); residual error is under-mapping of sparse rural signals,CALIBRATED_ESTIMATE_95PCT_PREDICTION_INTERVAL,"OpenStreetMap contributors (ODbL). Nodes highway=traffic_signals inside area[""ISO3166-2""=""US-HI""][admin_level=4], Overpass API https://overpass-api.de/api/interpreter; clustered DBSCAN(eps=50 m, min_samples=1); k = 1.00 (geometric mean of the nine Tier-1 all-owner anchor ratios = 1.0002).",OSM live snapshot 2026-09-03,2026-09-03,WITHIN_ANCHOR_RURALITY_SPAN,1000000.0,1000.0,0.422292,0.939
IA,Iowa,1006994.0,OFFICIAL_STATISTIC_FHWA_MV1_2024_REGISTERED_AUTOMOBILES,OFFICIAL_STATISTIC_FHWA_MV1_2024_REGISTERED_AUTOMOBILES,https://www.fhwa.dot.gov/policyinformation/statistics/2024/mv1.cfm,2532.0,1901.0,3373.0,STI_V2_CALIBRATED_MEASUREMENT_NOT_A_CENSUS,OSM_CLUSTER_50M_CALIBRATED,ALL_OWNER by construction (OpenStreetMap is a volunteer survey with no owner filter); residual error is under-mapping of sparse rural signals,CALIBRATED_ESTIMATE_95PCT_PREDICTION_INTERVAL,"OpenStreetMap contributors (ODbL). Nodes highway=traffic_signals inside area[""ISO3166-2""=""US-IA""][admin_level=4], Overpass API https://overpass-api.de/api/interpreter; clustered DBSCAN(eps=50 m, min_samples=1); k = 1.00 (geometric mean of the nine Tier-1 all-owner anchor ratios = 1.0002).",OSM live snapshot 2026-09-03,2026-09-03,WITHIN_ANCHOR_RURALITY_SPAN,1000000.0,1000.0,1.006994,2.532
ID,Idaho,510516.0,OFFICIAL_STATISTIC_FHWA_MV1_2024_REGISTERED_AUTOMOBILES,OFFICIAL_STATISTIC_FHWA_MV1_2024_REGISTERED_AUTOMOBILES,https://www.fhwa.dot.gov/policyinformation/statistics/2024/mv1.cfm,1084.0,814.0,1444.0,STI_V2_CALIBRATED_MEASUREMENT_NOT_A_CENSUS,OSM_CLUSTER_50M_CALIBRATED,ALL_OWNER by construction (OpenStreetMap is a volunteer survey with no owner filter); residual error is under-mapping of sparse rural signals,CALIBRATED_ESTIMATE_95PCT_PREDICTION_INTERVAL,"OpenStreetMap contributors (ODbL). Nodes highway=traffic_signals inside area[""ISO3166-2""=""US-ID""][admin_level=4], Overpass API https://overpass-api.de/api/interpreter; clustered DBSCAN(eps=50 m, min_samples=1); k = 1.00 (geometric mean of the nine Tier-1 all-owner anchor ratios = 1.0002).",OSM live snapshot 2026-09-03,2026-09-03,WITHIN_ANCHOR_RURALITY_SPAN,1000000.0,1000.0,0.510516,1.084
IL,Illinois,3514238.0,OFFICIAL_STATISTIC_FHWA_MV1_2024_REGISTERED_AUTOMOBILES,OFFICIAL_STATISTIC_FHWA_MV1_2024_REGISTERED_AUTOMOBILES,https://www.fhwa.dot.gov/policyinformation/statistics/2024/mv1.cfm,11218.0,8421.0,14944.0,STI_V2_CALIBRATED_MEASUREMENT_NOT_A_CENSUS,OSM_CLUSTER_50M_CALIBRATED,ALL_OWNER by construction (OpenStreetMap is a volunteer survey with no owner filter); residual error is under-mapping of sparse rural signals,CALIBRATED_ESTIMATE_95PCT_PREDICTION_INTERVAL,"OpenStreetMap contributors (ODbL). Nodes highway=traffic_signals inside area[""ISO3166-2""=""US-IL""][admin_level=4], Overpass API https://overpass-api.de/api/interpreter; clustered DBSCAN(eps=50 m, min_samples=1); k = 1.00 (geometric mean of the nine Tier-1 all-owner anchor ratios = 1.0002).",OSM live snapshot 2026-09-03,2026-09-03,WITHIN_ANCHOR_RURALITY_SPAN,1000000.0,1000.0,3.514238,11.218
IN,Indiana,1791108.0,OFFICIAL_STATISTIC_FHWA_MV1_2024_REGISTERED_AUTOMOBILES,OFFICIAL_STATISTIC_FHWA_MV1_2024_REGISTERED_AUTOMOBILES,https://www.fhwa.dot.gov/policyinformation/statistics/2024/mv1.cfm,5432.0,4078.0,7236.0,STI_V2_CALIBRATED_MEASUREMENT_NOT_A_CENSUS,OSM_CLUSTER_50M_CALIBRATED,ALL_OWNER by construction (OpenStreetMap is a volunteer survey with no owner filter); residual error is under-mapping of sparse rural signals,CALIBRATED_ESTIMATE_95PCT_PREDICTION_INTERVAL,"OpenStreetMap contributors (ODbL). Nodes highway=traffic_signals inside area[""ISO3166-2""=""US-IN""][admin_level=4], Overpass API https://overpass-api.de/api/interpreter; clustered DBSCAN(eps=50 m, min_samples=1); k = 1.00 (geometric mean of the nine Tier-1 all-owner anchor ratios = 1.0002).",OSM live snapshot 2026-09-03,2026-09-03,WITHIN_ANCHOR_RURALITY_SPAN,1000000.0,1000.0,1.791108,5.432
KS,Kansas,594786.0,OFFICIAL_STATISTIC_FHWA_MV1_2024_REGISTERED_AUTOMOBILES,OFFICIAL_STATISTIC_FHWA_MV1_2024_REGISTERED_AUTOMOBILES,https://www.fhwa.dot.gov/policyinformation/statistics/2024/mv1.cfm,2318.0,1740.0,3088.0,STI_V2_CALIBRATED_MEASUREMENT_NOT_A_CENSUS,OSM_CLUSTER_50M_CALIBRATED,ALL_OWNER by construction (OpenStreetMap is a volunteer survey with no owner filter); residual error is under-mapping of sparse rural signals,CALIBRATED_ESTIMATE_95PCT_PREDICTION_INTERVAL,"OpenStreetMap contributors (ODbL). Nodes highway=traffic_signals inside area[""ISO3166-2""=""US-KS""][admin_level=4], Overpass API https://overpass-api.de/api/interpreter; clustered DBSCAN(eps=50 m, min_samples=1); k = 1.00 (geometric mean of the nine Tier-1 all-owner anchor ratios = 1.0002).",OSM live snapshot 2026-09-03,2026-09-03,WITHIN_ANCHOR_RURALITY_SPAN,1000000.0,1000.0,0.594786,2.318
KY,Kentucky,1458659.0,OFFICIAL_STATISTIC_FHWA_MV1_2024_REGISTERED_AUTOMOBILES,OFFICIAL_STATISTIC_FHWA_MV1_2024_REGISTERED_AUTOMOBILES,https://www.fhwa.dot.gov/policyinformation/statistics/2024/mv1.cfm,3363.0,2524.0,4480.0,STI_V2_CALIBRATED_MEASUREMENT_NOT_A_CENSUS,OSM_CLUSTER_50M_CALIBRATED,ALL_OWNER by construction (OpenStreetMap is a volunteer survey with no owner filter); residual error is under-mapping of sparse rural signals,CALIBRATED_ESTIMATE_95PCT_PREDICTION_INTERVAL,"OpenStreetMap contributors (ODbL). Nodes highway=traffic_signals inside area[""ISO3166-2""=""US-KY""][admin_level=4], Overpass API https://overpass-api.de/api/interpreter; clustered DBSCAN(eps=50 m, min_samples=1); k = 1.00 (geometric mean of the nine Tier-1 all-owner anchor ratios = 1.0002).",OSM live snapshot 2026-09-03,2026-09-03,WITHIN_ANCHOR_RURALITY_SPAN,1000000.0,1000.0,1.458659,3.363
LA,Louisiana,1370563.0,OFFICIAL_STATISTIC_FHWA_MV1_2024_REGISTERED_AUTOMOBILES,OFFICIAL_STATISTIC_FHWA_MV1_2024_REGISTERED_AUTOMOBILES,https://www.fhwa.dot.gov/policyinformation/statistics/2024/mv1.cfm,2693.0,2022.0,3588.0,STI_V2_CALIBRATED_MEASUREMENT_NOT_A_CENSUS,OSM_CLUSTER_50M_CALIBRATED,ALL_OWNER by construction (OpenStreetMap is a volunteer survey with no owner filter); residual error is under-mapping of sparse rural signals,CALIBRATED_ESTIMATE_95PCT_PREDICTION_INTERVAL,"OpenStreetMap contributors (ODbL). Nodes highway=traffic_signals inside area[""ISO3166-2""=""US-LA""][admin_level=4], Overpass API https://overpass-api.de/api/interpreter; clustered DBSCAN(eps=50 m, min_samples=1); k = 1.00 (geometric mean of the nine Tier-1 all-owner anchor ratios = 1.0002).",OSM live snapshot 2026-09-03,2026-09-03,WITHIN_ANCHOR_RURALITY_SPAN,1000000.0,1000.0,1.370563,2.693
MA,Massachusetts,1706714.0,OFFICIAL_STATISTIC_FHWA_MV1_2024_REGISTERED_AUTOMOBILES,OFFICIAL_STATISTIC_FHWA_MV1_2024_REGISTERED_AUTOMOBILES,https://www.fhwa.dot.gov/policyinformation/statistics/2024/mv1.cfm,5439.0,4083.0,7246.0,STI_V2_CALIBRATED_MEASUREMENT_NOT_A_CENSUS,OSM_CLUSTER_50M_CALIBRATED,ALL_OWNER by construction (OpenStreetMap is a volunteer survey with no owner filter); residual error is under-mapping of sparse rural signals,CALIBRATED_ESTIMATE_95PCT_PREDICTION_INTERVAL,"OpenStreetMap contributors (ODbL). Nodes highway=traffic_signals inside area[""ISO3166-2""=""US-MA""][admin_level=4], Overpass API https://overpass-api.de/api/interpreter; clustered DBSCAN(eps=50 m, min_samples=1); k = 1.00 (geometric mean of the nine Tier-1 all-owner anchor ratios = 1.0002).",OSM live snapshot 2026-09-03,2026-09-03,WITHIN_ANCHOR_RURALITY_SPAN,1000000.0,1000.0,1.706714,5.439
MD,Maryland,1908452.0,OFFICIAL_STATISTIC_FHWA_MV1_2024_REGISTERED_AUTOMOBILES,OFFICIAL_STATISTIC_FHWA_MV1_2024_REGISTERED_AUTOMOBILES,https://www.fhwa.dot.gov/policyinformation/statistics/2024/mv1.cfm,5878.0,4412.0,7831.0,STI_V2_CALIBRATED_MEASUREMENT_NOT_A_CENSUS,OSM_CLUSTER_50M_CALIBRATED,ALL_OWNER by construction (OpenStreetMap is a volunteer survey with no owner filter); residual error is under-mapping of sparse rural signals,CALIBRATED_ESTIMATE_95PCT_PREDICTION_INTERVAL,"OpenStreetMap contributors (ODbL). Nodes highway=traffic_signals inside area[""ISO3166-2""=""US-MD""][admin_level=4], Overpass API https://overpass-api.de/api/interpreter; clustered DBSCAN(eps=50 m, min_samples=1); k = 1.00 (geometric mean of the nine Tier-1 all-owner anchor ratios = 1.0002).",OSM live snapshot 2026-09-03,2026-09-03,WITHIN_ANCHOR_RURALITY_SPAN,1000000.0,1000.0,1.908452,5.878
ME,Maine,312473.0,OFFICIAL_STATISTIC_FHWA_MV1_2024_REGISTERED_AUTOMOBILES,OFFICIAL_STATISTIC_FHWA_MV1_2024_REGISTERED_AUTOMOBILES,https://www.fhwa.dot.gov/policyinformation/statistics/2024/mv1.cfm,839.0,839.0,839.0,STI_V2_CALIBRATED_MEASUREMENT_NOT_A_CENSUS,AGENCY_ALL_OWNER_CENSUS,ALL_OWNER (agency inventory; owner/maintainer field proves the extent),AGENCY_COUNT_NO_SAMPLING_ERROR,"MaineDOT Traffic Signals, signal_beacon=Signal, ALL owners (Signal subset: 691 Town / 69 State / 65 hybrid / 8 Turnpike / 6 null), 2026-09-03","agency register, see citation",2026-09-03,RURAL_HIGH_RECALL_RISK_TREAT_AS_LOWER_BOUND,1000000.0,1000.0,0.312473,0.839
MI,Michigan,2494236.0,OFFICIAL_STATISTIC_FHWA_MV1_2024_REGISTERED_AUTOMOBILES,OFFICIAL_STATISTIC_FHWA_MV1_2024_REGISTERED_AUTOMOBILES,https://www.fhwa.dot.gov/policyinformation/statistics/2024/mv1.cfm,8422.0,6322.0,11220.0,STI_V2_CALIBRATED_MEASUREMENT_NOT_A_CENSUS,OSM_CLUSTER_50M_CALIBRATED,ALL_OWNER by construction (OpenStreetMap is a volunteer survey with no owner filter); residual error is under-mapping of sparse rural signals,CALIBRATED_ESTIMATE_95PCT_PREDICTION_INTERVAL,"OpenStreetMap contributors (ODbL). Nodes highway=traffic_signals inside area[""ISO3166-2""=""US-MI""][admin_level=4], Overpass API https://overpass-api.de/api/interpreter; clustered DBSCAN(eps=50 m, min_samples=1); k = 1.00 (geometric mean of the nine Tier-1 all-owner anchor ratios = 1.0002).",OSM live snapshot 2026-09-03,2026-09-03,WITHIN_ANCHOR_RURALITY_SPAN,1000000.0,1000.0,2.494236,8.422
MN,Minnesota,1609042.0,OFFICIAL_STATISTIC_FHWA_MV1_2024_REGISTERED_AUTOMOBILES,OFFICIAL_STATISTIC_FHWA_MV1_2024_REGISTERED_AUTOMOBILES,https://www.fhwa.dot.gov/policyinformation/statistics/2024/mv1.cfm,4163.0,3125.0,5546.0,STI_V2_CALIBRATED_MEASUREMENT_NOT_A_CENSUS,OSM_CLUSTER_50M_CALIBRATED,ALL_OWNER by construction (OpenStreetMap is a volunteer survey with no owner filter); residual error is under-mapping of sparse rural signals,CALIBRATED_ESTIMATE_95PCT_PREDICTION_INTERVAL,"OpenStreetMap contributors (ODbL). Nodes highway=traffic_signals inside area[""ISO3166-2""=""US-MN""][admin_level=4], Overpass API https://overpass-api.de/api/interpreter; clustered DBSCAN(eps=50 m, min_samples=1); k = 1.00 (geometric mean of the nine Tier-1 all-owner anchor ratios = 1.0002).",OSM live snapshot 2026-09-03,2026-09-03,WITHIN_ANCHOR_RURALITY_SPAN,1000000.0,1000.0,1.609042,4.163
MO,Missouri,1645714.0,OFFICIAL_STATISTIC_FHWA_MV1_2024_REGISTERED_AUTOMOBILES,OFFICIAL_STATISTIC_FHWA_MV1_2024_REGISTERED_AUTOMOBILES,https://www.fhwa.dot.gov/policyinformation/statistics/2024/mv1.cfm,4949.0,3715.0,6593.0,STI_V2_CALIBRATED_MEASUREMENT_NOT_A_CENSUS,OSM_CLUSTER_50M_CALIBRATED,ALL_OWNER by construction (OpenStreetMap is a volunteer survey with no owner filter); residual error is under-mapping of sparse rural signals,CALIBRATED_ESTIMATE_95PCT_PREDICTION_INTERVAL,"OpenStreetMap contributors (ODbL). Nodes highway=traffic_signals inside area[""ISO3166-2""=""US-MO""][admin_level=4], Overpass API https://overpass-api.de/api/interpreter; clustered DBSCAN(eps=50 m, min_samples=1); k = 1.00 (geometric mean of the nine Tier-1 all-owner anchor ratios = 1.0002).",OSM live snapshot 2026-09-03,2026-09-03,WITHIN_ANCHOR_RURALITY_SPAN,1000000.0,1000.0,1.645714,4.949
MS,Mississippi,756941.0,OFFICIAL_STATISTIC_FHWA_MV1_2024_REGISTERED_AUTOMOBILES,OFFICIAL_STATISTIC_FHWA_MV1_2024_REGISTERED_AUTOMOBILES,https://www.fhwa.dot.gov/policyinformation/statistics/2024/mv1.cfm,1661.0,1247.0,2213.0,STI_V2_CALIBRATED_MEASUREMENT_NOT_A_CENSUS,OSM_CLUSTER_50M_CALIBRATED,ALL_OWNER by construction (OpenStreetMap is a volunteer survey with no owner filter); residual error is under-mapping of sparse rural signals,CALIBRATED_ESTIMATE_95PCT_PREDICTION_INTERVAL,"OpenStreetMap contributors (ODbL). Nodes highway=traffic_signals inside area[""ISO3166-2""=""US-MS""][admin_level=4], Overpass API https://overpass-api.de/api/interpreter; clustered DBSCAN(eps=50 m, min_samples=1); k = 1.00 (geometric mean of the nine Tier-1 all-owner anchor ratios = 1.0002).",OSM live snapshot 2026-09-03,2026-09-03,RURAL_HIGH_RECALL_RISK_TREAT_AS_LOWER_BOUND,1000000.0,1000.0,0.756941,1.661
MT,Montana,525226.0,OFFICIAL_STATISTIC_FHWA_MV1_2024_REGISTERED_AUTOMOBILES,OFFICIAL_STATISTIC_FHWA_MV1_2024_REGISTERED_AUTOMOBILES,https://www.fhwa.dot.gov/policyinformation/statistics/2024/mv1.cfm,634.0,476.0,845.0,STI_V2_CALIBRATED_MEASUREMENT_NOT_A_CENSUS,OSM_CLUSTER_50M_CALIBRATED,ALL_OWNER by construction (OpenStreetMap is a volunteer survey with no owner filter); residual error is under-mapping of sparse rural signals,CALIBRATED_ESTIMATE_95PCT_PREDICTION_INTERVAL,"OpenStreetMap contributors (ODbL). Nodes highway=traffic_signals inside area[""ISO3166-2""=""US-MT""][admin_level=4], Overpass API https://overpass-api.de/api/interpreter; clustered DBSCAN(eps=50 m, min_samples=1); k = 1.00 (geometric mean of the nine Tier-1 all-owner anchor ratios = 1.0002).",OSM live snapshot 2026-09-03,2026-09-03,RURAL_HIGH_RECALL_RISK_TREAT_AS_LOWER_BOUND,1000000.0,1000.0,0.525226,0.634
NC,North Carolina,3005649.0,OFFICIAL_STATISTIC_FHWA_MV1_2024_REGISTERED_AUTOMOBILES,OFFICIAL_STATISTIC_FHWA_MV1_2024_REGISTERED_AUTOMOBILES,https://www.fhwa.dot.gov/policyinformation/statistics/2024/mv1.cfm,9648.0,7242.0,12853.0,STI_V2_CALIBRATED_MEASUREMENT_NOT_A_CENSUS,OSM_CLUSTER_50M_CALIBRATED,ALL_OWNER by construction (OpenStreetMap is a volunteer survey with no owner filter); residual error is under-mapping of sparse rural signals,CALIBRATED_ESTIMATE_95PCT_PREDICTION_INTERVAL,"OpenStreetMap contributors (ODbL). Nodes highway=traffic_signals inside area[""ISO3166-2""=""US-NC""][admin_level=4], Overpass API https://overpass-api.de/api/interpreter; clustered DBSCAN(eps=50 m, min_samples=1); k = 1.00 (geometric mean of the nine Tier-1 all-owner anchor ratios = 1.0002).",OSM live snapshot 2026-09-03,2026-09-03,WITHIN_ANCHOR_RURALITY_SPAN,1000000.0,1000.0,3.005649,9.648
ND,North Dakota,215289.0,OFFICIAL_STATISTIC_FHWA_MV1_2024_REGISTERED_AUTOMOBILES,OFFICIAL_STATISTIC_FHWA_MV1_2024_REGISTERED_AUTOMOBILES,https://www.fhwa.dot.gov/policyinformation/statistics/2024/mv1.cfm,470.0,353.0,626.0,STI_V2_CALIBRATED_MEASUREMENT_NOT_A_CENSUS,OSM_CLUSTER_50M_CALIBRATED,ALL_OWNER by construction (OpenStreetMap is a volunteer survey with no owner filter); residual error is under-mapping of sparse rural signals,CALIBRATED_ESTIMATE_95PCT_PREDICTION_INTERVAL,"OpenStreetMap contributors (ODbL). Nodes highway=traffic_signals inside area[""ISO3166-2""=""US-ND""][admin_level=4], Overpass API https://overpass-api.de/api/interpreter; clustered DBSCAN(eps=50 m, min_samples=1); k = 1.00 (geometric mean of the nine Tier-1 all-owner anchor ratios = 1.0002).",OSM live snapshot 2026-09-03,2026-09-03,WITHIN_ANCHOR_RURALITY_SPAN,1000000.0,1000.0,0.215289,0.47
NE,Nebraska,561111.0,OFFICIAL_STATISTIC_FHWA_MV1_2024_REGISTERED_AUTOMOBILES,OFFICIAL_STATISTIC_FHWA_MV1_2024_REGISTERED_AUTOMOBILES,https://www.fhwa.dot.gov/policyinformation/statistics/2024/mv1.cfm,1995.0,1498.0,2658.0,STI_V2_CALIBRATED_MEASUREMENT_NOT_A_CENSUS,OSM_CLUSTER_50M_CALIBRATED,ALL_OWNER by construction (OpenStreetMap is a volunteer survey with no owner filter); residual error is under-mapping of sparse rural signals,CALIBRATED_ESTIMATE_95PCT_PREDICTION_INTERVAL,"OpenStreetMap contributors (ODbL). Nodes highway=traffic_signals inside area[""ISO3166-2""=""US-NE""][admin_level=4], Overpass API https://overpass-api.de/api/interpreter; clustered DBSCAN(eps=50 m, min_samples=1); k = 1.00 (geometric mean of the nine Tier-1 all-owner anchor ratios = 1.0002).",OSM live snapshot 2026-09-03,2026-09-03,WITHIN_ANCHOR_RURALITY_SPAN,1000000.0,1000.0,0.561111,1.995
NH,New Hampshire,391064.0,OFFICIAL_STATISTIC_FHWA_MV1_2024_REGISTERED_AUTOMOBILES,OFFICIAL_STATISTIC_FHWA_MV1_2024_REGISTERED_AUTOMOBILES,https://www.fhwa.dot.gov/policyinformation/statistics/2024/mv1.cfm,991.0,744.0,1320.0,STI_V2_CALIBRATED_MEASUREMENT_NOT_A_CENSUS,OSM_CLUSTER_50M_CALIBRATED,ALL_OWNER by construction (OpenStreetMap is a volunteer survey with no owner filter); residual error is under-mapping of sparse rural signals,CALIBRATED_ESTIMATE_95PCT_PREDICTION_INTERVAL,"OpenStreetMap contributors (ODbL). Nodes highway=traffic_signals inside area[""ISO3166-2""=""US-NH""][admin_level=4], Overpass API https://overpass-api.de/api/interpreter; clustered DBSCAN(eps=50 m, min_samples=1); k = 1.00 (geometric mean of the nine Tier-1 all-owner anchor ratios = 1.0002).",OSM live snapshot 2026-09-03,2026-09-03,RURAL_HIGH_RECALL_RISK_TREAT_AS_LOWER_BOUND,1000000.0,1000.0,0.391064,0.991
NJ,New Jersey,2275055.0,OFFICIAL_STATISTIC_FHWA_MV1_2024_REGISTERED_AUTOMOBILES,OFFICIAL_STATISTIC_FHWA_MV1_2024_REGISTERED_AUTOMOBILES,https://www.fhwa.dot.gov/policyinformation/statistics/2024/mv1.cfm,8896.0,6678.0,11851.0,STI_V2_CALIBRATED_MEASUREMENT_NOT_A_CENSUS,OSM_CLUSTER_50M_CALIBRATED,ALL_OWNER by construction (OpenStreetMap is a volunteer survey with no owner filter); residual error is under-mapping of sparse rural signals,CALIBRATED_ESTIMATE_95PCT_PREDICTION_INTERVAL,"OpenStreetMap contributors (ODbL). Nodes highway=traffic_signals inside area[""ISO3166-2""=""US-NJ""][admin_level=4], Overpass API https://overpass-api.de/api/interpreter; clustered DBSCAN(eps=50 m, min_samples=1); k = 1.00 (geometric mean of the nine Tier-1 all-owner anchor ratios = 1.0002).",OSM live snapshot 2026-09-03,2026-09-03,WITHIN_ANCHOR_RURALITY_SPAN,1000000.0,1000.0,2.275055,8.896
NM,New Mexico,590034.0,OFFICIAL_STATISTIC_FHWA_MV1_2024_REGISTERED_AUTOMOBILES,OFFICIAL_STATISTIC_FHWA_MV1_2024_REGISTERED_AUTOMOBILES,https://www.fhwa.dot.gov/policyinformation/statistics/2024/mv1.cfm,1534.0,1152.0,2044.0,STI_V2_CALIBRATED_MEASUREMENT_NOT_A_CENSUS,OSM_CLUSTER_50M_CALIBRATED,ALL_OWNER by construction (OpenStreetMap is a volunteer survey with no owner filter); residual error is under-mapping of sparse rural signals,CALIBRATED_ESTIMATE_95PCT_PREDICTION_INTERVAL,"OpenStreetMap contributors (ODbL). Nodes highway=traffic_signals inside area[""ISO3166-2""=""US-NM""][admin_level=4], Overpass API https://overpass-api.de/api/interpreter; clustered DBSCAN(eps=50 m, min_samples=1); k = 1.00 (geometric mean of the nine Tier-1 all-owner anchor ratios = 1.0002).",OSM live snapshot 2026-09-03,2026-09-03,WITHIN_ANCHOR_RURALITY_SPAN,1000000.0,1000.0,0.590034,1.534
NV,Nevada,843099.0,OFFICIAL_STATISTIC_FHWA_MV1_2024_REGISTERED_AUTOMOBILES,OFFICIAL_STATISTIC_FHWA_MV1_2024_REGISTERED_AUTOMOBILES,https://www.fhwa.dot.gov/policyinformation/statistics/2024/mv1.cfm,2385.0,1790.0,3177.0,STI_V2_CALIBRATED_MEASUREMENT_NOT_A_CENSUS,OSM_CLUSTER_50M_CALIBRATED,ALL_OWNER by construction (OpenStreetMap is a volunteer survey with no owner filter); residual error is under-mapping of sparse rural signals,CALIBRATED_ESTIMATE_95PCT_PREDICTION_INTERVAL,"OpenStreetMap contributors (ODbL). Nodes highway=traffic_signals inside area[""ISO3166-2""=""US-NV""][admin_level=4], Overpass API https://overpass-api.de/api/interpreter; clustered DBSCAN(eps=50 m, min_samples=1); k = 1.00 (geometric mean of the nine Tier-1 all-owner anchor ratios = 1.0002).",OSM live snapshot 2026-09-03,2026-09-03,WITHIN_ANCHOR_RURALITY_SPAN,1000000.0,1000.0,0.843099,2.385
NY,New York,6474059.0,OFFICIAL_STATISTIC_FHWA_MV1_2024_REGISTERED_AUTOMOBILES,OFFICIAL_STATISTIC_FHWA_MV1_2024_REGISTERED_AUTOMOBILES,https://www.fhwa.dot.gov/policyinformation/statistics/2024/mv1.cfm,23645.0,17749.0,31499.0,STI_V2_CALIBRATED_MEASUREMENT_NOT_A_CENSUS,OSM_CLUSTER_50M_CALIBRATED,ALL_OWNER by construction (OpenStreetMap is a volunteer survey with no owner filter); residual error is under-mapping of sparse rural signals,CALIBRATED_ESTIMATE_95PCT_PREDICTION_INTERVAL,"OpenStreetMap contributors (ODbL). Nodes highway=traffic_signals inside area[""ISO3166-2""=""US-NY""][admin_level=4], Overpass API https://overpass-api.de/api/interpreter; clustered DBSCAN(eps=50 m, min_samples=1); k = 1.00 (geometric mean of the nine Tier-1 all-owner anchor ratios = 1.0002).",OSM live snapshot 2026-09-03,2026-09-03,WITHIN_ANCHOR_RURALITY_SPAN,1000000.0,1000.0,6.474059,23.645
OH,Ohio,3805614.0,OFFICIAL_STATISTIC_FHWA_MV1_2024_REGISTERED_AUTOMOBILES,OFFICIAL_STATISTIC_FHWA_MV1_2024_REGISTERED_AUTOMOBILES,https://www.fhwa.dot.gov/policyinformation/statistics/2024/mv1.cfm,12767.0,9584.0,17008.0,STI_V2_CALIBRATED_MEASUREMENT_NOT_A_CENSUS,OSM_CLUSTER_50M_CALIBRATED,ALL_OWNER by construction (OpenStreetMap is a volunteer survey with no owner filter); residual error is under-mapping of sparse rural signals,CALIBRATED_ESTIMATE_95PCT_PREDICTION_INTERVAL,"OpenStreetMap contributors (ODbL). Nodes highway=traffic_signals inside area[""ISO3166-2""=""US-OH""][admin_level=4], Overpass API https://overpass-api.de/api/interpreter; clustered DBSCAN(eps=50 m, min_samples=1); k = 1.00 (geometric mean of the nine Tier-1 all-owner anchor ratios = 1.0002).",OSM live snapshot 2026-09-03,2026-09-03,WITHIN_ANCHOR_RURALITY_SPAN,1000000.0,1000.0,3.805614,12.767
OK,Oklahoma,1061114.0,OFFICIAL_STATISTIC_FHWA_MV1_2024_REGISTERED_AUTOMOBILES,OFFICIAL_STATISTIC_FHWA_MV1_2024_REGISTERED_AUTOMOBILES,https://www.fhwa.dot.gov/policyinformation/statistics/2024/mv1.cfm,3045.0,2286.0,4056.0,STI_V2_CALIBRATED_MEASUREMENT_NOT_A_CENSUS,OSM_CLUSTER_50M_CALIBRATED,ALL_OWNER by construction (OpenStreetMap is a volunteer survey with no owner filter); residual error is under-mapping of sparse rural signals,CALIBRATED_ESTIMATE_95PCT_PREDICTION_INTERVAL,"OpenStreetMap contributors (ODbL). Nodes highway=traffic_signals inside area[""ISO3166-2""=""US-OK""][admin_level=4], Overpass API https://overpass-api.de/api/interpreter; clustered DBSCAN(eps=50 m, min_samples=1); k = 1.00 (geometric mean of the nine Tier-1 all-owner anchor ratios = 1.0002).",OSM live snapshot 2026-09-03,2026-09-03,WITHIN_ANCHOR_RURALITY_SPAN,1000000.0,1000.0,1.061114,3.045
OR,Oregon,1308985.0,OFFICIAL_STATISTIC_FHWA_MV1_2024_REGISTERED_AUTOMOBILES,OFFICIAL_STATISTIC_FHWA_MV1_2024_REGISTERED_AUTOMOBILES,https://www.fhwa.dot.gov/policyinformation/statistics/2024/mv1.cfm,3734.0,2803.0,4974.0,STI_V2_CALIBRATED_MEASUREMENT_NOT_A_CENSUS,OSM_CLUSTER_50M_CALIBRATED,ALL_OWNER by construction (OpenStreetMap is a volunteer survey with no owner filter); residual error is under-mapping of sparse rural signals,CALIBRATED_ESTIMATE_95PCT_PREDICTION_INTERVAL,"OpenStreetMap contributors (ODbL). Nodes highway=traffic_signals inside area[""ISO3166-2""=""US-OR""][admin_level=4], Overpass API https://overpass-api.de/api/interpreter; clustered DBSCAN(eps=50 m, min_samples=1); k = 1.00 (geometric mean of the nine Tier-1 all-owner anchor ratios = 1.0002).",OSM live snapshot 2026-09-03,2026-09-03,WITHIN_ANCHOR_RURALITY_SPAN,1000000.0,1000.0,1.308985,3.734
PA,Pennsylvania,3371581.0,OFFICIAL_STATISTIC_FHWA_MV1_2024_REGISTERED_AUTOMOBILES,OFFICIAL_STATISTIC_FHWA_MV1_2024_REGISTERED_AUTOMOBILES,https://www.fhwa.dot.gov/policyinformation/statistics/2024/mv1.cfm,13579.0,13579.0,13579.0,STI_V2_CALIBRATED_MEASUREMENT_NOT_A_CENSUS,AGENCY_ALL_OWNER_CENSUS,ALL_OWNER (agency inventory; owner/maintainer field proves the extent),AGENCY_COUNT_NO_SAMPLING_ERROR,"Count 13,579 from a third-party (NEPA Alliance) ArcGIS mirror of the PennDOT Traffic Signal Asset Management System permit register; 13,579 distinct TSAMS_ID, all STATUS_COD='6', 7,563 non-isolated + 6,016 isolated, COUNTY groups to exactly 67. PennDOT permits every signal in PA -> ALL OWNER. NOT the official PennDOT service: the official service gis.penndot.gov/arcgis/rest/services/tsams/tsams/MapServer layers 3+4 (8,155 + 6,682, disjoint on TSAMS_ID, 14,837 distinct non-removed) returns 13,831 with STATUS='Operational'. OWNER DECISION OPEN between the two vintages; the registered table is used here and 292,300 is carried as the audit alternate.","third-party mirror snapshot, ArcGIS dataLastEditDate 2021-09-14","2026-09-03 (mirror re-retrieved and reproduced exactly; official PennDOT service also retrieved live the same day, returning 13,831)",WITHIN_ANCHOR_RURALITY_SPAN,1000000.0,1000.0,3.371581,13.579
RI,Rhode Island,308699.0,OFFICIAL_STATISTIC_FHWA_MV1_2024_REGISTERED_AUTOMOBILES,OFFICIAL_STATISTIC_FHWA_MV1_2024_REGISTERED_AUTOMOBILES,https://www.fhwa.dot.gov/policyinformation/statistics/2024/mv1.cfm,1023.0,768.0,1363.0,STI_V2_CALIBRATED_MEASUREMENT_NOT_A_CENSUS,OSM_CLUSTER_50M_CALIBRATED,ALL_OWNER by construction (OpenStreetMap is a volunteer survey with no owner filter); residual error is under-mapping of sparse rural signals,CALIBRATED_ESTIMATE_95PCT_PREDICTION_INTERVAL,"OpenStreetMap contributors (ODbL). Nodes highway=traffic_signals inside area[""ISO3166-2""=""US-RI""][admin_level=4], Overpass API https://overpass-api.de/api/interpreter; clustered DBSCAN(eps=50 m, min_samples=1); k = 1.00 (geometric mean of the nine Tier-1 all-owner anchor ratios = 1.0002).",OSM live snapshot 2026-09-03,2026-09-03,WITHIN_ANCHOR_RURALITY_SPAN,1000000.0,1000.0,0.308699,1.023
SC,South Carolina,1720378.0,OFFICIAL_STATISTIC_FHWA_MV1_2024_REGISTERED_AUTOMOBILES,OFFICIAL_STATISTIC_FHWA_MV1_2024_REGISTERED_AUTOMOBILES,https://www.fhwa.dot.gov/policyinformation/statistics/2024/mv1.cfm,4163.0,4163.0,4163.0,STI_V2_CALIBRATED_MEASUREMENT_NOT_A_CENSUS,AGENCY_ALL_OWNER_CENSUS,ALL_OWNER (agency inventory; owner/maintainer field proves the extent),AGENCY_COUNT_NO_SAMPLING_ERROR,"SCDOT Signal_Locations_2019; Maintained = SCDOT Districts 1-7 (2,846) PLUS municipal maintainers -> ALL OWNER. CAVEAT: 2019 vintage, so the true 2026 count is higher. The audit alternate uses SCDOT Traffic_Signal_lat_long, Has_Signal='X', dataLastEditDate 2021-11-01, which gives 4,218. OWNER DECISION OPEN; see PA.","agency register, 2019 layer (see citation)",2026-09-03,WITHIN_ANCHOR_RURALITY_SPAN,1000000.0,1000.0,1.720378,4.163
SD,South Dakota,282489.0,OFFICIAL_STATISTIC_FHWA_MV1_2024_REGISTERED_AUTOMOBILES,OFFICIAL_STATISTIC_FHWA_MV1_2024_REGISTERED_AUTOMOBILES,https://www.fhwa.dot.gov/policyinformation/statistics/2024/mv1.cfm,672.0,504.0,895.0,STI_V2_CALIBRATED_MEASUREMENT_NOT_A_CENSUS,OSM_CLUSTER_50M_CALIBRATED,ALL_OWNER by construction (OpenStreetMap is a volunteer survey with no owner filter); residual error is under-mapping of sparse rural signals,CALIBRATED_ESTIMATE_95PCT_PREDICTION_INTERVAL,"OpenStreetMap contributors (ODbL). Nodes highway=traffic_signals inside area[""ISO3166-2""=""US-SD""][admin_level=4], Overpass API https://overpass-api.de/api/interpreter; clustered DBSCAN(eps=50 m, min_samples=1); k = 1.00 (geometric mean of the nine Tier-1 all-owner anchor ratios = 1.0002).",OSM live snapshot 2026-09-03,2026-09-03,WITHIN_ANCHOR_RURALITY_SPAN,1000000.0,1000.0,0.282489,0.672
TN,Tennessee,2253028.0,OFFICIAL_STATISTIC_FHWA_MV1_2024_REGISTERED_AUTOMOBILES,OFFICIAL_STATISTIC_FHWA_MV1_2024_REGISTERED_AUTOMOBILES,https://www.fhwa.dot.gov/policyinformation/statistics/2024/mv1.cfm,5145.0,3862.0,6854.0,STI_V2_CALIBRATED_MEASUREMENT_NOT_A_CENSUS,OSM_CLUSTER_50M_CALIBRATED,ALL_OWNER by construction (OpenStreetMap is a volunteer survey with no owner filter); residual error is under-mapping of sparse rural signals,CALIBRATED_ESTIMATE_95PCT_PREDICTION_INTERVAL,"OpenStreetMap contributors (ODbL). Nodes highway=traffic_signals inside area[""ISO3166-2""=""US-TN""][admin_level=4], Overpass API https://overpass-api.de/api/interpreter; clustered DBSCAN(eps=50 m, min_samples=1); k = 1.00 (geometric mean of the nine Tier-1 all-owner anchor ratios = 1.0002).",OSM live snapshot 2026-09-03,2026-09-03,WITHIN_ANCHOR_RURALITY_SPAN,1000000.0,1000.0,2.253028,5.145
TX,Texas,7281613.0,OFFICIAL_STATISTIC_FHWA_MV1_2024_REGISTERED_AUTOMOBILES,OFFICIAL_STATISTIC_FHWA_MV1_2024_REGISTERED_AUTOMOBILES,https://www.fhwa.dot.gov/policyinformation/statistics/2024/mv1.cfm,24007.0,18021.0,31981.0,STI_V2_CALIBRATED_MEASUREMENT_NOT_A_CENSUS,OSM_CLUSTER_50M_CALIBRATED,ALL_OWNER by construction (OpenStreetMap is a volunteer survey with no owner filter); residual error is under-mapping of sparse rural signals,CALIBRATED_ESTIMATE_95PCT_PREDICTION_INTERVAL,"OpenStreetMap contributors (ODbL). Nodes highway=traffic_signals inside area[""ISO3166-2""=""US-TX""][admin_level=4], Overpass API https://overpass-api.de/api/interpreter; clustered DBSCAN(eps=50 m, min_samples=1); k = 1.00 (geometric mean of the nine Tier-1 all-owner anchor ratios = 1.0002).",OSM live snapshot 2026-09-03,2026-09-03,WITHIN_ANCHOR_RURALITY_SPAN,1000000.0,1000.0,7.281613,24.007
UT,Utah,970972.0,OFFICIAL_STATISTIC_FHWA_MV1_2024_REGISTERED_AUTOMOBILES,OFFICIAL_STATISTIC_FHWA_MV1_2024_REGISTERED_AUTOMOBILES,https://www.fhwa.dot.gov/policyinformation/statistics/2024/mv1.cfm,2278.0,2278.0,2278.0,STI_V2_CALIBRATED_MEASUREMENT_NOT_A_CENSUS,AGENCY_ALL_OWNER_CENSUS,ALL_OWNER (agency inventory; owner/maintainer field proves the extent),AGENCY_COUNT_NO_SAMPLING_ERROR,"UDOT Statewide Traffic Signals, Type=Signal, ALL owners (1,362 UDOT + 1,014 city/county/other), 2026-09-03","agency register, see citation",2026-09-03,WITHIN_ANCHOR_RURALITY_SPAN,1000000.0,1000.0,0.970972,2.278
VA,Virginia,2833864.0,OFFICIAL_STATISTIC_FHWA_MV1_2024_REGISTERED_AUTOMOBILES,OFFICIAL_STATISTIC_FHWA_MV1_2024_REGISTERED_AUTOMOBILES,https://www.fhwa.dot.gov/policyinformation/statistics/2024/mv1.cfm,7726.0,5800.0,10292.0,STI_V2_CALIBRATED_MEASUREMENT_NOT_A_CENSUS,OSM_CLUSTER_50M_CALIBRATED,ALL_OWNER by construction (OpenStreetMap is a volunteer survey with no owner filter); residual error is under-mapping of sparse rural signals,CALIBRATED_ESTIMATE_95PCT_PREDICTION_INTERVAL,"OpenStreetMap contributors (ODbL). Nodes highway=traffic_signals inside area[""ISO3166-2""=""US-VA""][admin_level=4], Overpass API https://overpass-api.de/api/interpreter; clustered DBSCAN(eps=50 m, min_samples=1); k = 1.00 (geometric mean of the nine Tier-1 all-owner anchor ratios = 1.0002).",OSM live snapshot 2026-09-03,2026-09-03,WITHIN_ANCHOR_RURALITY_SPAN,1000000.0,1000.0,2.833864,7.726
VT,Vermont,164231.0,OFFICIAL_STATISTIC_FHWA_MV1_2024_REGISTERED_AUTOMOBILES,OFFICIAL_STATISTIC_FHWA_MV1_2024_REGISTERED_AUTOMOBILES,https://www.fhwa.dot.gov/policyinformation/statistics/2024/mv1.cfm,309.0,232.0,412.0,STI_V2_CALIBRATED_MEASUREMENT_NOT_A_CENSUS,OSM_CLUSTER_50M_CALIBRATED,ALL_OWNER by construction (OpenStreetMap is a volunteer survey with no owner filter); residual error is under-mapping of sparse rural signals,CALIBRATED_ESTIMATE_95PCT_PREDICTION_INTERVAL,"OpenStreetMap contributors (ODbL). Nodes highway=traffic_signals inside area[""ISO3166-2""=""US-VT""][admin_level=4], Overpass API https://overpass-api.de/api/interpreter; clustered DBSCAN(eps=50 m, min_samples=1); k = 1.00 (geometric mean of the nine Tier-1 all-owner anchor ratios = 1.0002).",OSM live snapshot 2026-09-03,2026-09-03,RURAL_HIGH_RECALL_RISK_TREAT_AS_LOWER_BOUND,1000000.0,1000.0,0.164231,0.309
WA,Washington,2535919.0,OFFICIAL_STATISTIC_FHWA_MV1_2024_REGISTERED_AUTOMOBILES,OFFICIAL_STATISTIC_FHWA_MV1_2024_REGISTERED_AUTOMOBILES,https://www.fhwa.dot.gov/policyinformation/statistics/2024/mv1.cfm,6253.0,4694.0,8330.0,STI_V2_CALIBRATED_MEASUREMENT_NOT_A_CENSUS,OSM_CLUSTER_50M_CALIBRATED,ALL_OWNER by construction (OpenStreetMap is a volunteer survey with no owner filter); residual error is under-mapping of sparse rural signals,CALIBRATED_ESTIMATE_95PCT_PREDICTION_INTERVAL,"OpenStreetMap contributors (ODbL). Nodes highway=traffic_signals inside area[""ISO3166-2""=""US-WA""][admin_level=4], Overpass API https://overpass-api.de/api/interpreter; clustered DBSCAN(eps=50 m, min_samples=1); k = 1.00 (geometric mean of the nine Tier-1 all-owner anchor ratios = 1.0002).",OSM live snapshot 2026-09-03,2026-09-03,WITHIN_ANCHOR_RURALITY_SPAN,1000000.0,1000.0,2.535919,6.253
WI,Wisconsin,1626951.0,OFFICIAL_STATISTIC_FHWA_MV1_2024_REGISTERED_AUTOMOBILES,OFFICIAL_STATISTIC_FHWA_MV1_2024_REGISTERED_AUTOMOBILES,https://www.fhwa.dot.gov/policyinformation/statistics/2024/mv1.cfm,4305.0,3232.0,5735.0,STI_V2_CALIBRATED_MEASUREMENT_NOT_A_CENSUS,OSM_CLUSTER_50M_CALIBRATED,ALL_OWNER by construction (OpenStreetMap is a volunteer survey with no owner filter); residual error is under-mapping of sparse rural signals,CALIBRATED_ESTIMATE_95PCT_PREDICTION_INTERVAL,"OpenStreetMap contributors (ODbL). Nodes highway=traffic_signals inside area[""ISO3166-2""=""US-WI""][admin_level=4], Overpass API https://overpass-api.de/api/interpreter; clustered DBSCAN(eps=50 m, min_samples=1); k = 1.00 (geometric mean of the nine Tier-1 all-owner anchor ratios = 1.0002).",OSM live snapshot 2026-09-03,2026-09-03,WITHIN_ANCHOR_RURALITY_SPAN,1000000.0,1000.0,1.626951,4.305
WV,West Virginia,398614.0,OFFICIAL_STATISTIC_FHWA_MV1_2024_REGISTERED_AUTOMOBILES,OFFICIAL_STATISTIC_FHWA_MV1_2024_REGISTERED_AUTOMOBILES,https://www.fhwa.dot.gov/policyinformation/statistics/2024/mv1.cfm,1068.0,802.0,1423.0,STI_V2_CALIBRATED_MEASUREMENT_NOT_A_CENSUS,OSM_CLUSTER_50M_CALIBRATED,ALL_OWNER by construction (OpenStreetMap is a volunteer survey with no owner filter); residual error is under-mapping of sparse rural signals,CALIBRATED_ESTIMATE_95PCT_PREDICTION_INTERVAL,"OpenStreetMap contributors (ODbL). Nodes highway=traffic_signals inside area[""ISO3166-2""=""US-WV""][admin_level=4], Overpass API https://overpass-api.de/api/interpreter; clustered DBSCAN(eps=50 m, min_samples=1); k = 1.00 (geometric mean of the nine Tier-1 all-owner anchor ratios = 1.0002).",OSM live snapshot 2026-09-03,2026-09-03,RURAL_HIGH_RECALL_RISK_TREAT_AS_LOWER_BOUND,1000000.0,1000.0,0.398614,1.068
WY,Wyoming,166107.0,OFFICIAL_STATISTIC_FHWA_MV1_2024_REGISTERED_AUTOMOBILES,OFFICIAL_STATISTIC_FHWA_MV1_2024_REGISTERED_AUTOMOBILES,https://www.fhwa.dot.gov/policyinformation/statistics/2024/mv1.cfm,431.0,324.0,574.0,STI_V2_CALIBRATED_MEASUREMENT_NOT_A_CENSUS,OSM_CLUSTER_50M_CALIBRATED,ALL_OWNER by construction (OpenStreetMap is a volunteer survey with no owner filter); residual error is under-mapping of sparse rural signals,CALIBRATED_ESTIMATE_95PCT_PREDICTION_INTERVAL,"OpenStreetMap contributors (ODbL). Nodes highway=traffic_signals inside area[""ISO3166-2""=""US-WY""][admin_level=4], Overpass API https://overpass-api.de/api/interpreter; clustered DBSCAN(eps=50 m, min_samples=1); k = 1.00 (geometric mean of the nine Tier-1 all-owner anchor ratios = 1.0002).",OSM live snapshot 2026-09-03,2026-09-03,WITHIN_ANCHOR_RURALITY_SPAN,1000000.0,1000.0,0.166107,0.431
