Year,ATS Total Power (kWh)_p05,ATS Total Power (kWh)_p50,ATS Total Power (kWh)_p95,ATS Emissions (kg CO2)_p05,ATS Emissions (kg CO2)_p50,ATS Emissions (kg CO2)_p95,EV Fraction_p05,EV Fraction_p50,EV Fraction_p95,Clean Energy Fraction_p05,Clean Energy Fraction_p50,Clean Energy Fraction_p95,ECAV Sensing Power (kWh)_p05,ECAV Sensing Power (kWh)_p50,ECAV Sensing Power (kWh)_p95,ECAV Computing Power (kWh)_p05,ECAV Computing Power (kWh)_p50,ECAV Computing Power (kWh)_p95,ECAV Communication Power (kWh)_p05,ECAV Communication Power (kWh)_p50,ECAV Communication Power (kWh)_p95,STI Sensing Power (kWh)_p05,STI Sensing Power (kWh)_p50,STI Sensing Power (kWh)_p95,STI Computing Power (kWh)_p05,STI Computing Power (kWh)_p50,STI Computing Power (kWh)_p95,STI Communication Power (kWh)_p05,STI Communication Power (kWh)_p50,STI Communication Power (kWh)_p95,ECAV Sensing Emissions (kg CO2)_p05,ECAV Sensing Emissions (kg CO2)_p50,ECAV Sensing Emissions (kg CO2)_p95,ECAV Computing Emissions (kg CO2)_p05,ECAV Computing Emissions (kg CO2)_p50,ECAV Computing Emissions (kg CO2)_p95,ECAV Communication Emissions (kg CO2)_p05,ECAV Communication Emissions (kg CO2)_p50,ECAV Communication Emissions (kg CO2)_p95,STI Sensing Emissions (kg CO2)_p05,STI Sensing Emissions (kg CO2)_p50,STI Sensing Emissions (kg CO2)_p95,STI Computing Emissions (kg CO2)_p05,STI Computing Emissions (kg CO2)_p50,STI Computing Emissions (kg CO2)_p95,STI Communication Emissions (kg CO2)_p05,STI Communication Emissions (kg CO2)_p50,STI Communication Emissions (kg CO2)_p95
2024,1194454.830781795,4284735.897653639,8048234.790266965,1943938.4046002734,7066365.242146209,13167178.109200425,0.01531584051810509,0.035867609615081474,0.06674093409602791,0.5271743754256081,0.6616303342996994,0.7437989209391118,2600.9164703273427,8672.881115133889,20952.10935391134,17859.94484062299,88424.57770672021,253968.37173610553,546.7062777221907,1329.4642263889916,2538.6992506286197,0.0,0.0,0.0,0.0,0.0,0.0,0.0,0.0,0.0,589.5113054672739,1673.0570666113076,4423.068261401838,4084.345723190479,16735.67507487188,45320.121322873594,114.11833097335274,260.1791692058585,583.5565720323469,0.0,0.0,0.0,0.0,0.0,0.0,0.0,0.0,0.0
2025,374000701.1461613,546729764.5406113,858564456.8764888,339108197.83163935,551993955.8543345,886534711.8264871,0.01638794935437245,0.03837834228813718,0.07141279948274987,0.5535330941968885,0.6947118510146844,0.7809888669860674,45165.14626103424,154136.342280045,440556.29056737514,2517909.902362955,7328895.32135134,18664313.889177777,8948.622131904369,25472.88018152975,47625.84785497341,999769.9022243044,2285053.400539689,4313853.330584006,132889221.21505311,204466269.77039486,384355181.70363426,1794048.8867319073,3460729.2478296384,5745680.855992477,8755.31064848387,28366.104706286453,87250.02888685768,429920.7854173052,1322867.9636294162,3306903.587854574,1847.2405188818573,4429.628295099919,10148.388506886642,188187.46124828918,410910.21862625796,917460.5607662072,24096879.06200888,35799561.57088427,71899584.33719116,342265.62777768425,617320.5901714248,1170242.91018492
2026,840924326.6765451,1201670671.6939507,1940941817.9288085,826403738.5537729,1375668609.512436,2289702189.2822185,0.017535105809178518,0.04106482624830678,0.07641169544654236,0.5812097489067329,0.7294474435654186,0.8200383103353708,139670.6612043187,475034.4586909554,1364813.7256699018,7069408.391944159,20410702.63942578,52193514.753079616,27628.582436394878,78685.05055350003,147942.0936682763,1989738.1387405272,4547704.316760361,8585413.981456405,236656388.47414896,369619983.6327463,695795780.8543653,3570509.058888011,6887529.777543301,11435031.50751444,24377.98826955167,80288.22808406793,251591.471022784,1117926.905135906,3189125.2108318573,8407874.076537319,5257.319558032715,12755.324173349469,28218.181951875587,342465.99912498577,756795.115235072,1720194.4539243039,38678102.1426404,57812927.03983998,116687584.26912032,613973.7320103223,1119706.8994808886,2144402.1814995715
2027,1334575390.3073497,1941457897.4867437,3289507130.0688925,1322299079.8856626,2371055945.397956,4022974022.644645,0.018762563215821017,0.04393936408568826,0.08176051412780032,0.6102702363520696,0.7659198157436896,0.8610402258521394,295984.3671705272,1005551.3807044402,2892997.312155536,13335657.585570222,37803508.75363524,99850336.14215232,58500.25572081168,166712.00734582686,313838.2847820596,2979611.2226004144,6810137.754038683,12856564.063254323,317863582.4096774,501904684.1366993,952305839.5478711,5346798.483238256,10314000.933888093,17123835.316413227,47430.755420683796,152812.87881415943,467775.9347960866,1940412.4668706781,5340884.027036265,14191914.978251554,10248.724037055299,24252.833002037944,57109.286281984634,465070.2814118363,1037010.8305897346,2328517.747479138,45207226.8641671,70403198.27582839,144418452.47158328,790432.8771752507,1517823.69234278,2920943.851793873
2028,1818412701.892301,2729809699.854386,4505769653.602649,1826002480.1507058,3477966820.6239805,5775868034.227621,0.02007594264092849,0.04701511957168644,0.08748375011674636,0.6407837481696732,0.8042158065308742,0.9040922371447464,525641.1857493556,1785243.3347775415,5138751.986042416,21024142.17178604,58104783.92011008,159832561.17497927,103870.72703587286,296064.1477859074,557636.4847982691,3969292.1720811613,9072132.05295583,17126885.114762843,373389811.4386022,610493207.0514221,1163060916.3579183,7122743.129786896,13739807.012134489,22811534.92841476,76613.16114320746,245340.98423413627,759363.4294752908,2759103.9959350848,7430679.881077748,19728982.38804543,16029.8585341571,37722.72536752849,95845.94112879602,517185.45577017183,1217799.5089155775,2645399.357929297,46274973.455542155,74946211.94735464,154314163.4104335,875720.3115003111,1781497.3043911373,3497659.7445611726
2029,2237797948.860686,3541491113.3982773,5661204180.876146,2318722587.9919868,4530434031.874746,7762406518.890062,0.021481258625793486,0.0503061779417045,0.09360761262491861,0.6728229355781569,0.8444265968574179,0.9492968490019839,841843.7014063672,2858559.7502693348,8230395.446228664,28298142.013054565,83179701.53990765,223260688.12039682,166367.90035037982,474161.7915259899,893272.0493859104,4958775.448143653,11333674.55359862,21396353.235880274,418269531.7789249,698975543.9604934,1336197621.732751,8898333.058939895,17164928.83875604,28498098.510643363,110008.28067225058,341627.42326110235,1096050.3073138245,3282210.375834412,8929624.351196397,24126895.80954498,20945.939414262633,52481.87829568901,126456.64280817141,539072.0605319978,1326346.0049153704,2648887.1136409454,40276174.250048116,72867505.2947153,150520807.1650108,862493.412516664,1885889.3466040092,4029160.0716334954
2030,2557070918.5863514,4283273920.6600623,6791276927.391056,2778338004.333166,5498608352.976216,9833189385.466444,0.02298494672959903,0.05382761039762381,0.10016014550866292,0.7064640823570648,0.8866479267002889,0.9966873615391552,1259453.3529078586,4276155.141767537,12313617.006906988,37111477.27972644,110579380.71520025,292095102.8558243,248858.54624833548,709393.208376317,1336556.2981366257,5948055.300964421,13594752.114289507,25664943.61700285,453158475.68567914,771052433.9440055,1476809026.0733335,10673557.95285875,20589346.51059081,34183493.01884499,126719.32854873319,443675.5328389907,1450820.319710012,3180282.3959423658,9490883.275215149,27071303.640377503,23021.370497744854,63682.92495528559,159740.66413546284,500350.3482824786,1252089.7777009164,2680560.8844047114,35628028.64454926,65892853.43990074,146095425.1457448,803746.0816994637,1881313.0618601693,4230995.139058777
2031,2893442415.6562524,4989283486.284294,7928690713.718292,3194189925.70255,6410667346.637383,11859732167.465538,0.024593893000670965,0.057595543125457484,0.10717135569426933,0.741787286474918,0.9309803230353033,1.0,1795366.4372183706,6094947.117792054,17552746.69197202,47089353.93691044,140890779.53323072,371401552.3109327,354725.8052366884,1011236.6354458447,1905297.3569336005,6937125.760105828,15855351.08911978,29932630.496610623,480294445.6182659,829798054.9817069,1591938821.6754675,12448407.09782126,24013039.36081527,39867684.14089528,122551.66477276315,498475.6095668812,1729726.6325096416,2670099.64002538,9987525.030970465,30007629.124738194,21629.097199665775,73326.12628655489,194937.51640396606,419856.2771941905,1142930.9133489132,2877632.949992356,28512147.971407212,56844198.87210977,130517357.8699503,583869.8206157523,1798631.226045445,4181582.53053279
2032,3161635380.1982694,5610158748.68997,9109671261.485714,3567184360.2591352,7267344380.506523,13714601363.595896,0.026315465510717933,0.061627231144239514,0.11467335059286819,0.778876650798664,0.9775293391870685,1.0,2468564.076402868,8379346.845181332,24133052.475499548,57777327.000191234,173526411.9890507,463272779.59808236,487705.1371132304,1390335.7564619156,2619610.1657436746,7925980.624055994,18115457.304042213,34199387.11613384,507000664.47985685,876148549.4238341,1686204259.023378,14222869.365451327,27435985.922736436,45550636.23668544,108039.56062048773,541833.7334427531,1889482.249843964,2459187.940856209,8838869.046215229,32717372.794140626,19762.57086511308,86082.14538539082,205934.44728206968,275682.88355668023,1019969.6880337459,3068284.3820010936,20448145.007829066,46985025.355048925,122979869.715232,587918.4906363825,1639983.891903696,3952360.5900518764
2033,3382173497.619109,6196443411.425369,10262951014.450878,3928068326.2019773,8184111419.756224,15461290746.1595,0.028157548096468192,0.06594113732433629,0.12270048513436897,0.8178204833385971,1.0,1.0,3300377.244562463,11201803.62508292,32262540.149353735,69284575.53007305,206744956.63949186,562831061.902488,651968.2050087235,1858740.6408605818,3501959.2570374217,8914613.449180093,20375056.03161837,38465185.67227945,520779895.3794597,911670304.5756519,1763386022.6540112,15996933.192892475,30858163.89154651,51232312.274625294,142505.9293968955,616378.0199652838,1983659.227799396,2873712.9768115086,9020578.078989381,30708374.09295565,26118.038771735068,90901.25853007284,231399.9526451733,250530.47234791997,862456.7014611317,3161146.1385420184,14386894.688806796,43919499.967868954,112644882.06601481,559015.2442597116,1507371.513580441,3810982.1261458173
2034,3571313226.30449,6723482370.650391,11302965599.60036,4250132592.588362,8761700988.878075,16990155045.537691,0.03012857646322097,0.07055701693703982,0.13128951909377481,0.8587115075055269,1.0,1.0,4314774.224467154,14643508.438765889,42175438.011406906,81458931.98265554,240764196.74822813,661221706.425765,852317.8320203911,2429898.658275448,4577528.115802168,9903017.5380457,22634131.9643353,42729997.266656816,529272863.7395844,934003172.4653006,1826579791.2132926,17770586.561858132,34279550.08391078,56912673.76454908,142970.3119942198,703827.1248167868,2248942.5899196933,2624636.8959211945,9506820.534728503,32135454.39530981,29337.333569779174,107515.8400988332,280179.32605798374,272631.251177395,898867.9058563669,2419623.2887717476,13070748.260508798,41379857.154009506,105035800.85610068,479496.39599790133,1529197.939596477,3697559.183913427
2035,3735209004.2311225,7119388729.919174,12168475342.791796,4537887788.782131,9401854548.083,17927037338.702244,0.032237576815646436,0.07549600812263263,0.14047978543033907,0.9016470828808034,1.0,1.0,5538812.744797818,18795579.427118115,54133451.0284503,94264576.13400802,275237872.25360096,687183725.9638345,1093993.1243500279,3104001.3401346584,5806279.698994121,10891185.927081427,24892669.186398342,46993791.85252666,535987151.20043606,951311236.6376333,1878320341.136068,19543816.976485547,37700120.39524767,62591680.68678956,183517.5048473644,871350.2885824173,2886654.4009770164,2813515.9272865844,10608148.957593136,36691752.85716499,36699.81491596386,130441.42536935632,356921.9198954647,299835.64450920036,949503.1221074235,2451121.6492969734,13388262.963234436,38638830.525597446,96956219.50724144,527342.7397372046,1614016.5791703542,4066518.552923396
2036,3879264291.000935,7588004497.334066,13075607840.166569,4711735189.514678,9716360278.650494,19414900557.46874,0.03449420719274169,0.0807807286912169,0.1503133704104628,0.9467294370248436,1.0,1.0,7000293.024450733,23595576.027077947,67635554.71829668,107694103.01448768,306761516.1585976,775241777.1726449,1382972.0561530672,3895071.8339272696,7191147.356024464,11879111.373525051,27150651.14390002,51256538.17848413,542691774.6455185,966351063.8547506,1920683167.6590939,21316611.43991465,41119849.754549325,68269291.41716884,231899.19091189082,1098289.1953251474,3649115.005679262,3031043.75515224,11466627.441561647,41449343.23935961,46408.894501980445,157363.54690723255,446613.9779158939,327033.34960253746,1011905.206800971,2666212.168844421,13642848.658514267,39301793.058478326,98457470.15384038,575177.3203854198,1760421.9440424584,4435387.212752133
2037,4008050625.6894946,7541164047.434444,13457611401.607916,4833966311.359513,9914975824.14272,20479078923.601303,0.03690880169623361,0.08643537969960209,0.16083530633919518,0.9940659088760859,1.0,1.0,8671923.07650077,29146600.740632318,82769184.57737163,111894745.37875485,329709319.5580585,864631087.357094,1709418.7399316758,4809680.432048764,8777186.371707119,12866786.34161412,29408060.6132576,55518203.72887352,547799967.4952767,981899557.707206,1955367695.9274125,23088956.429507688,44538712.07658008,73945462.64763577,289178.1123629791,1347573.8157048803,4553753.522061429,3374067.574739491,12191821.572007902,41469365.22223477,57934.60288240693,194802.25843837776,546936.5299502246,354224.1589969691,1096038.8941964563,2614947.655123039,13846999.217383755,38469982.88904422,99647404.64341384,622999.773066798,1881847.4779801464,4804162.349719104
2038,3883908412.446249,7531520488.893267,13487488485.55163,4586469887.353621,9531441130.782116,20349267965.25572,0.03949241781496996,0.09248585627857425,0.17209377778293888,1.0,1.0,1.0,10546188.14139275,35977996.35169473,99696672.9856079,125675474.35250261,330977633.59714216,955695531.3780828,2075851.2554492964,5840303.871261781,10720184.759621447,13854202.987968521,31664879.667803835,59778754.660716206,551692140.8246244,995235172.0904462,1983765417.2000542,24860837.870618757,47956680.211277805,79620149.30225958,356565.5287609091,1663383.9520467527,5564886.3936327705,3579513.513125488,13156194.626080073,44865348.82015748,71554.048356648,236015.82295071147,613824.6728673143,381407.8567633081,1157553.9054254398,2669154.762241282,14010722.538478823,38963334.05334826,100579432.5622828,670809.7180109839,2026263.2999517843,4818504.314602051
2039,3530293980.8253837,7457958077.253071,13319897091.17239,4226786590.6438513,9399554372.775955,19796324684.710163,0.04225688706201786,0.09895986621807445,0.1841403422277446,1.0,1.0,1.0,12646604.183533596,43792234.30251953,118776279.55161485,114753072.53308743,345641251.16906416,1000034604.7931256,2515222.1606486756,7085700.561480509,12974096.521393096,14841353.146110782,33921089.64240675,64038155.73691816,554657977.3704344,1006105250.781714,2007015681.041529,26632241.108816065,51373725.890170544,85293304.44826777,430679.5987434669,2028998.7588481184,6022148.581232296,3270700.580601675,12957379.228835694,44135420.865292445,86577.58728715524,284309.7621572025,692371.7661106611,408584.2180774575,1240032.8124972691,2857248.470362904,14142036.542724757,38929197.034787156,101309588.88695891,718606.7598034982,2170640.1463659974,4200181.124995038
2040,3375995515.3221607,7091394629.476175,12981319859.337032,3787291034.7988276,8906067015.279255,18966997076.8246,0.04521486915635912,0.10588705685333967,0.19703016618368674,1.0,1.0,1.0,15007363.436991096,52653369.164758354,140995980.25291067,97947371.80426694,338764966.38055134,1030781674.6150174,3008304.417075428,8542969.792698385,15508833.70212144,15828228.310065612,36176671.09598526,68296370.25550449,556918092.8608421,1014969364.3659112,2026051379.6954238,28403150.880452007,54789819.66960591,90964879.20179294,513336.60332989396,2429147.149584379,6791330.174884645,3073679.942493406,12629816.947397448,42646544.26763599,103627.70589606563,330641.367478658,827453.0282114107,435753.0087689054,1321657.9781748094,3047241.0892898375,14231847.476078654,39287817.556436434,101881709.22976029,766390.4865916425,2314976.7731710295,4448941.885157149
2041,3106401783.663737,6729750666.3753,12383314833.757008,3381081825.161587,8271321241.340572,17979677432.736515,0.04837990999730425,0.11329915083307344,0.2108222778165448,1.0,1.0,1.0,17645243.615975544,62468068.36762518,165803502.33656257,82315100.98759893,318789390.7218225,1081855469.474507,3558276.2298048036,10067698.982232098,18343037.278325263,16814819.61697598,38431603.77177674,72553359.97461054,558640519.4586529,1022200707.4777211,2041636355.7542963,30173551.2814683,58204930.87057618,96634822.62796712,605363.0304909268,2851060.7541477354,7988111.564895074,2738547.8969469834,12720936.810862007,41819861.95538818,122716.11324411884,388533.58557156683,978522.0572370838,462913.98484214337,1404038.4092901978,3237179.0602275943,14265143.707798583,39584287.75541937,102330090.23171799,814160.4692427826,2459271.884118951,4726249.446234859
2042,2868494137.2587037,6409232741.250403,11806622670.830502,3065922017.0203137,7691108889.9357815,16857511035.481659,0.05176650369711556,0.1212300913913886,0.22557983726370298,1.0,1.0,1.0,20586561.781302724,73033228.4843472,193456516.81919062,72638422.81674005,308896453.1587037,1119117157.875876,4175510.8533786093,11758415.639274884,21506824.030041028,17801117.828668058,40685866.55520223,76809085.03293735,559953250.7599679,1028102467.8878298,2054396032.5348544,31943425.734314997,61619027.51490489,102303081.63497546,707661.6907706701,3309432.5678336266,9319482.602026336,2414479.686080874,12361406.430222385,43531010.20675611,144051.30898929722,453009.52193447837,1147194.950417368,490066.89196914644,1486394.3669379286,3427060.604648451,14289971.801017653,39789725.8760485,102681568.98047328,861916.2604517371,2603524.128069418,5003474.6251553595
2043,2670690421.9437776,6101273879.062618,11319176279.280375,2777885384.648441,7162873554.105133,15919842423.593107,0.05539015895591365,0.12971619778878582,0.2413704258721622,1.0,1.0,1.0,23857497.567873105,85029301.81742914,224237089.77982986,63842687.51390177,293877762.76075196,1144471655.124865,4862314.442859571,13596058.238643218,25033184.463746704,18787113.312092174,42939437.42916275,81063503.86535746,560953790.6261181,1032921068.2476537,2064842494.9480345,33712756.95285257,65032076.25754267,107969600.86165044,821212.530679851,3811019.6447828393,10799509.491556408,2111187.1495432756,11633089.882568935,43429677.74428134,167861.0802549993,524716.0903820089,1335233.3273372264,517211.46495091106,1568725.0467577984,3616883.8680034196,14308485.386504538,39956826.84279382,102957148.4711309,909657.3937937437,2747732.0961290416,5280614.7142954515
2044,2514080305.810672,5844336187.76926,10961612022.56551,2582162277.099947,6707387028.755256,14927051384.217503,0.05926747008282761,0.13879633163400082,0.25826635568321354,1.0,1.0,1.0,27490095.912392125,97709799.4619495,258452932.04019776,55566229.1658091,264730913.4820929,1146126618.672437,5672990.730503818,15601406.953219946,28958156.890174516,19772796.018561378,45192293.42658734,85316573.11333254,561716422.3408372,1036856882.6594486,2073395026.2362566,35481526.90509626,68444042.31470102,113634322.55815572,947082.2579118041,4366897.575548524,12444365.66105887,1833922.8313423656,11012264.4587776,41332649.30765376,194393.8850277447,604358.2074899357,1544568.6504269466,544347.42714589,1651029.6096838664,3806646.9157252735,14322290.387332857,40092862.72621921,103173268.3322076,957383.3827192073,2891894.3186148955,5557666.8892060965
2045,2395840743.6559496,5564864107.897671,10447889974.739433,2465591849.999329,6326084903.698029,13986124145.832779,0.06341619298862554,0.1485120748483809,0.2763450005810385,1.0,1.0,1.0,31519379.475591235,111715143.63855445,296360616.64279747,49890437.43557885,247517013.1372745,1127052237.622589,6590387.594466049,17831754.56840551,33321022.491440427,20758155.461702958,47444410.580039516,89568247.52977745,562297742.9953903,1040072913.4306552,2080396923.8225672,37249716.77365095,71854889.38753091,119297186.45927341,1086432.9320509904,4982831.49238041,14270147.744816553,1584916.4573289813,10506570.667162098,40653181.78910463,223922.608148642,692704.1591157336,1777308.372010523,571474.4898629943,1733307.180103405,3996347.728983781,14332584.31014845,40203701.892818645,103342798.33031908,1005093.7194861284,3036009.2618297897,5834628.2024151
2046,2335012765.8810997,5312908137.045018,9942673912.198889,2398189788.2075386,5796396928.174575,13113986824.320572,0.06785532649782935,0.15890792008776758,0.29568915062171125,1.0,1.0,1.0,35983398.88455918,127197998.58046553,338382711.29809463,44209860.05650556,235950406.1319997,1102817186.7620153,7609693.526523638,20375734.47306063,38164744.591382846,21743180.694031656,49695763.868173495,93818479.87797737,562740877.5769244,1042701819.3787956,2086129268.3805323,39017306.91367263,75264579.58103034,124958129.64977041,1240526.8366573954,5663925.079940244,16294395.458224526,1370913.2326215326,9916740.485798255,39504064.31563872,256745.45258436722,790592.7680813451,2035752.4085894276,598592.3517166523,1815556.8439007623,4185984.2001755973,14340260.112326002,40294084.86926311,103475815.21210766,1052787.8740257975,3180075.324635961,6111495.576842403
2047,2327334737.306545,5124552811.832584,9465943935.249916,2365332361.139755,5278069160.555325,12314735185.367092,0.0726051993526774,0.1700314744939113,0.31638739116523107,1.0,1.0,1.0,40923722.30352476,144296427.79151058,384925537.89919525,35073578.31073859,218665584.16084123,1074250550.7983913,8740767.846098443,23211272.893700276,43536258.706729956,22727860.282046095,51946327.15881515,98067220.82413279,563078688.0767336,1044851611.3912799,2090822198.1135037,40784276.80818002,78673073.31784007,130617086.42127743,1410794.9758846527,6418983.4819109235,18535193.47662845,1173296.7691048093,9459448.27241631,38074170.1532926,293211.78451595723,899043.4549653623,2322517.7406388973,625700.6979412109,1897777.6463779141,4375554.128129849,14345983.654005608,40367845.01702523,103580210.19864051,1100465.2927369834,3324090.834812766,6388265.798800275
2048,2304315134.14521,4810623457.353175,9023164314.648985,2357351415.415196,5017654759.855358,11731483279.581095,0.07768756330736482,0.18193367770848512,0.33853450854679723,1.0,1.0,1.0,46385618.65076554,163160417.0569095,436423693.25152165,28801149.06295191,206657454.3281603,1042081923.5110132,9994351.379236126,26348169.337997757,49486742.646877915,23712182.27974217,54196073.148424685,102314418.82307358,563336217.5352817,1046610270.0150067,2094664140.2336404,42550605.02052521,82080329.2465594,136273988.12007025,1598681.0570467915,7252367.835229116,21014386.18063762,1000355.3975396618,8980908.783589572,36452851.90915139,333657.18482595694,1018960.4524175941,2640259.2440117993,652799.1996617554,1979968.5900428274,4565055.213008939,14350251.452830845,40428085.24865973,103662164.10292494,1148125.3972034717,3468054.045182852,6664935.510548544
2049,2338512217.856823,4629292332.638364,8602280942.176092,2278329721.466627,4806231472.532539,11053852670.716936,0.08312569273888036,0.19466903514807907,0.36223192414507305,1.0,1.0,1.0,52691521.301130556,184202041.5543332,494328596.0300937,24028111.78296842,190492376.4220512,1003532146.649079,11382174.83382022,29815078.274191044,56072046.552479416,24696134.20042837,56444973.29767835,106560019.99664682,563532551.597136,1048049490.7659273,2097809369.7475789,44316269.14381741,85486304.14418429,141928762.9850925,1805808.02983815,8199688.855437564,23801598.875620928,850139.9003923339,8135331.283854398,34706898.52144333,378471.1355764386,1151429.6865594643,2991973.5151836285,679887.5131181829,2062128.6322560394,4754485.05088245,14353433.750738706,40477319.69506895,103726518.96036865,1195767.5828293853,3611963.1294899723,6941501.202372554
2050,2383113590.5888433,4474779066.867886,8284837110.264874,2220439564.8668056,4636513455.879546,10415272241.131062,0.088944491230602,0.20829586760844462,0.38758815883522824,1.0,1.0,1.0,59794997.54499422,207758648.98306197,558316736.5620309,19985363.146174308,176426299.89365113,963482627.7346712,12917005.608569589,33643149.95356039,63353060.64327979,25679702.986719016,58692997.762885645,110803968.00424191,563682236.5302706,1049227723.2906096,2100384198.6055677,46081245.74707695,88890952.81223819,147581335.97550642,2033941.018473728,9267702.084352367,26881398.488912582,721035.5345951368,7232008.208953384,32883334.906641077,428078.60600437847,1298910.3182422877,3380929.2546031023,706965.2788391118,2144256.6827250915,4943841.127950267,14355806.62818227,40517587.39800514,103777068.74918641,1243391.2173862788,3755816.178010311,7217959.204148971
2051,2436272388.471277,4397992036.295116,8193105723.268859,2239730401.4091206,4527142671.793612,9926589753.047798,0.09517060561674413,0.22287657834103575,0.41471932995369415,1.0,1.0,1.0,67643540.70108096,233711892.38973865,628964687.2790602,16584406.855120955,160609958.58480358,922567328.4739363,14612773.497873226,37866372.45750646,71568882.87320776,26662874.978571057,60940115.32293482,115046203.90487446,563796359.480245,1050192638.6185298,2102492043.3671901,47845510.31787858,92294227.96613044,153231628.58700064,2284998.6578887976,10446814.23404798,30281489.58188557,651070.1214800521,6453023.606589228,31085905.101329245,484411.35121970234,1466016.6097359373,3820300.9760525087,734032.1207619313,2226351.6008356,5133120.814389036,14357575.951194732,40550543.65050164,103816786.8457934,1290995.6394655071,3899611.1928776656,7494305.676361675
2052,2455492281.607657,4316743950.150135,8150646920.330675,2102177963.7757895,4423081388.615601,9499674999.221052,0.10183254800991623,0.23847793882490825,0.44374968305045287,1.0,1.0,1.0,76307096.35410745,262282163.37536022,706912266.1576684,13749087.910442775,145677761.45380095,881317559.8645623,16484579.720958525,42460555.10456069,80644116.03093056,27645635.87921921,63186293.30143501,119286666.01020162,563883371.4805073,1050983133.0198104,2104217574.5792577,49609037.20122329,95696080.11724013,158879558.65601885,2561060.495246717,11747488.706745354,34032083.15481106,542503.8279666852,5695022.323592957,29301462.211744208,546722.5457541761,1650502.324101723,4305760.068139164,761087.6452949925,2308412.192806838,5322321.357794018,14358895.22832774,40577533.45870207,103848004.00682189,1338580.1568288316,4043346.0831012516,7770536.6005269475
2053,2485654144.6294713,4326860760.698002,8092598211.56102,1971771356.0133665,4282368299.411381,8994354956.502592,0.10896082637061039,0.25517139454265186,0.4748121608639846,1.0,1.0,1.0,85862193.2026898,293717801.52555084,792834041.8800381,11245418.449650764,131143304.31133112,840174328.6058381,18549208.178925075,47434832.849293776,90660410.82839057,28627970.718852255,65431497.48369543,123525289.72779076,563949714.525465,1051630956.2265086,2105630114.2483182,51371799.53435688,99096457.44718039,164525040.15100765,2861089.832430121,13181110.171693718,38166056.44119064,427496.00473844394,5045384.733234579,27542851.42760741,615588.4990273034,1854439.8317035346,4841698.325736419,788131.4403176109,2390437.2086587045,5511439.876186072,14359878.926274372,40599650.68786235,103872547.65847936,1386144.044649652,4187018.659253127,8046647.768983708
2054,2510069468.960965,4273387209.4348593,7862481706.076087,1899541207.7216196,4069286870.326255,8768325825.814905,0.1165880842165531,0.2730333921606375,0.5080490121244635,1.0,1.0,1.0,96391952.7132685,328516510.37280273,883846194.7555264,9172870.450125027,117009953.02485204,799501726.7248873,20824377.657837525,52899361.88106715,101706670.28612442,29609863.81586001,67675692.02815238,127762007.39390637,564000299.3887216,1052162035.020179,2106786417.6461353,53133769.17722907,102495305.67365402,170167982.94970262,3190372.5803883383,14703248.059902374,42719235.87201177,356694.66318086814,4516034.0534078125,25830262.351983268,691637.9205926826,2077509.4112180257,5432900.23108959,815163.0741131924,2472425.3389758426,5700473.350550941,14360612.399101086,40623730.4815965,103891850.92115967,1433686.5436366175,4330626.627800336,8322634.7740009725
2055,2481292570.9437704,4254562112.1922626,7562818286.713974,1837997268.3408766,4001707266.823096,8067407496.754396,0.12474925011171184,0.2921457296118822,0.543612442973176,1.0,1.0,1.0,107986837.78333709,367056608.83580446,983216239.2860178,7464487.880926871,104908510.743404,759596836.9861317,23329619.585439276,58898569.06196938,113879839.82071753,30591298.735466685,69918839.37182233,131996748.09501906,564038869.7369193,1052597549.6572894,2107732951.0034,54894916.6382627,105892567.90726158,175808292.60139433,3551520.285443337,16366910.096892733,47730616.13249679,297412.1423489659,3973705.482675977,24718387.57041398,775557.6902673718,2320839.938535746,6084582.94564649,842182.0942304038,2554375.211453525,5889418.616875378,14361159.292298485,40655014.249498665,103907037.95854175,1481206.8580306843,4474167.585054761,8598492.996150656
2056,2458325877.292875,4225370701.6239653,7299151958.071386,1713398139.4514127,3846981479.6096325,7391752675.964188,0.1334816976195317,0.3125959306847139,0.5816653139812984,1.0,1.0,1.0,120745279.4700701,409421569.28823733,1092211438.2132,6061545.981792767,93983078.75240922,720699291.8415215,26086187.03784739,65480766.221301004,127285474.0595337,31572258.24555045,72160900.12932426,136229437.47717398,564068279.6149423,1052954809.6720842,2108507756.435477,56655210.99507363,109288184.49856986,181445870.0730229,3947366.4449512674,18192266.673043486,53242646.16195528,247917.92189906817,3487453.330063613,23849915.88574817,868096.2030721988,2588027.5084561454,6802432.209536909,869188.0262668806,2636285.387208583,6078272.357641547,14361567.06384274,40680632.832078725,103918990.8033952,1528704.1534659357,4617639.01071148,8874217.591889495
2057,2439471314.147107,4223713192.8777966,7176571423.584758,1599432699.9686131,3775584842.05765,6844831505.834507,0.1428254164528989,0.33447764583264394,0.6223818859599893,1.0,1.0,1.0,134774352.80727273,455961185.26540905,1211695670.6302834,4913268.59495196,84056890.06703858,682999503.3015268,29117196.519611694,72698433.69603465,142038575.8165795,32552724.26943225,74401832.98497456,140459997.54228187,564090704.9257599,1053247966.7606249,2109141978.894197,58414619.80975203,112682092.87468909,187080611.4778555,4380984.573647102,20193867.251452696,59301532.60399032,206709.41154729854,3055011.9177742368,22974444.742885843,970069.8339838393,2881453.1696252385,7583887.574542907,896180.3725694977,2718154.3568372717,6267031.092737963,14361871.101141028,40699589.474431895,103928401.68912438,1576177.5546836506,4761038.260943821,9149803.4802891
2058,2423171708.7805853,4257413540.773934,7025877828.352506,1479319464.7666895,3588559677.8531065,6450125982.555965,0.1528231956046018,0.35789108104092904,0.6659486179771886,1.0,1.0,1.0,150190767.72723368,507055648.98467076,1342607415.1005228,3976235.5579865845,74755163.37294203,646625715.6419603,32447844.119510952,80621645.27549629,158264401.60359687,33532677.835398536,76641594.57741731,144688346.43031722,564107804.6148361,1053488595.3049911,2109661116.388215,60173109.03828287,116074227.36454454,192712407.7853931,4855827.67460796,22393155.798401847,65955246.325036086,170997.69375510197,2715515.2198951887,22098313.55467746,1082419.466839217,3203497.6186333103,8420279.80090767,923158.6108447236,2799980.5362004144,6455691.169741629,14362097.790950095,40715408.69272521,103935814.03810559,1623626.1430882365,4904362.561020754,9425245.328847984
2059,2411846327.916159,4278918922.2704935,6977172224.395178,1290843879.5556915,3499422502.7819023,6340908061.86656,0.16352081929692394,0.38294345671379404,0.7125650212355917,1.0,1.0,1.0,167327258.4590732,563118226.9228787,1485965584.68654,3213658.872365229,66068340.372872606,611709397.1239235,36150093.4697766,89300835.19261366,176099238.3904241,34512099.02270226,78880139.37620533,148914398.18632096,564120843.5272894,1053686165.3168237,2110086043.6180604,61930642.933646806,119464519.01195762,198341144.5110381,5375405.243877833,24802425.671003714,73260484.32630885,141309.3210127218,2371616.539361709,21228068.386791993,1206072.5790018109,3556746.515177772,9337168.073722327,950122.1926720219,2881762.2619144814,6644248.753522184,14362266.808544366,40728612.18822716,103941654.57150899,1671048.9541326368,5047608.997409206,9700537.538313707
2060,2417478941.2163143,4323744843.416077,6965148114.495035,1087117398.9051416,3324275893.822163,6449971840.6594715,0.17496727664770864,0.4097494986837597,0.7624445727220833,1.0,1.0,1.0,186144032.5618046,624598050.0793021,1642877454.8329659,2594603.1631866894,58309387.86126572,578331256.4006617,40215238.56163086,98865891.2548627,195691531.54953656,35490966.903764546,81117419.54969731,153138062.51100963,564130786.0561672,1053848427.9017172,2110433850.0860224,63687183.94210317,122852895.37557536,203966701.3839271,5943636.191169027,27440394.028892316,81276765.2028543,116670.7159514545,2127008.3136334633,20368765.900937226,1342088.1384502186,3944008.6418243945,10341767.549329177,977070.5419126556,2963497.7865254274,6832699.815114604,14362392.824692128,40739634.46989687,103946258.46867618,1718444.9745197818,5190774.5093206875,9975674.226437142
2061,2424259333.186899,4335055114.217308,6960634038.622464,869234133.2634906,3255025789.9647913,6200911715.563364,0.18721498601304826,0.43843196359162284,0.8158156928126291,1.0,1.0,1.0,206801346.77923775,691983009.0765648,1815047907.9184098,2093219.7159032975,52811422.523084626,543735458.7294449,44676202.92886673,109625284.46728091,217202766.61069253,36469259.482275374,83353384.82358226,157359244.4936892,564138367.5295151,1053981729.5586104,2110718526.3011699,65442692.592114195,126239280.31460458,209588951.99119538,6564766.82833674,30330817.82984307,90174309.9795617,96255.53158932092,1906987.978925521,19524674.36490059,1491619.7238077763,4368335.6074795555,11441434.374284722,1004003.0530055928,3045185.2733400958,7021040.119802383,14362486.778502002,40748837.505443074,103949889.08453494,1765813.1392054725,5333855.879658134,10250649.210574022
2062,2430193163.009387,4320524370.096285,6960913558.141311,669239820.7330526,3153200861.3033023,5980591865.535107,0.20032003503396165,0.4691222010430365,0.8729227913095132,1.0,1.0,1.0,229458342.72523108,765803368.9576352,2003339977.8500504,1688027.0860038882,48011575.29488757,510725857.2102604,49568774.73910231,121421629.31537282,240808705.50658584,37446953.626865454,85587982.32928121,161577844.32605955,564144148.6303594,1054091268.5604503,2110951525.6078944,67197127.37532155,129623593.7592151,215207763.396789,7243401.190518307,33492702.570166856,99932780.18646808,79365.13092634373,1683908.4804519557,18541027.430032115,1655924.933275072,4833039.941492034,12642826.156825557,1030919.0891414843,3126822.790887814,7209265.214348079,14362556.826547537,40756522.896773405,103952753.40541472,1813152.328186825,5476849.725315011,10525455.989041679
2063,2434567526.111752,4309636633.8902645,6963210938.063351,454701642.73664814,2567185534.1543064,5769661063.944777,0.214342437486339,0.5019607551160491,0.9340273867011791,1.0,1.0,1.0,254295142.78023353,846634964.0338423,2209171891.904524,1361258.3955813523,43328608.95653179,479315371.96590376,54931810.80045459,134348540.02080917,266700600.7942318,38424024.999992535,87821156.44141115,165793756.9953698,564148556.8839898,1054181304.1762462,2111142224.1782131,68950444.61893563,133005751.46437803,220822995.73277408,7984522.731058192,36949980.55693199,110630141.23194279,65410.81222365781,1499806.3177774681,17551266.71801739,1836373.8280297304,5341719.3513491,13956998.118499503,1057817.980304896,3208408.306982398,7397370.413302548,14362609.050599307,40762942.00052995,103955014.16701068,1860461.3630589985,5619752.486774491,10800087.72113065
2064,2459514788.454167,4304606014.461851,6964894504.275662,176933184.7459608,2445883924.8965073,5564350231.456859,0.22934640811038273,0.5370980079741725,0.9979826169957231,1.0,1.0,1.0,281507501.76390773,935757843.0699761,2431927629.6996245,1098101.0329383013,38750041.73904179,449501613.0524441,60807536.93166572,148507739.2772122,295502293.9037898,39400447.98165423,90052848.60342485,170006871.95525092,564151918.2871453,1054255327.4789872,2111298297.6236694,70702598.34884118,136385664.7457958,226434501.76091418,8793537.871378725,40728617.511496186,122351159.31528915,53888.42863458639,1337969.6236562966,16599828.578738676,2035155.8141619104,5898068.460968465,15393903.026786773,1084699.0211741144,3289939.682352171,7585350.784318193,14362647.985356191,40768304.34250489,103956799.3575258,1907739.0033214334,5762560.416951982,11074537.205662174
2065,2513257559.843993,4332105756.878773,6846867975.740334,161815180.22368255,2303210172.9880996,5375072835.179219,0.2454006566781095,0.5746948685323647,1.0,1.0,1.0,1.0,311308061.7336842,1033290319.092496,2586262255.957668,886753.6129807523,33488596.692996345,419662215.2738161,67241820.48763207,164009765.1949235,327083815.6178776,40376195.58750509,92282997.14046067,174217072.7724033,564154481.4224031,1054316200.8489763,2111426029.338329,72453540.14266136,139763240.19646204,232042126.40208885,9676296.889189553,44555014.77093914,135187943.8681325,43792.056715005405,1193598.9432294932,14744240.697199596,2247789.345025587,6506504.930197217,16964663.55645982,1111561.4688668977,3371414.663802726,7773201.132384887,14362677.011954581,40772784.61518659,103958209.67200312,1954983.9424131399,5905269.5692192335,11348796.857972791
2066,2567079067.2087274,4359429256.048174,6971622958.711658,162094853.23486635,2006387228.985046,5197254481.769745,0.2625787026455772,0.6149235093296301,1.0,1.0,1.0,1.0,343927503.9796936,1139979634.2177253,2670564781.4202776,717382.0214875154,28364302.85442576,375462622.4110604,74284419.0674718,174820593.55368054,361697522.1865067,41351239.38091786,94511537.05835181,178424236.74715486,564156435.8438072,1054366271.9554582,2111530562.9459739,74203218.9719552,143138379.38225973,237645706.2309094,10639145.583834652,49120574.790503845,143066898.19977164,35423.97315081869,1063997.7118017604,13036914.79751293,2480394.707783207,6990495.871215598,18680707.177519787,1138404.540519514,3452830.8768740483,7960915.982900088,14362698.65139181,40776528.49836633,103959324.36101441,2002194.8034547747,6047875.78454276,11622858.685196878
2067,2622374805.647116,4378503099.724863,6974307369.240204,123405376.3927364,1865504302.3364167,5026471451.888952,0.28095921183076766,0.6579681549827044,1.0,1.0,1.0,1.0,379616615.08727443,1255207058.3769684,2833483778.2529163,573649.8221310645,24118500.507965922,328519928.6485417,81990094.91401082,190090159.84295717,399473140.09985185,42325549.37848842,96738399.82765022,182628234.50572917,564157926.0951086,1054407466.922369,2111616108.9823895,75951581.0326497,146510978.51486367,243245068.9326557,11680433.750156863,52571869.696650624,148023220.427224,28314.96877353657,946604.3861550165,11495145.141341962,2734739.3292161273,7583818.152698109,20554740.150461722,1165227.41068528,3534185.8179501584,8148489.563476685,14362714.783318684,40779657.501873456,103960205.82074675,2049370.1346732636,6190374.677663339,11896714.259706283
2068,2678393079.0732493,4383004931.627544,6968931842.717183,118953896.97317517,1674815263.1166553,4976698051.326353,0.3006263566589214,0.7040259258314938,1.0,1.0,1.0,1.0,418647376.31884325,1360896299.6919703,3109737500.048821,458450.1450324039,21300636.758978676,287346837.1209905,90416922.12120415,207639381.6549664,439184210.89260805,43299093.94843833,98963513.15141767,186828929.56186834,564159062.3983511,1054441366.5092549,2111686114.1077173,77698569.56272717,149880928.10005882,248840032.71939474,12814897.47947833,57462202.9744137,162467098.9015203,22614.481456422942,841448.1746601682,10128929.476000825,3012742.322621449,7955612.682888776,21867339.05096594,1192029.208537572,3615476.845775731,8335915.784383532,14362726.809182104,40782272.995642975,103960903.19630165,2096508.4044825307,6332761.622236764,12170354.690553688
2069,2719451529.521849,4396743921.229055,6950376472.89078,114958826.85348271,1542370306.7376385,4702673289.22299,0.32167020162504584,0.7533077406396983,1.0,1.0,1.0,1.0,461314886.0798551,1496915856.9107754,3298120459.381982,365807.2572462257,18855028.048367023,251265392.7803962,99628549.76456864,222659059.63955986,482594275.8105373,44271839.701320514,101186800.71542488,191026177.8452447,564159928.8038684,1054469268.4276135,2111743399.6405826,79444124.64610069,153248112.55941477,254430405.7018665,14050700.329678897,63121573.37019728,170804062.75912562,18048.628442481586,752400.1506111224,8914684.682012634,3316590.5355319288,8422342.42188494,23766220.691095885,1218809.0148609392,3696701.172330008,8523188.217504162,14362735.77387162,40784459.564250864,103961455.2111416,2143607.9961915566,6475031.734848861,12443770.59275256
2070,2692610921.1153145,4429994785.035076,6916695567.757044,96035887.37598664,1191317424.2636104,4552962523.335676,0.3441871157387991,0.8060392824844773,1.0,1.0,1.0,1.0,507939724.5473841,1610308350.2743063,3418438724.8885856,291653.9057087756,16493163.59717449,219685489.8747737,109694121.40530056,238473650.13034016,499745819.04253155,45243751.37237961,103408181.91927665,195219827.19386366,564160589.4047556,1054492238.3350708,2111790274.9748437,81188183.00151427,156612409.82307312,260015985.21340796,15396184.914273323,67675871.79767233,175573616.78481323,13815.833822450442,674895.296428605,7840995.8877044115,3651006.231435462,8987645.139814962,25859907.0792876,1245565.8588124693,3777855.8530038767,8710300.073688868,14362742.45642394,40786287.79977834,103961892.38952462,2190667.202308352,6617179.857809966,12716952.054211399
2071,2657036406.305502,4418544300.727983,6868973283.153954,92849862.77728325,899463192.2946101,4396125738.372526,0.3682802138405151,0.8624620322583907,1.0,1.0,1.0,1.0,558869380.7565142,1768040219.3876154,3549512747.1929216,232497.591595578,14345930.192547541,200103588.2967987,120688578.68261719,254415269.58641458,514162762.51259005,46214791.69485986,105627571.58684719,199409716.80740687,564161093.0755703,1054511151.5798814,2111828630.4319985,82930677.75519867,159973690.89119965,265596557.08185342,16860617.2562121,69667555.71365574,180358164.73758584,10287.043239903876,604581.6872107675,6892494.099244682,4016245.0644042874,9384439.976463962,26591123.124255393,1272298.7144339422,3858937.776021079,8897244.178364012,14362747.437655352,40787816.62756662,103962238.8026791,2237684.218405629,6759200.540625408,12989888.600123586
2072,2696400578.90057,4430085460.191147,6901454192.725957,86552195.44863127,577329371.7764901,4228369621.4246454,0.3940598288093512,0.9228343745164782,1.0,1.0,1.0,1.0,614481088.7182189,1894395766.2241147,3655302723.8490996,185306.48814138587,12792187.623427084,187741437.8474958,132693276.32295714,267835312.50109646,528842196.4272912,47184921.2634896,107844879.65426303,203595676.65818912,564161477.0857807,1054526727.3858752,2111860013.2770805,84671538.19589977,163331819.36143246,271171894.84497964,18454019.866211243,73938553.06917453,189162057.89749956,7656.919341556812,510899.41899798263,6055331.062919076,4415002.345967178,10036375.491047181,27270537.61547084,1299006.4968935407,3939943.651039157,9084012.945250174,14362751.150590325,40789095.24341293,103962513.44120921,2284657.136510827,6901088.020029286,13262569.154596103
2073,2742286960.6904616,4484720730.477249,7040306715.761294,87943607.72288422,320439885.52470356,4046073912.61508,0.4216440168260058,0.9874327807326317,1.0,1.0,1.0,1.0,675201469.9297761,1993644904.677803,3797280461.224296,147646.49752420024,10991029.13294578,170387767.96016872,145796454.64407188,282110922.68483794,570465098.6654145,48154098.387301475,110060010.83351186,207777526.85609964,564161769.8552032,1054539556.8567405,2111885689.9502368,86410689.51076965,166686650.91941497,276741758.90466243,20187232.232922588,80530078.32567716,207014627.65567335,5698.108394043976,422185.27784088324,5310054.53179308,4850201.799837086,10947472.918285195,27913987.111611784,1325688.058433972,4020869.996859928,9270598.348027134,14362753.91806217,40790164.72747492,103962731.29408702,2331583.937979777,7042836.19845848,13534981.999280732
2074,2788413211.897955,4479097573.743665,7177527788.667667,84771689.26505573,299130262.1591281,3837936723.7362804,0.4511590980038262,1.0,1.0,1.0,1.0,1.0,741459390.223891,2135695046.7277846,4159654910.458794,117582.96043743407,9157536.746954216,150017032.45434698,155378055.74121994,295291293.9912166,622864856.9999039,49122278.930870555,112272864.24957971,211955076.96356934,564161993.0551888,1054550125.9250722,2111906697.0129545,88148052.50047475,170038032.78923783,282305895.61447227,22071981.30287754,84592371.46718198,214975036.03419232,4240.323750516817,348678.4967684307,4653176.7367012575,5218382.252661305,11835306.812999023,28557395.50734276,1352342.1840017373,4101713.128172859,9456991.889769172,14362755.980748609,40791059.389126055,103962904.19724657,2378462.485809582,7184438.6208327655,13807114.728749862
2075,2834738280.804674,4477381094.330107,7312876435.58837,85597771.4548235,266165138.39960772,3431047989.404328,0.48274023486409406,1.0,1.0,1.0,1.0,1.0,813736725.7118397,2334861628.7257204,4443475341.844587,93621.22704668569,7577480.459163991,131765464.97071584,159289507.99982,304233960.68595695,674235827.3357365,50089416.14296986,114483333.04882967,216128125.25624567,564162163.210922,1054558834.1651275,2111923882.8549643,89883543.27172475,173385803.1403256,287864036.29495674,24120944.926915206,89166389.7437399,220926899.54766068,3156.1582596718176,288126.925047657,4075669.308305754,5355361.021383814,12311285.392225489,29200779.813511267,1378967.5865299942,4182469.141247799,9643184.569957899,14362757.518075258,40791807.88785262,103963041.50120974,2425290.5163422413,7325888.449494606,14078954.202335577
2076,2876033458.6740594,4477824817.329048,7429719240.935941,86994149.66900134,228984672.9565089,3304439712.8408318,0.5165320513045807,1.0,1.0,1.0,1.0,1.0,891954995.7689706,2424144329.5970697,4551760387.784057,74563.04084643968,6264721.901869252,115400879.5559006,167211052.76965854,322666120.23527825,689850892.2268208,50546763.2766112,115528636.19371244,218101507.78286734,564162224.6196773,1054562231.4710239,2111930538.6935506,90704235.22707745,174968922.01426083,290492411.74860835,26306285.97161148,93187756.15758237,225163797.41518652,2350.058141217821,241057.44821220252,3565470.6433267235,5486387.2057181215,13010658.950228356,29794232.718793176,1391558.4075386417,4220657.653324544,9731232.767797865,14362758.060487723,40792104.38282446,103963093.1493882,2447434.908337761,7392778.310502155,14207503.70131011
2077,2913467910.1978126,4507657845.099576,7530191928.63797,86207037.03207017,230947472.69682276,3032375596.0729733,0.5526892948959014,1.0,1.0,1.0,1.0,1.0,975855446.0545478,2497290195.404697,4634631569.353011,55558.73488183464,5174854.32269641,100911921.26779582,179850968.36503392,340912445.82161933,702215110.1095626,50769425.602333926,116037548.59788945,219062261.46556732,564162247.4368489,1054563596.2540004,2111933192.5536106,91103794.2623027,175739673.38545534,291772052.8534361,28634084.49949144,95607475.82636866,228806342.06377167,1742.4592849834507,206153.04187861958,3308392.780585997,5682304.065799748,13389071.828769805,30335420.81856169,1397688.3278602653,4239249.970384015,9774099.586161083,14362758.257521443,40792225.31813368,103963113.163621,2458216.044723552,7425344.059631547,14270088.832617851
2078,2947550067.2192903,4565632295.89215,7615177153.862063,85525074.98681995,216574832.15822864,2711896954.610364,0.5913775455386145,1.0,1.0,1.0,1.0,1.0,1065760100.3596078,2555485415.156126,4704411313.584974,41435.06203982815,4256436.066374906,88121002.39474437,183193009.25403666,350590824.16911066,713345868.2995358,50879314.93249388,116288709.37699111,219536417.02061203,564162256.0310594,1054564152.1322693,2111934265.2124655,91300986.46622738,176120058.13004792,292403587.18865985,29992783.51145424,100517900.58364964,232212790.15644357,1291.9434722492,168040.96769588935,3064136.4769632774,6062923.522199946,13627933.721391663,30826824.936934367,1400713.594195244,4248425.735799897,9795255.41456956,14362758.33007588,40792275.32875317,103963121.03051156,2463536.800500051,7441416.057201726,14300976.133085309
2079,2978512470.279978,4585737816.262398,7685033637.850413,86627315.57184225,211165883.89516908,2352789047.607559,0.6327739737263175,1.0,1.0,1.0,1.0,1.0,1162001710.2281408,2601890867.0731516,4765414969.7199335,30945.09984799588,3487115.7357393196,78203415.02891105,193705388.34467286,357078727.04988253,723243054.5561509,50933906.37347704,116413482.44485542,219771970.69049412,564162259.2895374,1054564380.0786114,2111934701.6336613,91398948.72104527,176309027.8080421,292717324.3762469,30566430.588014003,104567666.33286338,235496230.6052519,957.2284799323348,137830.07024401,2648771.2027652743,6181400.799529952,13836092.606189974,31268438.03108837,1402216.5030613178,4252984.124275351,9805765.326281007,14362758.356969684,40792296.14946811,103963124.14511357,2466180.0755526493,7449400.394767137,14316320.500351394
2080,3006462532.990961,4595639896.256081,7742034867.180061,77705372.85365123,210303847.1951884,2087616648.8781736,0.6770681518871599,1.0,1.0,1.0,1.0,1.0,1196993517.5978518,2652970215.8268156,4817403267.781481,23169.816002339725,2851811.753001472,72709807.10364619,209637044.46145824,363920878.0158249,731842132.5213388,50961114.669358306,116475669.1629073,219889370.30169046,564162260.5290062,1054564473.8709546,2111934879.7723138,91447772.96833165,176403210.02450052,292873690.5405227,31108918.40289089,109373299.47932401,238406119.5477469,708.6026282187802,112512.45281156943,2282580.7763783983,6283528.586286356,14268763.984746069,31660253.628758855,1402965.5506844302,4255256.018553067,9811003.451202812,14362758.366970906,40792304.84707075,103963125.38301851,2467497.48004741,7453379.777157183,14323968.110987192
2081,3031670587.0857763,4603462955.587642,7783661189.314119,64395978.926009685,210873191.80508155,1869659058.386364,0.7244629225192611,1.0,1.0,1.0,1.0,1.0,1224121358.053438,2684415445.31642,4860754930.735269,17147.109739490632,2324822.7166939797,67092661.64237023,217770650.58252004,369819993.27532125,739155393.4815819,50974697.069936536,116506712.81661175,219947976.27076533,564162261.001242,1054564512.5318742,2111934952.6021383,91472146.067164,176450225.85367504,292951748.64049864,33453308.583216075,111747101.72496256,240937162.56559306,524.077171379288,91438.9191674751,1992754.2463711142,6377172.24912147,14512330.72485859,32002263.86102114,1403339.4757885113,4256390.149785907,9813618.32687445,14362758.370696165,40792308.48675239,103963125.87613569,2468155.12930444,7455366.28766528,14327785.803634133
2082,3053907597.466786,4634237520.860177,7809876336.15863,64962809.71302599,210188581.42893744,1625814291.3405972,0.7751753270956093,1.0,1.0,1.0,1.0,1.0,1274954145.3731318,2750460413.458001,4895373024.929001,12678.036545628234,1892225.907588244,58549149.17974,218921800.865564,376630173.3565594,745232780.1810722,50981482.846898414,116522222.24801946,219977255.85447997,564162261.1813087,1054564528.4830997,2111934982.4016113,91484322.88462669,176473714.9952755,292990746.5226075,34061205.02297848,112613058.68155006,243089322.57476676,387.1938070122733,74172.64020157671,1845485.5930716405,6462326.524040754,14687033.745991064,32294461.917639505,1403526.2890357084,4256956.762554191,9814924.720614543,14362758.372084878,40792310.01128014,103963126.07285292,2468483.6913396753,7456358.74972401,14329693.125588156
2083,3073180977.340348,4659916828.840364,7820625887.389007,65473959.119727656,210878315.67805952,1354871631.8521447,0.829437599992302,1.0,1.0,1.0,1.0,1.0,1315159738.0151002,2797290293.699082,4921257043.195408,9363.482021076388,1537312.8177091517,50982819.26633629,219643750.14573568,386191152.1278546,750074237.7983727,50984874.38123142,116529973.86871082,219991889.80339727,564162261.2499975,1054564535.0681095,2111934994.5994213,91490408.86339128,176485454.87865776,293010237.6813694,34298276.41967072,113257949.73775177,244862558.49121594,285.69955455059454,60177.638516833635,1646945.4321375983,6538985.986442187,14773301.461590894,32536840.465424616,1403619.658379453,4257239.955866901,9815577.65678483,14362758.37260278,40792310.65019039,103963126.15141106,2468647.906790504,7456854.782700821,14330646.405946098
2084,3089492171.8869534,4680473532.654266,7815853016.596358,65929291.69535535,205520168.5506457,1047001512.5006262,0.8874982319917633,1.0,1.0,1.0,1.0,1.0,1336665718.4309194,2813236334.2623568,4938275236.0211315,6906.362093249259,1246288.678045425,44172702.91906334,219936436.17630118,390439686.13469195,753679725.20182,50986569.81007108,116533848.90578368,219999205.3180277,564162261.2762052,1054564537.7874908,2111934999.5933487,91493451.24565902,176491323.6492219,293019981.3163849,34486477.41457713,113681530.71182056,246256836.4519743,210.47830780648937,49019.72490419727,1423070.7522162846,6607145.291731316,14863235.907016462,32729393.03235746,1403666.333737147,4257381.524272945,9815904.059735496,14362758.372795964,40792310.918038666,103963126.1828097,2468729.998134397,7457102.749706828,14331122.951029373
2085,3102847494.756207,4695878988.250059,7795507704.930983,66338812.41200875,200633260.87371963,706783128.0432211,0.9496231082311868,1.0,1.0,1.0,1.0,1.0,1407076137.1184921,2826599929.2624235,4946505587.981099,5085.687798609096,1007774.1323861289,38207738.548337825,219904718.8297618,401586258.92262423,756038611.5825249,50987417.43993547,116535786.2310619,220002862.7104991,564162261.2862055,1054564538.9107748,2111935001.638127,91494972.28506133,176494257.74181306,293024852.6479522,34625789.022347905,116857041.0476412,247272109.95639208,154.75208292528387,39732.69835710501,1218730.1370411946,6668305.27599284,15033986.319391437,32872111.498977803,1403689.6690881725,4257452.301415581,9816067.244932264,14362758.372868033,40792311.03035365,103963126.19536878,2468771.0397122335,7457226.720843067,14331361.199804464
2086,3113233691.162192,4709239310.335883,7759552634.606086,66690196.898988254,201193064.54835665,477213089.05016357,0.9994509907230235,1.0,1.0,1.0,1.0,1.0,1411025999.4029021,2844523982.178878,4945944909.43337,3737.178068058905,812389.855984623,32986004.15060258,232084497.89372563,403894360.86162895,757166314.77222,50987841.23373206,116536754.84539399,220004691.31553808,564162261.2900218,1054564539.3748528,2111935002.4754102,91495732.76683551,176495724.71494728,293027288.1922695,34716193.24713275,117307848.76992835,247908335.46985734,113.48434591525685,32076.422401642478,1039278.6683445289,6720654.48155045,15101201.78691989,32964988.1327029,1403701.33618182,4257487.688222078,9816148.833461637,14362758.372894919,40792311.07745826,103963126.20039582,2468791.5594777837,7457288.703319978,14331480.318251295
2087,3120648475.3743167,4721435616.579733,7719315758.25072,66983488.76376238,201508493.11895007,408447158.5677005,1.0,1.0,1.0,1.0,1.0,1.0,1414878326.8795817,2855120973.722991,4944969495.827748,2738.99468732244,653613.6203140746,28417347.427750748,248336761.5055635,405598864.07461417,757062798.3249661,50988053.12534687,116537239.14048417,220005605.5952601,564162261.291478,1054564539.5666144,2111935002.8182645,91496112.99824156,176496458.18322545,293028505.93406403,34757671.38183196,117683331.52526447,248188257.5001039,82.94523566311584,25873.245837035225,883467.6402750982,6764185.5249411175,15144055.253183521,33008014.800399814,1403707.1695831886,4257505.381184153,9816189.626709148,14362758.37290495,40792311.097216785,103963126.20240936,2468801.8191047367,7457319.693785688,14331539.875989648
2088,3125215840.465885,4731665160.334015,7674463358.863619,67221051.85927941,201825982.7053869,407251157.2639445,1.0,1.0,1.0,1.0,1.0,1.0,1418741757.9679174,2860405919.0985737,4957406446.910351,2000.4293070169524,521678.5354890479,24422116.925982907,254415964.20790267,407027918.71670914,756897807.1450824,50988159.069833465,116537481.28501043,220006062.729422,564162261.2920339,1054564539.6458633,2111935002.9586604,91496303.11157446,176496824.9127925,293029114.79737043,34750203.82435488,118867230.01707456,248111837.48108605,60.354339993227754,20867.56274153512,751113.6983485613,6799404.718600283,15187030.636990376,33001180.259379786,1403710.0862475107,4257514.227554904,9816210.023078626,14362758.372908695,40792311.10550581,103963126.20321643,2468806.94885426,7457335.188825367,14331569.654487574
2089,3126933922.543881,4738170285.353439,7624638533.908418,67402710.50989614,202291941.796673,408471570.18551093,1.0,1.0,1.0,1.0,1.0,1.0,1422616323.2431345,2867874559.655427,4973290741.369744,1454.1718296530623,415629.3805411515,20992251.30302159,254715275.4699961,408181467.2294266,756733059.2443004,50988212.04174656,116537602.35651886,220006291.29507816,564162261.292246,1054564539.6786184,2111935003.016151,91496398.16764835,176497008.27643305,293029419.22712606,34693749.9386553,119126091.77340193,248035664.63895455,43.97079160030573,16828.152551842482,638679.114723758,6826304.813459688,15230128.411889743,32994402.02736867,1403711.5445705813,4257518.650712708,9816220.221199792,14362758.372910088,40792311.10898363,103963126.2035401,2468809.513713034,7457342.936296913,14331584.543643724
2090,3128659798.5078993,4744792838.421544,7569459555.479156,67528405.79800844,202935544.1949695,409699568.3752839,1.0,1.0,1.0,1.0,1.0,1.0,1426502055.4288175,2873970070.231675,5004319277.5423975,1058.084055888163,331281.8568122371,17962072.52243186,255014991.5023915,413278001.4661531,756568560.3842126,50988238.527620554,116537662.89208442,220006405.57755005,564162261.2923269,1054564539.6921587,2111935003.0396934,91496445.6955372,176497099.95796755,293029571.44152945,34635365.19372763,119282753.85627386,249707434.95991945,31.908206213556763,13568.446886728627,543283.4302998591,6845217.702710949,15323199.030284833,32987680.332777075,1403712.2737298443,4257520.862284716,9816225.320244482,14362758.37291061,40792311.110442996,103963126.20367004,2468810.796138423,7457346.810020613,14331591.988198597
2091,3130392162.918521,4751516367.6722145,7508509697.368112,67654660.0553914,203581754.57370412,410934288.72485554,1.0,1.0,1.0,1.0,1.0,1.0,1430398985.8036826,2877375671.194978,5300984670.811667,770.7613065236533,263896.2676615255,15369027.220960284,255315112.32542583,414408023.1561254,756701736.2232335,50988251.77053692,116537693.15982002,220006462.71869698,564162261.2923578,1054564539.6977564,2111935003.0493336,91496469.45944455,176497145.79866338,293029647.5486125,34575050.09095419,119589014.31780384,266416666.47812298,23.15377688885461,10937.904494178245,462342.8727120348,6863799.186810316,15682145.867143359,32981015.046751983,1403712.6383089074,4257521.968068997,9816227.869762855,14362758.372910801,40792311.111055434,103963126.2037222,2468811.4373501195,7457348.746879445,14331595.710470233
2092,3132129999.396828,4758716115.447265,7429837275.398148,67781407.79784065,204230473.59503406,412175817.4031528,1.0,1.0,1.0,1.0,1.0,1.0,1434307144.040181,2880798990.9048023,5314405948.160556,562.3996337197069,210295.32832680977,13152757.675398665,255615640.15271986,415541909.4850818,757805553.9044701,50988258.39198995,116537708.29367605,220006491.28924817,564162261.2923696,1054564539.7000709,2111935003.0532815,91496481.34138902,176497168.71899343,293029685.6021244,34514844.03229011,120050723.80210724,268820414.89931107,16.80340905186173,8815.052613985568,393665.6036345924,6882434.126751249,15709126.526267162,32974407.305019524,1403712.820598297,4257522.520960706,9816229.144521048,14362758.372910876,40792311.11131249,103963126.20374316,2468811.757955717,7457349.715308106,14331597.5716046
